{"content":[{"id":"6547eb0","settings":{"layout":"full_width","gap":"no","height":"min-height","custom_height":{"unit":"vh","size":100,"sizes":[]},"custom_height_tablet":{"unit":"px","size":892,"sizes":[]},"custom_height_mobile":{"unit":"px","size":600,"sizes":[]},"column_position":"stretch","structure":"20","background_background":"classic","background_image":{"url":"","id":"","alt":"","source":"library"},"background_position":"center right","background_repeat":"no-repeat","background_size":"contain","_title":"Contact 01","__globals__":{"background_color":"globals\/colors?id=f3cfd47"},"reverse_order_tablet":"reverse-tablet","reverse_order_mobile":"reverse-mobile","overflow":"hidden","animation":"none"},"elements":[{"id":"a5c3d8","settings":{"_column_size":50,"_inline_size":51.535,"padding":{"unit":"%","top":"8","right":"6","bottom":"6","left":"12","isLinked":false},"padding_tablet":{"unit":"%","top":"10","right":"6","bottom":"8","left":"6","isLinked":false},"padding_mobile":{"unit":"%","top":"12","right":"6","bottom":"0","left":"6","isLinked":false},"_inline_size_tablet":100,"content_position":"space-between","space_between_widgets":0},"elements":[{"id":"237898a4","settings":{"gap":"no","margin":{"unit":"%","top":"","right":0,"bottom":"","left":0,"isLinked":true},"margin_tablet":{"unit":"%","top":"","right":"","bottom":"","left":"","isLinked":true},"margin_mobile":{"unit":"%","top":"","right":"","bottom":"","left":"","isLinked":true},"padding":{"unit":"%","top":"0","right":"0","bottom":"42","left":"0","isLinked":false},"padding_tablet":{"unit":"%","top":"0","right":"0","bottom":"10","left":"0","isLinked":false},"padding_mobile":{"unit":"%","top":"0","right":"0","bottom":"20","left":"0","isLinked":false}},"elements":[{"id":"4acdbfdd","settings":{"_column_size":100,"_inline_size":null,"space_between_widgets":0},"elements":[{"id":"24186089","settings":{"image":{"url":"","id":""},"title_text":"call us","description_text":"Got any question before purchase?<br>we are here for you at +23-4432423","image_space":{"unit":"px","size":0,"sizes":[]},"text_align":"left","text_align_mobile":"center","__globals__":{"title_typography_typography":"globals\/typography?id=secondary"},"text_align_tablet":"center","title_bottom_space":{"unit":"px","size":32,"sizes":[]},"title_bottom_space_tablet":{"unit":"px","size":15,"sizes":[]},"_margin":{"unit":"%","top":"0","right":"0","bottom":"10","left":"0","isLinked":false},"_margin_tablet":{"unit":"%","top":"0","right":"0","bottom":"0","left":"0","isLinked":false},"_margin_mobile":{"unit":"%","top":"0","right":"0","bottom":"12","left":"0","isLinked":false},"_element_width_tablet":"initial","_element_width_mobile":"inherit","_element_custom_width_tablet":{"unit":"%","size":50,"sizes":[]},"_element_custom_width_mobile":{"unit":"%","size":"","sizes":[]},"_animation":"fadeIn","_animation_delay":300,"__dynamic__":{"link":"[elementor-tag id=\"45be455\" name=\"contact-url\" settings=\"%7B%22link_type%22%3A%22tel%22%2C%22tel_number%22%3A%22%2B23-4432423%22%7D\"]"}},"elements":[],"isInner":false,"widgetType":"image-box","elType":"widget"},{"id":"2d777d1","settings":{"image":{"url":"","id":""},"title_text":"email us","description_text":"Don\u2019t hesitate to reach us out at any time<br>Ouble@info.com","image_space":{"unit":"px","size":0,"sizes":[]},"text_align":"left","text_align_mobile":"center","__globals__":{"title_typography_typography":"globals\/typography?id=secondary"},"text_align_tablet":"center","title_bottom_space":{"unit":"px","size":32,"sizes":[]},"title_bottom_space_tablet":{"unit":"px","size":15,"sizes":[]},"_margin":{"unit":"%","top":"0","right":"0","bottom":"10","left":"0","isLinked":false},"_margin_tablet":{"unit":"%","top":"0","right":"0","bottom":"0","left":"0","isLinked":false},"_margin_mobile":{"unit":"%","top":"0","right":"0","bottom":"12","left":"0","isLinked":false},"_element_width_tablet":"initial","_element_width_mobile":"inherit","_element_custom_width_tablet":{"unit":"%","size":50,"sizes":[]},"_element_custom_width_mobile":{"unit":"%","size":"","sizes":[]},"__dynamic__":{"link":"[elementor-tag id=\"0f47c6e\" name=\"contact-url\" settings=\"%7B%22link_type%22%3A%22email%22%2C%22mail_to%22%3A%22Ouble%40info.com%22%7D\"]"},"_animation":"fadeIn","_animation_delay":600},"elements":[],"isInner":false,"widgetType":"image-box","elType":"widget"},{"id":"784c7fb5","settings":{"title":"our locations","header_size":"h3","align_tablet":"center","_margin":{"unit":"px","top":"0","right":"0","bottom":"32","left":"0","isLinked":false},"_margin_tablet":{"unit":"px","top":"0","right":"0","bottom":"15","left":"0","isLinked":false},"_padding_tablet":{"unit":"%","top":"12","right":"0","bottom":"0","left":"0","isLinked":false},"_padding_mobile":{"unit":"%","top":"0","right":"0","bottom":"0","left":"0","isLinked":false},"__globals__":{"typography_typography":"globals\/typography?id=secondary"},"_animation":"fadeIn","_animation_delay":900},"elements":[],"isInner":false,"widgetType":"heading","elType":"widget"},{"id":"3fcaaa65","settings":{"text":"where to find","align":"left","selected_icon":{"value":"fas fa-circle","library":"fa-solid"},"icon_indent":{"unit":"px","size":10,"sizes":[]},"__globals__":{"button_text_color":"globals\/colors?id=accent","background_color":"globals\/colors?id=e361c3e","hover_color":"globals\/colors?id=text","typography_typography":"globals\/typography?id=accent"},"text_padding":{"unit":"px","top":"0","right":"0","bottom":"0","left":"0","isLinked":false},"_animation":"fadeIn","_animation_delay":900,"link":{"url":"","is_external":"","nofollow":"","custom_attributes":""},"align_tablet":"center"},"elements":[],"isInner":false,"widgetType":"button","elType":"widget"}],"isInner":true,"elType":"column"}],"isInner":true,"elType":"section"},{"id":"35375cb1","settings":{"view":"inline","icon_list":[{"text":"Instagram  ","selected_icon":{"value":"","library":""},"_id":"5f3db57"},{"text":"twitter","selected_icon":{"value":"","library":""},"_id":"f55d684"},{"text":"facebook","selected_icon":{"value":"","library":""},"_id":"8b32bf9"}],"space_between":{"unit":"px","size":82,"sizes":[]},"text_indent":{"unit":"px","size":0,"sizes":[]},"_margin":{"unit":"%","top":"","right":"","bottom":"","left":"","isLinked":true},"__globals__":{"text_color":"globals\/colors?id=primary","icon_typography_typography":"globals\/typography?id=accent"},"space_between_mobile":{"unit":"px","size":12,"sizes":[]},"_margin_mobile":{"unit":"%","top":"8","right":"0","bottom":"0","left":"0","isLinked":false},"icon_align_tablet":"center"},"elements":[],"isInner":false,"widgetType":"icon-list","elType":"widget"}],"isInner":false,"elType":"column"},{"id":"27072d","settings":{"_column_size":50,"_inline_size":48.439,"content_position":"bottom","background_background":"classic","background_image":{"url":"https:\/\/library.elementor.com\/eco-friendly-water-bottles-flexbox\/wp-content\/uploads\/sites\/165\/2022\/07\/contact-01-img.jpg","id":990,"alt":"","source":"library"},"background_position":"center center","background_repeat":"no-repeat","background_size":"cover","_inline_size_tablet":100,"background_position_tablet":"top center"},"elements":[{"id":"d51a89b","settings":{"editor":"<p>reach <span style=\"color: #ffffff;\">out<\/span><\/p>","align_tablet":"center","_margin":{"unit":"%","top":"0","right":"0","bottom":"15","left":"-109","isLinked":false},"_margin_tablet":{"unit":"%","top":"12","right":"0","bottom":"12","left":"0","isLinked":false},"_margin_mobile":{"unit":"%","top":"","right":"","bottom":"","left":"","isLinked":true},"_z_index":5,"__globals__":{"typography_typography":"globals\/typography?id=b228825","text_color":"globals\/colors?id=primary"},"_animation":"slideInLeft"},"elements":[],"isInner":false,"widgetType":"text-editor","elType":"widget"}],"isInner":false,"elType":"column"}],"isInner":false,"elType":"section"}],"settings":{"template":"elementor_canvas"},"metadata":[]}