{"content":[{"id":"1f01a34e","settings":{"content_width":{"unit":"px","size":900,"sizes":[]},"gap":"no","height":"min-height","custom_height":{"unit":"px","size":334,"sizes":[]},"padding":{"unit":"%","top":"0","right":"4","bottom":"0","left":"4","isLinked":false},"_title":"Team Title","custom_height_tablet":{"unit":"px","size":200,"sizes":[]},"padding_mobile":{"unit":"%","top":"0","right":"6","bottom":"0","left":"6","isLinked":false}},"elements":[{"id":"7d1f8a24","settings":{"_column_size":100,"_inline_size":null},"elements":[{"id":"60bca506","settings":{"title":"get to know our co-counders","align":"center","_animation":"fadeIn"},"elements":[],"isInner":false,"widgetType":"heading","elType":"widget"}],"isInner":false,"elType":"column"}],"isInner":false,"elType":"section"},{"id":"41fc6c20","settings":{"content_width":{"unit":"px","size":1590,"sizes":[]},"gap":"no","custom_height":{"unit":"px","size":803,"sizes":[]},"structure":"30","padding":{"unit":"%","top":"0","right":"4","bottom":"3","left":"4","isLinked":false},"_title":"Team Info","custom_height_tablet":{"unit":"px","size":600,"sizes":[]},"column_position":"stretch","content_position":"top","padding_tablet":{"unit":"%","top":"0","right":"4","bottom":"8","left":"4","isLinked":false},"padding_mobile":{"unit":"%","top":"0","right":"6","bottom":"20","left":"6","isLinked":false},"background_background":"classic","__globals__":{"background_color":"globals\/colors?id=f3cfd47"}},"elements":[{"id":"5b382d5b","settings":{"_column_size":33,"_inline_size":null,"padding":{"unit":"%","top":"0","right":"8","bottom":"0","left":"0","isLinked":false},"padding_mobile":{"unit":"%","top":"0","right":"0","bottom":"20","left":"0","isLinked":false},"motion_fx_translateY_speed":{"unit":"px","size":2,"sizes":[]},"animation":"slideInUp","animation_duration":"fast","padding_tablet":{"unit":"%","top":"0","right":"10","bottom":"0","left":"0","isLinked":false}},"elements":[{"id":"f81c1c3","settings":{"image":{"id":1547,"url":"https:\/\/library.elementor.com\/eco-friendly-water-bottles-flexbox\/wp-content\/uploads\/sites\/165\/2022\/07\/co-founder3.jpg","alt":"","source":"library"},"title_text":"mike grett","description_text":"Lorem ipsum dolor sit amet, consectetur adipiscing elit, adipiscing elit, sed do eiusmod tempor incididunt ut labore et dolore magna aliqua. Lorem ipsum dolor sit amet, consectetur ","image_space":{"unit":"px","size":40,"sizes":[]},"text_align":"left","title_bottom_space":{"unit":"px","size":15,"sizes":[]},"_padding":{"unit":"%","top":"","right":"","bottom":"","left":"","isLinked":true},"_padding_tablet":{"unit":"%","top":"","right":"","bottom":"","left":"","isLinked":true},"_border_width":{"unit":"px","top":"1","right":"1","bottom":"1","left":"1","isLinked":false},"__globals__":{"_border_color":"globals\/colors?id=primary","title_typography_typography":"globals\/typography?id=secondary"},"text_align_mobile":"center","image_space_tablet":{"unit":"px","size":30,"sizes":[]},"image_size":{"unit":"%","size":100,"sizes":[]}},"elements":[],"isInner":false,"widgetType":"image-box","elType":"widget"},{"id":"5a9b8ab6","settings":{"title":"co-founder","header_size":"p","align_mobile":"center","_margin":{"unit":"%","top":"4","right":"0","bottom":"0","left":"0","isLinked":false},"_margin_tablet":{"unit":"%","top":"","right":"","bottom":"","left":"","isLinked":true},"_margin_mobile":{"unit":"%","top":"","right":"","bottom":"","left":"","isLinked":true},"__globals__":{"typography_typography":"globals\/typography?id=b4c60c8"}},"elements":[],"isInner":false,"widgetType":"heading","elType":"widget"}],"isInner":false,"elType":"column"},{"id":"2d9f5af1","settings":{"_column_size":33,"_inline_size":null,"padding":{"unit":"%","top":"0","right":"4","bottom":"0","left":"4","isLinked":false},"padding_mobile":{"unit":"%","top":"0","right":"0","bottom":"20","left":"0","isLinked":false},"motion_fx_translateY_direction":"negative","motion_fx_translateY_speed":{"unit":"px","size":1,"sizes":[]},"animation":"slideInUp","animation_delay":200,"animation_duration":"fast","padding_tablet":{"unit":"%","top":"0","right":"5","bottom":"0","left":"5","isLinked":false}},"elements":[{"id":"62f41b12","settings":{"image":{"id":1548,"url":"https:\/\/library.elementor.com\/eco-friendly-water-bottles-flexbox\/wp-content\/uploads\/sites\/165\/2022\/07\/co-founder1.jpg","alt":"","source":"library"},"title_text":"alicia keys","description_text":"Lorem ipsum dolor sit amet, consectetur adipiscing elit, adipiscing elit, sed do eiusmod tempor incididunt ut labore et dolore magna aliqua. Lorem ipsum dolor sit amet, consectetur ","image_space":{"unit":"px","size":40,"sizes":[]},"text_align":"left","title_bottom_space":{"unit":"px","size":15,"sizes":[]},"_padding":{"unit":"%","top":"","right":"","bottom":"","left":"","isLinked":true},"_padding_tablet":{"unit":"%","top":"","right":"","bottom":"","left":"","isLinked":true},"_border_width":{"unit":"px","top":"1","right":"1","bottom":"1","left":"1","isLinked":false},"__globals__":{"_border_color":"globals\/colors?id=primary","title_typography_typography":"globals\/typography?id=secondary"},"text_align_mobile":"center","image_space_tablet":{"unit":"px","size":30,"sizes":[]},"image_size":{"unit":"%","size":100,"sizes":[]}},"elements":[],"isInner":false,"widgetType":"image-box","elType":"widget"},{"id":"5d04e10a","settings":{"title":"co-founder","header_size":"p","align_mobile":"center","_margin":{"unit":"%","top":"4","right":"0","bottom":"0","left":"0","isLinked":false},"_margin_tablet":{"unit":"%","top":"","right":"","bottom":"","left":"","isLinked":true},"_margin_mobile":{"unit":"%","top":"","right":"","bottom":"","left":"","isLinked":true},"__globals__":{"typography_typography":"globals\/typography?id=b4c60c8"}},"elements":[],"isInner":false,"widgetType":"heading","elType":"widget"}],"isInner":false,"elType":"column"},{"id":"276c661d","settings":{"_column_size":33,"_inline_size":null,"padding":{"unit":"%","top":"0","right":"0","bottom":"0","left":"8","isLinked":false},"padding_mobile":{"unit":"px","top":"0","right":"0","bottom":"0","left":"0","isLinked":false},"motion_fx_translateY_effect":"yes","motion_fx_translateY_speed":{"unit":"px","size":2,"sizes":[]},"animation":"slideInUp","animation_delay":400,"animation_duration":"fast","padding_tablet":{"unit":"%","top":"0","right":"0","bottom":"0","left":"10","isLinked":false}},"elements":[{"id":"39a37854","settings":{"image":{"id":1549,"url":"https:\/\/library.elementor.com\/eco-friendly-water-bottles-flexbox\/wp-content\/uploads\/sites\/165\/2022\/07\/co-founder2.jpg","alt":"","source":"library"},"title_text":"mia rose","description_text":"Lorem ipsum dolor sit amet, consectetur adipiscing elit, adipiscing elit, sed do eiusmod tempor incididunt ut labore et dolore magna aliqua. Lorem ipsum dolor sit amet, consectetur ","image_space":{"unit":"px","size":40,"sizes":[]},"text_align":"left","title_bottom_space":{"unit":"px","size":15,"sizes":[]},"_padding":{"unit":"%","top":"","right":"","bottom":"","left":"","isLinked":true},"_padding_tablet":{"unit":"%","top":"","right":"","bottom":"","left":"","isLinked":true},"_border_width":{"unit":"px","top":"1","right":"1","bottom":"1","left":"1","isLinked":false},"__globals__":{"_border_color":"globals\/colors?id=primary","title_typography_typography":"globals\/typography?id=secondary"},"text_align_mobile":"center","image_space_tablet":{"unit":"px","size":30,"sizes":[]},"image_size":{"unit":"%","size":100,"sizes":[]}},"elements":[],"isInner":false,"widgetType":"image-box","elType":"widget"},{"id":"f38d599","settings":{"title":"co-founder","header_size":"p","align_mobile":"center","_margin":{"unit":"%","top":"4","right":"0","bottom":"0","left":"0","isLinked":false},"_margin_tablet":{"unit":"%","top":"","right":"","bottom":"","left":"","isLinked":true},"_margin_mobile":{"unit":"%","top":"","right":"","bottom":"","left":"","isLinked":true},"__globals__":{"typography_typography":"globals\/typography?id=b4c60c8"}},"elements":[],"isInner":false,"widgetType":"heading","elType":"widget"}],"isInner":false,"elType":"column"}],"isInner":false,"elType":"section"}],"settings":{"template":"elementor_canvas"},"metadata":[]}