{"content":[{"id":"2682e1a8","settings":{"boxed_width":{"unit":"px","size":1450,"sizes":[]},"flex_gap":{"size":null,"column":"","row":"","unit":"px","isLinked":true},"padding":{"unit":"%","top":"0","right":"8","bottom":"0","left":"8","isLinked":false},"padding_tablet":{"unit":"%","top":"","right":"","bottom":"","left":"","isLinked":true},"padding_mobile":{"unit":"%","top":"0","right":"5","bottom":"0","left":"5","isLinked":false},"_title":"Hero","margin_mobile":{"unit":"%","top":"5","right":0,"bottom":"0","left":0,"isLinked":false},"flex_direction":"column","flex_align_items":"stretch"},"elements":[{"id":"73fa7e40","settings":{"title":"All-Natural & Fresh Pressed Juices","header_size":"h1","align":"center","__globals__":{"title_color":"globals\/colors?id=secondary"}},"elements":[],"isInner":false,"widgetType":"heading","elType":"widget"},{"id":"7b2135d7","settings":{"image":{"url":"https:\/\/library.elementor.com\/juice-bar-flexbox\/wp-content\/uploads\/sites\/206\/2022\/03\/HomePage-Hero.jpg","id":991,"alt":"","source":"library"},"image_size":"full","image_border_border":"solid","image_border_width":{"unit":"px","top":"6","right":"6","bottom":"6","left":"6","isLinked":true},"image_border_radius":{"unit":"%","top":"50","right":"50","bottom":"50","left":"50","isLinked":true},"image_border_radius_tablet":{"unit":"%","top":"","right":"","bottom":"","left":"","isLinked":true},"image_border_radius_mobile":{"unit":"%","top":"","right":"","bottom":"","left":"","isLinked":true},"__globals__":{"image_border_color":"globals\/colors?id=secondary"},"image_border_width_mobile":{"unit":"px","top":"4","right":"4","bottom":"4","left":"4","isLinked":true},"animation_duration":"slow"},"elements":[],"isInner":false,"widgetType":"image","elType":"widget"},{"id":"58f8823f","settings":{"text":"DISCOVER OUR MENU","align":"center","text_padding":{"unit":"px","top":"0","right":"0","bottom":"0","left":"0","isLinked":false},"__globals__":{"button_text_color":"globals\/colors?id=secondary","background_color":"globals\/colors?id=a274f70"},"hover_animation":"float","_animation":"pulse","link":{"url":"https:\/\/library.elementor.com\/juice-bar-flexbox\/menu\/","is_external":"","nofollow":"","custom_attributes":""},"__dynamic__":{"link":"[elementor-tag id=\"e3bcd3a\" name=\"internal-url\" settings=\"%7B%22type%22%3A%22post%22%2C%22post_id%22%3A%221267%22%7D\"]"}},"elements":[],"isInner":false,"widgetType":"button","elType":"widget"}],"isInner":false,"elType":"container"},{"id":"2480ba6c","settings":{"flex_gap":{"size":0,"column":"0","row":"0","unit":"px"},"padding":{"unit":"%","top":"2","right":"2","bottom":"2","left":"2","isLinked":false},"padding_tablet":{"unit":"%","top":"","right":"","bottom":"","left":"","isLinked":true},"padding_mobile":{"unit":"%","top":"5","right":"5","bottom":"5","left":"5","isLinked":true},"content_width":"full","background_background":"classic","margin":{"unit":"%","top":"6","right":0,"bottom":"0","left":0,"isLinked":false},"margin_tablet":{"unit":"%","top":"","right":"","bottom":"","left":"","isLinked":true},"margin_mobile":{"unit":"%","top":"20","right":0,"bottom":"0","left":0,"isLinked":false},"__globals__":{"background_color":"globals\/colors?id=d202595"},"_title":"Quotation","flex_direction":"row","flex_align_items":"stretch"},"elements":[{"id":"175a7998","settings":{"_column_size":100,"width":{"size":null,"unit":"%"},"flex_gap":{"size":30,"column":"30","row":"30","unit":"px"},"background_background":"classic","border_radius":{"unit":"px","top":"33","right":"33","bottom":"33","left":"33","isLinked":true},"padding":{"unit":"%","top":"8","right":"8","bottom":"8","left":"8","isLinked":true},"padding_tablet":{"unit":"%","top":"","right":"","bottom":"","left":"","isLinked":true},"padding_mobile":{"unit":"%","top":"","right":"","bottom":"","left":"","isLinked":true},"__globals__":{"background_color":"globals\/colors?id=9182bce"},"content_width":"full"},"elements":[{"id":"6366a16d","settings":{"title":"\u201cthere is nothing more refreshing than starting your day with a juiceito boost\u201d","align":"center"},"elements":[],"isInner":false,"widgetType":"heading","elType":"widget"},{"id":"53af07a7","settings":{"title":"- \u2018The Healthy People\u2019 Magazine -","header_size":"h4","align":"center","__globals__":{"typography_typography":"globals\/typography?id=e29f739"}},"elements":[],"isInner":false,"widgetType":"heading","elType":"widget"}],"isInner":true,"elType":"container"}],"isInner":false,"elType":"container"},{"id":"453ac95e","settings":{"content_width":"full","flex_gap":{"size":4,"column":"4","row":"0","unit":"%"},"structure":"30","background_background":"classic","padding":{"unit":"%","top":"5","right":"2","bottom":"5","left":"2","isLinked":false},"padding_tablet":{"unit":"%","top":"8","right":"2","bottom":"8","left":"2","isLinked":false},"padding_mobile":{"unit":"%","top":"20","right":"5","bottom":"12","left":"5","isLinked":false},"__globals__":{"background_color":"globals\/colors?id=21ebaa4"},"_title":"Products","flex_direction":"row","flex_align_items":"stretch","flex_gap_tablet":{"column":"","row":"","isLinked":true,"unit":"%","size":null},"flex_gap_mobile":{"column":"0","row":"80","isLinked":false,"unit":"px","size":0}},"elements":[{"id":"30bbc17a","settings":{"_column_size":33,"width":{"size":null,"unit":"%"},"margin":{"unit":"%","top":"","right":"","bottom":"","left":"","isLinked":true},"margin_tablet":{"unit":"%","top":"","right":"","bottom":"","left":"","isLinked":true},"margin_mobile":{"unit":"%","top":"","right":"","bottom":"","left":"","isLinked":true},"animation":"slideInRight","animation_duration":"slow","content_width":"full","flex_direction":"column"},"elements":[{"id":"4daec7df","settings":{"image":{"url":"https:\/\/library.elementor.com\/juice-bar-flexbox\/wp-content\/uploads\/sites\/206\/2022\/03\/HomePage-Product_1.jpg","id":1023,"alt":"","source":"library"},"image_size":"full","width":{"unit":"%","size":100,"sizes":[]},"image_border_border":"solid","image_border_width":{"unit":"px","top":"6","right":"6","bottom":"6","left":"6","isLinked":true},"image_border_radius":{"unit":"px","top":"33","right":"33","bottom":"33","left":"33","isLinked":true},"__globals__":{"image_border_color":"globals\/colors?id=eaa2dbc"},"hover_animation":"float","animation_duration":"fast"},"elements":[],"isInner":false,"widgetType":"image","elType":"widget"},{"id":"7a6c47bf","settings":{"title":"smoothies","header_size":"h3","align":"center","__globals__":{"typography_typography":"globals\/typography?id=secondary"}},"elements":[],"isInner":false,"widgetType":"heading","elType":"widget"},{"id":"42342bcd","settings":{"editor":"<p>Malesuada fames ac turpis egestas integer eget aliquet nibh. Egestas maecenas<\/p>","align":"center","_margin":{"unit":"px","top":"0","right":"0","bottom":"-16","left":"0","isLinked":false},"_padding":{"unit":"%","top":"0","right":"6","bottom":"0","left":"6","isLinked":false},"_padding_tablet":{"unit":"%","top":"","right":"","bottom":"","left":"","isLinked":true},"_padding_mobile":{"unit":"%","top":"","right":"","bottom":"","left":"","isLinked":true}},"elements":[],"isInner":false,"widgetType":"text-editor","elType":"widget"},{"id":"53f9a85a","settings":{"text":"DISCOVER SMOOTHIES","align":"center","text_padding":{"unit":"px","top":"0","right":"0","bottom":"0","left":"0","isLinked":false},"__globals__":{"button_text_color":"globals\/colors?id=accent","typography_typography":"globals\/typography?id=e7623b9","background_color":"globals\/colors?id=a274f70"},"button_text_color":"#F7F5E9","hover_animation":"float","link":{"url":"https:\/\/library.elementor.com\/juice-bar-flexbox\/menu\/#smoothies","is_external":"","nofollow":"","custom_attributes":""}},"elements":[],"isInner":false,"widgetType":"button","elType":"widget"}],"isInner":true,"elType":"container"},{"id":"106258f6","settings":{"_column_size":33,"width":{"size":null,"unit":"%"},"margin":{"unit":"%","top":"","right":"","bottom":"","left":"","isLinked":true},"margin_tablet":{"unit":"%","top":"","right":"","bottom":"","left":"","isLinked":true},"margin_mobile":{"unit":"%","top":"","right":"","bottom":"","left":"","isLinked":true},"z_index":1,"content_width":"full","flex_direction":"column"},"elements":[{"id":"9684a38","settings":{"image":{"url":"https:\/\/library.elementor.com\/juice-bar-flexbox\/wp-content\/uploads\/sites\/206\/2022\/03\/HomePage-Product_2.jpg","id":1041,"alt":"","source":"library"},"image_size":"full","width":{"unit":"%","size":100,"sizes":[]},"image_border_border":"solid","image_border_width":{"unit":"px","top":"6","right":"6","bottom":"6","left":"6","isLinked":true},"image_border_radius":{"unit":"px","top":"33","right":"33","bottom":"33","left":"33","isLinked":true},"__globals__":{"image_border_color":"globals\/colors?id=eaa2dbc"},"hover_animation":"float","animation_duration":"slow","_animation_delay":200},"elements":[],"isInner":false,"widgetType":"image","elType":"widget"},{"id":"6d19f033","settings":{"title":"pressed Juices","header_size":"h3","align":"center","__globals__":{"typography_typography":"globals\/typography?id=secondary"}},"elements":[],"isInner":false,"widgetType":"heading","elType":"widget"},{"id":"780eef0","settings":{"editor":"<p>Malesuada fames ac turpis egestas integer eget aliquet nibh. Egestas maecenas<\/p>","align":"center","_margin":{"unit":"px","top":"0","right":"0","bottom":"-16","left":"0","isLinked":false},"_padding":{"unit":"%","top":"0","right":"6","bottom":"0","left":"6","isLinked":false},"_padding_tablet":{"unit":"%","top":"","right":"","bottom":"","left":"","isLinked":true},"_padding_mobile":{"unit":"%","top":"","right":"","bottom":"","left":"","isLinked":true}},"elements":[],"isInner":false,"widgetType":"text-editor","elType":"widget"},{"id":"42dabc4c","settings":{"text":" DISCOVER JUICES","align":"center","text_padding":{"unit":"px","top":"0","right":"0","bottom":"0","left":"0","isLinked":false},"__globals__":{"button_text_color":"globals\/colors?id=accent","typography_typography":"globals\/typography?id=e7623b9","background_color":"globals\/colors?id=a274f70"},"button_text_color":"#F7F5E9","hover_animation":"float","link":{"url":"https:\/\/library.elementor.com\/juice-bar-flexbox\/menu\/#pressed_juices","is_external":"","nofollow":"","custom_attributes":""}},"elements":[],"isInner":false,"widgetType":"button","elType":"widget"}],"isInner":true,"elType":"container"},{"id":"703eba69","settings":{"_column_size":33,"width":{"size":null,"unit":"%"},"margin":{"unit":"%","top":"","right":"","bottom":"","left":"","isLinked":true},"margin_tablet":{"unit":"%","top":"","right":"","bottom":"","left":"","isLinked":true},"margin_mobile":{"unit":"%","top":"","right":"","bottom":"","left":"","isLinked":true},"animation":"slideInLeft","animation_duration":"slow","content_width":"full","flex_direction":"column"},"elements":[{"id":"73d441e1","settings":{"image":{"url":"https:\/\/library.elementor.com\/juice-bar-flexbox\/wp-content\/uploads\/sites\/206\/2022\/03\/HomePage-Product_3.jpg","id":1042,"alt":"","source":"library"},"image_size":"full","width":{"unit":"%","size":100,"sizes":[]},"image_border_border":"solid","image_border_width":{"unit":"px","top":"6","right":"6","bottom":"6","left":"6","isLinked":true},"image_border_radius":{"unit":"px","top":"33","right":"33","bottom":"33","left":"33","isLinked":true},"__globals__":{"image_border_color":"globals\/colors?id=eaa2dbc"},"hover_animation":"float","animation_duration":"slow","_animation_delay":400},"elements":[],"isInner":false,"widgetType":"image","elType":"widget"},{"id":"332ba3c3","settings":{"title":" wellness shots","header_size":"h3","align":"center","__globals__":{"typography_typography":"globals\/typography?id=secondary"}},"elements":[],"isInner":false,"widgetType":"heading","elType":"widget"},{"id":"29942e65","settings":{"editor":"<p>Malesuada fames ac turpis egestas integer eget aliquet nibh. Egestas maecenas<\/p>","align":"center","_margin":{"unit":"px","top":"0","right":"0","bottom":"-16","left":"0","isLinked":false},"_padding":{"unit":"%","top":"0","right":"6","bottom":"0","left":"6","isLinked":false},"_padding_tablet":{"unit":"%","top":"","right":"","bottom":"","left":"","isLinked":true},"_padding_mobile":{"unit":"%","top":"","right":"","bottom":"","left":"","isLinked":true}},"elements":[],"isInner":false,"widgetType":"text-editor","elType":"widget"},{"id":"2c78e1b","settings":{"text":"DISCOVER SHOTS","align":"center","text_padding":{"unit":"px","top":"0","right":"0","bottom":"0","left":"0","isLinked":false},"__globals__":{"button_text_color":"globals\/colors?id=accent","typography_typography":"globals\/typography?id=e7623b9","background_color":"globals\/colors?id=a274f70"},"button_text_color":"#F7F5E9","hover_animation":"float","link":{"url":"https:\/\/library.elementor.com\/juice-bar-flexbox\/menu\/#wellness_shots","is_external":"","nofollow":"","custom_attributes":""}},"elements":[],"isInner":false,"widgetType":"button","elType":"widget"}],"isInner":true,"elType":"container"}],"isInner":false,"elType":"container"},{"id":"13f499b4","settings":{"content_width":"full","flex_gap":{"size":0,"column":"0","row":"0","unit":"px"},"structure":"20","background_background":"classic","padding":{"unit":"%","top":"5","right":"2","bottom":"8","left":"2","isLinked":false},"padding_tablet":{"unit":"%","top":"8","right":"8","bottom":"8","left":"8","isLinked":false},"padding_mobile":{"unit":"%","top":"20","right":"5","bottom":"20","left":"5","isLinked":false},"__globals__":{"background_color":"globals\/colors?id=21ebaa4"},"content_position":"middle","_title":"About Us","flex_direction":"row","flex_align_items":"center","flex_gap_tablet":{"column":"0","row":"50","isLinked":false,"unit":"px","size":0},"flex_wrap_tablet":"wrap"},"elements":[{"id":"7a0a4d4b","settings":{"_column_size":50,"width":{"size":45,"unit":"%"},"flex_gap":{"size":0,"column":"0","row":"0","unit":"px"},"margin":{"unit":"%","top":"0","right":"0","bottom":"0","left":"8","isLinked":false},"margin_tablet":{"unit":"%","top":"0","right":"0","bottom":"0","left":"0","isLinked":false},"margin_mobile":{"unit":"%","top":"","right":"","bottom":"","left":"","isLinked":true},"padding":{"unit":"%","top":"","right":"","bottom":"","left":"","isLinked":true},"padding_tablet":{"unit":"%","top":"","right":"","bottom":"","left":"","isLinked":true},"padding_mobile":{"unit":"%","top":"","right":"","bottom":"","left":"","isLinked":true},"width_tablet":{"size":100,"unit":"%"},"content_width":"full"},"elements":[{"id":"1990d4b5","settings":{"image":{"url":"https:\/\/library.elementor.com\/juice-bar-flexbox\/wp-content\/uploads\/sites\/206\/2022\/03\/HomePage-AboutUs.jpg","id":1049,"alt":"","source":"library"},"image_size":"full","image_border_border":"solid","image_border_width":{"unit":"px","top":"6","right":"6","bottom":"6","left":"6","isLinked":true},"image_border_radius":{"unit":"%","top":"50","right":"50","bottom":"50","left":"50","isLinked":true},"__globals__":{"image_border_color":"globals\/colors?id=eaa2dbc"},"align":"left","image_border_radius_tablet":{"unit":"%","top":"","right":"","bottom":"","left":"","isLinked":true},"image_border_radius_mobile":{"unit":"%","top":"","right":"","bottom":"","left":"","isLinked":true},"image_box_shadow_box_shadow_type":"yes","image_box_shadow_box_shadow":{"horizontal":-50,"vertical":0,"blur":0,"spread":0,"color":"#E9612C"},"align_tablet":"center","width_tablet":{"unit":"%","size":40,"sizes":[]},"width_mobile":{"unit":"%","size":60,"sizes":[]},"_padding_mobile":{"unit":"%","top":"0","right":"0","bottom":"0","left":"12","isLinked":false},"_animation":"slideInRight","animation_duration":"slow"},"elements":[],"isInner":false,"widgetType":"image","elType":"widget"}],"isInner":true,"elType":"container"},{"id":"4c62e2ff","settings":{"_column_size":50,"width":{"size":55,"unit":"%"},"flex_gap":{"size":30,"column":"30","row":"30","unit":"px"},"margin":{"unit":"%","top":"","right":"","bottom":"","left":"","isLinked":true},"margin_tablet":{"unit":"%","top":"","right":"","bottom":"","left":"","isLinked":true},"margin_mobile":{"unit":"%","top":"","right":"","bottom":"","left":"","isLinked":true},"width_tablet":{"size":100,"unit":"%"},"content_width":"full","flex_direction":"column"},"elements":[{"id":"230d14e8","settings":{"title":"San Diego\u2019s\nfirst organic\nJuice bar","align_tablet":"center"},"elements":[],"isInner":false,"widgetType":"heading","elType":"widget"},{"id":"523c7dc","settings":{"editor":"<p>Since 1980, Juiceito has been pioneering the organic juice space in San Diego. From the start, we have been committed to offering the most delicious fruit &amp; vegetable drinks, made from fresh, locally grown ingredients.<\/p>","_padding":{"unit":"%","top":"0","right":"30","bottom":"0","left":"0","isLinked":false},"_padding_tablet":{"unit":"%","top":"0","right":"0","bottom":"0","left":"0","isLinked":false},"_padding_mobile":{"unit":"%","top":"","right":"","bottom":"","left":"","isLinked":true},"align_tablet":"center"},"elements":[],"isInner":false,"widgetType":"text-editor","elType":"widget"},{"id":"50d6a059","settings":{"text":"ABOUT US","text_padding":{"unit":"px","top":"0","right":"0","bottom":"0","left":"0","isLinked":false},"__globals__":{"button_text_color":"globals\/colors?id=accent","background_color":"globals\/colors?id=a274f70"},"hover_animation":"float","align_tablet":"center","link":{"url":"https:\/\/library.elementor.com\/juice-bar-flexbox\/about\/","is_external":"","nofollow":"","custom_attributes":""},"__dynamic__":{"link":"[elementor-tag id=\"54f2569\" name=\"internal-url\" settings=\"%7B%22type%22%3A%22post%22%2C%22post_id%22%3A%221163%22%7D\"]"}},"elements":[],"isInner":false,"widgetType":"button","elType":"widget"}],"isInner":true,"elType":"container"}],"isInner":false,"elType":"container"},{"id":"3ccc9e7d","settings":{"content_width":"full","flex_gap":{"size":0,"column":"0","row":"0","unit":"px"},"structure":"40","background_background":"classic","padding":{"unit":"%","top":"3","right":"2","bottom":"3","left":"2","isLinked":false},"padding_tablet":{"unit":"%","top":"","right":"","bottom":"","left":"","isLinked":true},"padding_mobile":{"unit":"%","top":"20","right":"5","bottom":"20","left":"5","isLinked":false},"__globals__":{"background_color":"globals\/colors?id=d202595"},"_title":"Services","flex_direction":"row","flex_align_items":"stretch","flex_justify_content":"center","flex_gap_mobile":{"column":"0","row":"50","isLinked":false,"unit":"px","size":0}},"elements":[{"id":"4087d8fa","settings":{"_column_size":25,"width":{"size":null,"unit":"%"},"width_mobile":{"size":50,"unit":"%"},"margin_mobile":{"unit":"%","top":"","right":"","bottom":"","left":"","isLinked":true},"animation":"slideInUp","content_width":"full"},"elements":[{"id":"4a3dab79","settings":{"selected_icon":{"value":{"url":"https:\/\/library.elementor.com\/juice-bar-flexbox\/wp-content\/uploads\/sites\/206\/2022\/03\/HomePage-Services-Icon_1.svg","id":1051},"library":"svg"},"title_text":"100% organic","description_text":"","title_size":"h4","primary_color":"#FCE4F7","icon_size":{"unit":"px","size":110,"sizes":[]},"text_align":"center","title_color":"#FCE4F7","__globals__":{"primary_color":"globals\/colors?id=9182bce","title_color":"globals\/colors?id=9182bce","title_typography_typography":"globals\/typography?id=777294c"},"title_bottom_space":{"unit":"px","size":0,"sizes":[]},"icon_size_tablet":{"unit":"px","size":80,"sizes":[]},"icon_size_mobile":{"unit":"px","size":60,"sizes":[]}},"elements":[],"isInner":false,"widgetType":"icon-box","elType":"widget"}],"isInner":true,"elType":"container"},{"id":"1b90e1a4","settings":{"_column_size":25,"width":{"size":null,"unit":"%"},"width_mobile":{"size":50,"unit":"%"},"margin_mobile":{"unit":"%","top":"","right":"","bottom":"","left":"","isLinked":true},"animation":"slideInUp","animation_delay":100,"content_width":"full"},"elements":[{"id":"3e3e0a19","settings":{"selected_icon":{"value":{"url":"https:\/\/library.elementor.com\/juice-bar-flexbox\/wp-content\/uploads\/sites\/206\/2022\/03\/HomePage-Services-Icon_2.svg","id":1056},"library":"svg"},"title_text":"locally grown","description_text":"","title_size":"h4","primary_color":"#FCE4F7","icon_size":{"unit":"px","size":110,"sizes":[]},"text_align":"center","title_color":"#FCE4F7","__globals__":{"primary_color":"globals\/colors?id=9182bce","title_color":"globals\/colors?id=9182bce","title_typography_typography":"globals\/typography?id=777294c"},"title_bottom_space":{"unit":"px","size":0,"sizes":[]},"icon_size_tablet":{"unit":"px","size":80,"sizes":[]},"icon_size_mobile":{"unit":"px","size":60,"sizes":[]}},"elements":[],"isInner":false,"widgetType":"icon-box","elType":"widget"}],"isInner":true,"elType":"container"},{"id":"5df0d8e","settings":{"_column_size":25,"width":{"size":null,"unit":"%"},"width_mobile":{"size":50,"unit":"%"},"margin_mobile":{"unit":"%","top":"","right":"","bottom":"","left":"","isLinked":true},"animation":"slideInUp","animation_delay":200,"content_width":"full"},"elements":[{"id":"7eac8b65","settings":{"selected_icon":{"value":{"url":"https:\/\/library.elementor.com\/juice-bar-flexbox\/wp-content\/uploads\/sites\/206\/2022\/03\/HomePage-Services-Icon_3.svg","id":1057},"library":"svg"},"title_text":"Nutrient Dense","description_text":"","title_size":"h4","primary_color":"#FCE4F7","icon_size":{"unit":"px","size":110,"sizes":[]},"text_align":"center","title_color":"#FCE4F7","__globals__":{"primary_color":"globals\/colors?id=9182bce","title_color":"globals\/colors?id=9182bce","title_typography_typography":"globals\/typography?id=777294c"},"title_bottom_space":{"unit":"px","size":0,"sizes":[]},"icon_size_tablet":{"unit":"px","size":80,"sizes":[]},"icon_size_mobile":{"unit":"px","size":60,"sizes":[]}},"elements":[],"isInner":false,"widgetType":"icon-box","elType":"widget"}],"isInner":true,"elType":"container"},{"id":"20b45744","settings":{"_column_size":25,"width":{"size":null,"unit":"%"},"width_mobile":{"size":50,"unit":"%"},"margin_mobile":{"unit":"%","top":"","right":"","bottom":"","left":"","isLinked":true},"animation":"slideInUp","animation_delay":300,"content_width":"full"},"elements":[{"id":"77a7c606","settings":{"selected_icon":{"value":{"url":"https:\/\/library.elementor.com\/juice-bar-flexbox\/wp-content\/uploads\/sites\/206\/2022\/03\/HomePage-Services-Icon_4.svg","id":1058},"library":"svg"},"title_text":"pressed daily","description_text":"","title_size":"h4","primary_color":"#FCE4F7","icon_size":{"unit":"px","size":110,"sizes":[]},"text_align":"center","title_color":"#FCE4F7","__globals__":{"primary_color":"globals\/colors?id=9182bce","title_color":"globals\/colors?id=9182bce","title_typography_typography":"globals\/typography?id=777294c"},"title_bottom_space":{"unit":"px","size":0,"sizes":[]},"icon_size_tablet":{"unit":"px","size":80,"sizes":[]},"icon_size_mobile":{"unit":"px","size":60,"sizes":[]}},"elements":[],"isInner":false,"widgetType":"icon-box","elType":"widget"}],"isInner":true,"elType":"container"}],"isInner":false,"elType":"container"},{"id":"7c3c9e0b","settings":{"flex_gap":{"size":0,"column":"0","row":"0","unit":"px"},"structure":"20","padding":{"unit":"%","top":"0","right":"0","bottom":"0","left":"8","isLinked":false},"padding_tablet":{"unit":"%","top":"0","right":"8","bottom":"0","left":"8","isLinked":false},"padding_mobile":{"unit":"%","top":"0","right":"5","bottom":"0","left":"5","isLinked":false},"__globals__":{"background_color":""},"content_position":"middle","margin":{"unit":"%","top":"8","right":0,"bottom":"0","left":0,"isLinked":false},"margin_tablet":{"unit":"%","top":"","right":"","bottom":"","left":"","isLinked":true},"margin_mobile":{"unit":"%","top":"20","right":0,"bottom":"0","left":0,"isLinked":false},"_title":"About Us","flex_direction":"row","flex_align_items":"center","flex_gap_tablet":{"column":"0","row":"80","isLinked":false,"unit":"px","size":0},"flex_gap_mobile":{"column":"0","row":"50","isLinked":false,"unit":"px","size":0},"flex_wrap_tablet":"wrap"},"elements":[{"id":"18fbac87","settings":{"_column_size":50,"width":{"size":60,"unit":"%"},"flex_gap":{"size":30,"column":"30","row":"30","unit":"px"},"margin":{"unit":"%","top":"","right":"","bottom":"","left":"","isLinked":true},"margin_tablet":{"unit":"%","top":"","right":"","bottom":"","left":"","isLinked":true},"margin_mobile":{"unit":"%","top":"","right":"","bottom":"","left":"","isLinked":true},"width_tablet":{"size":100,"unit":"%"},"content_width":"full","flex_direction":"column"},"elements":[{"id":"32ddf115","settings":{"title":"juice catering for any event ","__globals__":{"title_color":"globals\/colors?id=secondary"},"align_tablet":"center"},"elements":[],"isInner":false,"widgetType":"heading","elType":"widget"},{"id":"3f874dbd","settings":{"editor":"<p>Malesuada fames ac turpis egestas integer eget aliquet nibh. Egestas maecenas pharetra convallis posuere morbi leo urna molestie at. Tellus rutrum tellus pellentesque eu tincidunt tortor aliquam nulla facilisi.<\/p>","_padding":{"unit":"%","top":"0","right":"30","bottom":"0","left":"0","isLinked":false},"_padding_tablet":{"unit":"%","top":"0","right":"0","bottom":"0","left":"0","isLinked":false},"_padding_mobile":{"unit":"%","top":"","right":"","bottom":"","left":"","isLinked":true},"__globals__":{"text_color":"globals\/colors?id=secondary"},"align_tablet":"center"},"elements":[],"isInner":false,"widgetType":"text-editor","elType":"widget"},{"id":"372d943e","settings":{"text":"Contact us","text_padding":{"unit":"px","top":"0","right":"0","bottom":"0","left":"0","isLinked":false},"__globals__":{"button_text_color":"globals\/colors?id=secondary","background_color":"globals\/colors?id=a274f70"},"hover_animation":"float","align_tablet":"center","link":{"url":"https:\/\/library.elementor.com\/juice-bar-flexbox\/contact\/","is_external":"","nofollow":"","custom_attributes":""},"__dynamic__":{"link":"[elementor-tag id=\"cfabb59\" name=\"internal-url\" settings=\"%7B%22type%22%3A%22post%22%2C%22post_id%22%3A%221241%22%7D\"]"}},"elements":[],"isInner":false,"widgetType":"button","elType":"widget"}],"isInner":true,"elType":"container"},{"id":"5431b8bd","settings":{"_column_size":50,"width":{"size":40,"unit":"%"},"flex_gap":{"size":0,"column":"0","row":"0","unit":"px"},"margin":{"unit":"%","top":"0","right":"8","bottom":"0","left":"0","isLinked":false},"margin_tablet":{"unit":"%","top":"","right":"","bottom":"","left":"","isLinked":true},"margin_mobile":{"unit":"%","top":"0","right":"0","bottom":"0","left":"0","isLinked":false},"padding":{"unit":"%","top":"0","right":"5","bottom":"0","left":"5","isLinked":false},"padding_tablet":{"unit":"%","top":"0","right":"0","bottom":"0","left":"0","isLinked":false},"padding_mobile":{"unit":"%","top":"","right":"","bottom":"","left":"","isLinked":true},"width_tablet":{"size":100,"unit":"%"},"content_width":"full"},"elements":[{"id":"216702ae","settings":{"image":{"url":"https:\/\/library.elementor.com\/juice-bar-flexbox\/wp-content\/uploads\/sites\/206\/2022\/03\/HomePage-Footer.jpg","id":1175,"alt":"","source":"library"},"image_size":"full","image_border_border":"solid","image_border_width":{"unit":"px","top":"6","right":"6","bottom":"6","left":"6","isLinked":true},"image_border_radius":{"unit":"%","top":"50","right":"50","bottom":"50","left":"50","isLinked":true},"__globals__":{"image_border_color":"globals\/colors?id=eaa2dbc"},"align":"left","image_border_radius_tablet":{"unit":"%","top":"","right":"","bottom":"","left":"","isLinked":true},"image_border_radius_mobile":{"unit":"%","top":"","right":"","bottom":"","left":"","isLinked":true},"image_box_shadow_box_shadow_type":"yes","image_box_shadow_box_shadow":{"horizontal":50,"vertical":0,"blur":0,"spread":0,"color":"#FFFFFF"},"_transform_rotate_popover":"transform","_transform_rotateZ_effect":{"unit":"px","size":15,"sizes":[]},"align_tablet":"center","width_tablet":{"unit":"%","size":40,"sizes":[]},"width_mobile":{"unit":"%","size":60,"sizes":[]},"_margin_mobile":{"unit":"%","top":"","right":"","bottom":"","left":"","isLinked":true},"_padding_mobile":{"unit":"%","top":"0","right":"12","bottom":"0","left":"0","isLinked":false},"_animation":"rotateInDownLeft"},"elements":[],"isInner":false,"widgetType":"image","elType":"widget"}],"isInner":true,"elType":"container"}],"isInner":false,"elType":"container"},{"id":"41318141","settings":{"content_width":"full","flex_gap":{"size":0,"column":"0","row":"80","unit":"px"},"background_background":"classic","padding":{"unit":"%","top":"8","right":"2","bottom":"8","left":"2","isLinked":false},"padding_tablet":{"unit":"%","top":"","right":"","bottom":"","left":"","isLinked":true},"padding_mobile":{"unit":"%","top":"20","right":"5","bottom":"20","left":"5","isLinked":false},"__globals__":{"background_color":"globals\/colors?id=9182bce"},"_title":"Testimonials","margin_tablet":{"unit":"%","top":"","right":"","bottom":"","left":"","isLinked":true},"margin_mobile":{"unit":"%","top":"","right":"","bottom":"","left":"","isLinked":true},"margin":{"unit":"%","top":"8","right":0,"bottom":"0","left":0,"isLinked":false},"flex_direction":"column","flex_align_items":"stretch","flex_gap_tablet":{"column":"0","row":"50","isLinked":false,"unit":"px","size":0}},"elements":[{"id":"477148fc","settings":{"title":"Feel the juicy love","align":"center"},"elements":[],"isInner":false,"widgetType":"heading","elType":"widget"},{"id":"47dc7715","settings":{"content_width":"full","flex_gap":{"size":15,"column":"15","row":"0","unit":"%"},"structure":"30","flex_direction":"row","flex_align_items":"stretch","flex_gap_tablet":{"column":"3","row":"0","isLinked":false,"unit":"%","size":3},"flex_gap_mobile":{"column":"0","row":"50","isLinked":false,"unit":"px","size":0}},"elements":[{"id":"5ab5951b","settings":{"_column_size":33,"width":{"size":null,"unit":"%"},"margin":{"unit":"%","top":"","right":"","bottom":"","left":"","isLinked":true},"margin_tablet":{"unit":"%","top":"","right":"","bottom":"","left":"","isLinked":true},"margin_mobile":{"unit":"%","top":"","right":"","bottom":"","left":"","isLinked":true},"animation":"slideInUp","content_width":"full"},"elements":[{"id":"baf705d","settings":{"star_style":"star_unicode","align":"center","icon_size":{"unit":"px","size":20,"sizes":[]},"icon_space":{"unit":"px","size":8,"sizes":[]},"__globals__":{"stars_color":"globals\/colors?id=primary"},"icon_size_mobile":{"unit":"px","size":16,"sizes":[]},"icon_space_mobile":{"unit":"px","size":5,"sizes":[]}},"elements":[],"isInner":false,"widgetType":"star-rating","elType":"widget"},{"id":"36ea6d54","settings":{"testimonial_content":"\u201cI love this place!! Their smoothies are delicious, and the team is super friendly.\u201d","testimonial_image":{"url":"","id":""},"testimonial_name":"Sianna O.","testimonial_job":"","content_content_color":"#E9612C","__globals__":{"content_content_color":"globals\/colors?id=primary","name_typography_typography":"globals\/typography?id=d10746d"}},"elements":[],"isInner":false,"widgetType":"testimonial","elType":"widget"}],"isInner":true,"elType":"container"},{"id":"4feb4b35","settings":{"_column_size":33,"width":{"size":null,"unit":"%"},"margin":{"unit":"%","top":"","right":"","bottom":"","left":"","isLinked":true},"margin_tablet":{"unit":"%","top":"","right":"","bottom":"","left":"","isLinked":true},"margin_mobile":{"unit":"%","top":"","right":"","bottom":"","left":"","isLinked":true},"animation":"slideInUp","animation_delay":100,"content_width":"full"},"elements":[{"id":"a685ba1","settings":{"star_style":"star_unicode","align":"center","icon_size":{"unit":"px","size":20,"sizes":[]},"icon_space":{"unit":"px","size":8,"sizes":[]},"__globals__":{"stars_color":"globals\/colors?id=primary"},"icon_size_mobile":{"unit":"px","size":16,"sizes":[]},"icon_space_mobile":{"unit":"px","size":5,"sizes":[]}},"elements":[],"isInner":false,"widgetType":"star-rating","elType":"widget"},{"id":"1fbbc302","settings":{"testimonial_content":"\u201cThere\u2019s no other way to start your day. I stop at Juiceito every morning!\u201d","testimonial_image":{"url":"","id":""},"testimonial_name":"Floyd B.","testimonial_job":"","content_content_color":"#E9612C","__globals__":{"content_content_color":"globals\/colors?id=primary","name_typography_typography":"globals\/typography?id=d10746d"}},"elements":[],"isInner":false,"widgetType":"testimonial","elType":"widget"}],"isInner":true,"elType":"container"},{"id":"1f299511","settings":{"_column_size":33,"width":{"size":null,"unit":"%"},"margin":{"unit":"%","top":"","right":"","bottom":"","left":"","isLinked":true},"margin_tablet":{"unit":"%","top":"","right":"","bottom":"","left":"","isLinked":true},"margin_mobile":{"unit":"%","top":"","right":"","bottom":"","left":"","isLinked":true},"animation":"slideInUp","animation_delay":200,"content_width":"full"},"elements":[{"id":"2a0d82ad","settings":{"star_style":"star_unicode","align":"center","icon_size":{"unit":"px","size":20,"sizes":[]},"icon_space":{"unit":"px","size":8,"sizes":[]},"__globals__":{"stars_color":"globals\/colors?id=primary"},"icon_size_mobile":{"unit":"px","size":16,"sizes":[]},"icon_space_mobile":{"unit":"px","size":5,"sizes":[]}},"elements":[],"isInner":false,"widgetType":"star-rating","elType":"widget"},{"id":"64c2f5a9","settings":{"testimonial_content":"\u201cI\u2019m a health freak and I am obsessed with Juiceito\u2019s fresh and organic juices!\u201d","testimonial_image":{"url":"","id":""},"testimonial_name":"Kelsi S.","testimonial_job":"","content_content_color":"#E9612C","__globals__":{"content_content_color":"globals\/colors?id=primary","name_typography_typography":"globals\/typography?id=d10746d"}},"elements":[],"isInner":false,"widgetType":"testimonial","elType":"widget"}],"isInner":true,"elType":"container"}],"isInner":true,"elType":"container"}],"isInner":false,"elType":"container"}],"settings":{"template":"elementor_header_footer"},"metadata":[]}