{"content":[{"id":"6b027e3c","settings":{"content_width":"full","flex_gap":{"size":0,"column":"0","row":"0","unit":"px"},"z_index":1,"_title":"Hero","flex_direction":"column","flex_align_items":"stretch"},"elements":[{"id":"17bdf635","settings":{"image":{"url":"https:\/\/library.elementor.com\/eco-friendly-water-bottles-flexbox\/wp-content\/uploads\/sites\/165\/2021\/07\/GalleryPage-Hero.jpg","id":290,"alt":"","source":"library"},"image_size":"full","width":{"unit":"vw","size":40,"sizes":[]},"width_tablet":{"unit":"%","size":65,"sizes":[]},"width_mobile":{"unit":"%","size":84,"sizes":[]}},"elements":[],"isInner":false,"widgetType":"image","elType":"widget"},{"id":"1113f417","settings":{"title":"Gallery","header_size":"h1","align_mobile":"center","_margin":{"unit":"px","top":"-88","right":"0","bottom":"0","left":"0","isLinked":false},"_margin_tablet":{"unit":"px","top":"-55","right":"0","bottom":"0","left":"0","isLinked":false},"_margin_mobile":{"unit":"px","top":"-25","right":"0","bottom":"0","left":"0","isLinked":false},"__globals__":{"typography_typography":"globals\/typography?id=b228825"},"_animation":"fadeInUp"},"elements":[],"isInner":false,"widgetType":"heading","elType":"widget"},{"id":"2e277898","settings":{"wp_gallery":[{"id":302,"url":"https:\/\/library.elementor.com\/eco-friendly-water-bottles-flexbox\/wp-content\/uploads\/sites\/165\/2021\/07\/GalleryPage-Gallery-img_09.jpg"},{"id":301,"url":"https:\/\/library.elementor.com\/eco-friendly-water-bottles-flexbox\/wp-content\/uploads\/sites\/165\/2021\/07\/GalleryPage-Gallery-img_08.jpg"},{"id":300,"url":"https:\/\/library.elementor.com\/eco-friendly-water-bottles-flexbox\/wp-content\/uploads\/sites\/165\/2021\/07\/GalleryPage-Gallery-img_07.jpg"},{"id":299,"url":"https:\/\/library.elementor.com\/eco-friendly-water-bottles-flexbox\/wp-content\/uploads\/sites\/165\/2021\/07\/GalleryPage-Gallery-img_06.jpg"},{"id":298,"url":"https:\/\/library.elementor.com\/eco-friendly-water-bottles-flexbox\/wp-content\/uploads\/sites\/165\/2021\/07\/GalleryPage-Gallery-img_05.jpg"},{"id":297,"url":"https:\/\/library.elementor.com\/eco-friendly-water-bottles-flexbox\/wp-content\/uploads\/sites\/165\/2021\/07\/GalleryPage-Gallery-img_04.jpg"},{"id":296,"url":"https:\/\/library.elementor.com\/eco-friendly-water-bottles-flexbox\/wp-content\/uploads\/sites\/165\/2021\/07\/GalleryPage-Gallery-img_03.jpg"},{"id":295,"url":"https:\/\/library.elementor.com\/eco-friendly-water-bottles-flexbox\/wp-content\/uploads\/sites\/165\/2021\/07\/GalleryPage-Gallery-img_02.jpg"},{"id":294,"url":"https:\/\/library.elementor.com\/eco-friendly-water-bottles-flexbox\/wp-content\/uploads\/sites\/165\/2021\/07\/GalleryPage-Gallery-img_01.jpg"}],"thumbnail_size":"full","gallery_columns":"3","gallery_link":"none","image_spacing":"custom","_margin":{"unit":"%","top":"5","right":"0","bottom":"0","left":"0","isLinked":false},"_margin_mobile":{"unit":"%","top":"20","right":"0","bottom":"0","left":"0","isLinked":false}},"elements":[],"isInner":false,"widgetType":"image-gallery","elType":"widget"}],"isInner":false,"elType":"container"},{"id":"5a6adbe9","settings":{"content_width":"full","flex_gap":{"size":0,"column":"0","row":"0","unit":"px"},"background_background":"classic","margin":{"unit":"%","top":"","right":0,"bottom":"","left":0,"isLinked":true},"__globals__":{"background_color":"globals\/colors?id=secondary"},"overflow":"hidden","padding":{"unit":"%","top":"0","right":"0","bottom":"5","left":"0","isLinked":false},"padding_tablet":{"unit":"%","top":"0","right":"0","bottom":"10","left":"0","isLinked":false},"_title":"Where to Buy","flex_direction":"column","flex_align_items":"stretch"},"elements":[{"id":"77ad1d27","settings":{"title":"Did you find your Favorite Oubl\u00e9? ","_margin":{"unit":"%","top":"-2","right":"0","bottom":"0","left":"-1","isLinked":false},"__globals__":{"typography_typography":"globals\/typography?id=1640554","title_color":"globals\/colors?id=f3cfd47"},"_padding":{"unit":"%","top":"","right":"","bottom":"","left":"","isLinked":true},"_margin_tablet":{"unit":"%","top":"0","right":"0","bottom":"0","left":"8","isLinked":false},"_margin_mobile":{"unit":"px","top":"0","right":"0","bottom":"0","left":"0","isLinked":false}},"elements":[],"isInner":false,"widgetType":"heading","elType":"widget"},{"id":"c522baf","settings":{"text":"where to buy","align":"center","selected_icon":{"value":"fas fa-circle","library":"fa-solid"},"icon_indent":{"unit":"px","size":10,"sizes":[]},"__globals__":{"button_text_color":"globals\/colors?id=accent","background_color":"globals\/colors?id=e361c3e","hover_color":"globals\/colors?id=text"},"text_padding":{"unit":"px","top":"0","right":"0","bottom":"0","left":"0","isLinked":false},"_margin":{"unit":"%","top":"-3","right":"0","bottom":"0","left":"0","isLinked":false},"_margin_mobile":{"unit":"%","top":"20","right":"0","bottom":"0","left":"0","isLinked":false},"_margin_tablet":{"unit":"%","top":"5","right":"0","bottom":"0","left":"0","isLinked":false},"_animation":"fadeIn","animation_duration":"slow","link":{"url":"https:\/\/library.elementor.com\/eco-friendly-water-bottles-flexbox\/where-to-buy\/","is_external":"","nofollow":"","custom_attributes":""},"_element_width_mobile":"inherit"},"elements":[],"isInner":false,"widgetType":"button","elType":"widget"}],"isInner":false,"elType":"container"},{"id":"6b9ff3e5","settings":{"content_width":"full","flex_gap":{"size":0,"column":"0","row":"0","unit":"px"},"min_height":{"unit":"px","size":900,"sizes":[]},"flex_align_items":"stretch","structure":"20","content_position":"bottom","reverse_order_tablet":"reverse-tablet","reverse_order_mobile":"reverse-mobile","margin":{"unit":"%","top":"0","right":0,"bottom":"2","left":0,"isLinked":false},"_title":"Footer","flex_direction":"row","flex_wrap_tablet":"wrap","background_background":"classic","__globals__":{"background_color":"globals\/colors?id=secondary"}},"elements":[{"id":"347c1d57","settings":{"_column_size":50,"width":{"size":null,"unit":"%"},"width_tablet":{"size":100,"unit":"%"},"margin_tablet":{"unit":"%","top":"10","right":"0","bottom":"0","left":"0","isLinked":false},"content_width":"full","flex_direction":"column","flex_justify_content":"flex-end","flex_align_items":"flex-start"},"elements":[{"id":"6bf7b9dd","settings":{"title":"Follow the Story"},"elements":[],"isInner":false,"widgetType":"heading","elType":"widget"},{"id":"7493322","settings":{"wp_gallery":[{"id":167,"url":"https:\/\/library.elementor.com\/eco-friendly-water-bottles-flexbox\/wp-content\/uploads\/sites\/165\/2021\/07\/HomePage-Footer-Gallery-img_1.jpg"},{"id":168,"url":"https:\/\/library.elementor.com\/eco-friendly-water-bottles-flexbox\/wp-content\/uploads\/sites\/165\/2021\/07\/HomePage-Footer-Gallery-img_2.jpg"},{"id":169,"url":"https:\/\/library.elementor.com\/eco-friendly-water-bottles-flexbox\/wp-content\/uploads\/sites\/165\/2021\/07\/HomePage-Footer-Gallery-img_3.jpg"},{"id":170,"url":"https:\/\/library.elementor.com\/eco-friendly-water-bottles-flexbox\/wp-content\/uploads\/sites\/165\/2021\/07\/HomePage-Footer-Gallery-img_4.jpg"}],"thumbnail_size":"full","gallery_link":"none","image_spacing":"custom","image_spacing_custom":{"unit":"px","size":30,"sizes":[]},"_margin":{"unit":"%","top":"2","right":"0","bottom":"0","left":"0","isLinked":false},"_margin_tablet":{"unit":"%","top":"0","right":"8","bottom":"0","left":"0","isLinked":false},"gallery_columns":"4","_margin_mobile":{"unit":"px","top":"0","right":"0","bottom":"0","left":"0","isLinked":false},"_element_width_mobile":"initial","_element_custom_width_mobile":{"unit":"px","size":170,"sizes":[]},"_animation":"fadeInLeft","_animation_mobile":"none"},"elements":[],"isInner":false,"widgetType":"image-gallery","elType":"widget"},{"id":"5c64c6ee","settings":{"view":"inline","icon_list":[{"text":"Instagram  ","selected_icon":{"value":"","library":""},"_id":"5f3db57","link":{"url":"#","is_external":"","nofollow":"","custom_attributes":""}},{"text":"twitter","selected_icon":{"value":"","library":""},"link":{"url":"#","is_external":"","nofollow":"","custom_attributes":""},"_id":"f55d684"},{"text":"facebook","selected_icon":{"value":"","library":""},"link":{"url":"#","is_external":"","nofollow":"","custom_attributes":""},"_id":"8b32bf9"}],"space_between":{"unit":"px","size":50,"sizes":[]},"text_indent":{"unit":"px","size":0,"sizes":[]},"_margin":{"unit":"%","top":"5","right":"0","bottom":"0","left":"0","isLinked":false},"__globals__":{"text_color":"globals\/colors?id=primary","icon_typography_typography":"globals\/typography?id=dffa7b1"},"space_between_mobile":{"unit":"px","size":12,"sizes":[]},"_margin_mobile":{"unit":"%","top":"8","right":"0","bottom":"0","left":"0","isLinked":false}},"elements":[],"isInner":false,"widgetType":"icon-list","elType":"widget"},{"id":"7288e871","settings":{"title":"Oubl\u00e9","header_size":"h1","_margin":{"unit":"%","top":"20","right":"0","bottom":"-3.5","left":"-2","isLinked":false},"_offset_orientation_v":"end","__globals__":{"typography_typography":"globals\/typography?id=b228825"},"_margin_tablet":{"unit":"%","top":"10","right":"0","bottom":"0","left":"0","isLinked":false},"_margin_mobile":{"unit":"%","top":"20","right":"0","bottom":"0","left":"0","isLinked":false}},"elements":[],"isInner":false,"widgetType":"heading","elType":"widget"}],"isInner":true,"elType":"container"},{"id":"4472be97","settings":{"_column_size":50,"width":{"size":null,"unit":"%"},"background_background":"classic","background_image":{"url":"https:\/\/library.elementor.com\/eco-friendly-water-bottles-flexbox\/wp-content\/uploads\/sites\/165\/2021\/07\/HomePage-Footer.jpg","id":166,"alt":"","source":"library"},"background_position":"center center","background_repeat":"no-repeat","background_size":"cover","width_tablet":{"size":100,"unit":"%"},"content_width":"full","_flex_order_tablet":"start"},"elements":[{"id":"2b3f3374","settings":{"space_tablet":{"unit":"vh","size":50,"sizes":[]},"space_mobile":{"unit":"px","size":230,"sizes":[]}},"elements":[],"isInner":false,"widgetType":"spacer","elType":"widget"}],"isInner":true,"elType":"container"}],"isInner":false,"elType":"container"}],"settings":{"template":"elementor_header_footer"},"metadata":[]}