{"content":[],"settings":{"template":"default","system_colors":[{"_id":"primary","title":"Primary","color":"#E9612C"},{"_id":"secondary","title":"Secondary","color":"#F7F5E9"},{"_id":"text","title":"Text","color":"#484544"},{"_id":"accent","title":"Accent","color":"#E9612C"}],"custom_colors":[{"_id":"eaa2dbc","title":"White Element","color":"#FFFFFF"},{"_id":"9182bce","title":"Pink BG","color":"#FCE4F7"},{"_id":"d202595","title":"Orange Light","color":"#F47B4A"},{"_id":"a274f70","title":"Full Transparency","color":"#E9612C00"},{"_id":"4d87a07","title":"Site BG","color":"#E9612C"},{"_id":"21ebaa4","title":"Beige BG","color":"#F7F5E9"}],"system_typography":[{"_id":"primary","title":"Primary","typography_typography":"custom","typography_font_family":"Vidaloka","typography_font_weight":"400","typography_font_size":{"unit":"px","size":100,"sizes":[]},"typography_text_transform":"uppercase","typography_font_style":"normal","typography_text_decoration":"none","typography_line_height":{"unit":"em","size":1.1,"sizes":[]},"typography_letter_spacing":{"unit":"px","size":5,"sizes":[]},"typography_font_size_tablet":{"unit":"px","size":65,"sizes":[]},"typography_font_size_mobile":{"unit":"px","size":36,"sizes":[]},"typography_letter_spacing_mobile":{"unit":"px","size":0,"sizes":[]},"typography_word_spacing":{"unit":"em","size":0,"sizes":[]},"typography_letter_spacing_tablet":{"unit":"px","size":2,"sizes":[]}},{"_id":"secondary","title":"Secondary","typography_typography":"custom","typography_font_family":"Vidaloka","typography_font_weight":"400","typography_font_size":{"unit":"px","size":36,"sizes":[]},"typography_text_transform":"uppercase","typography_font_style":"normal","typography_text_decoration":"none","typography_line_height":{"unit":"em","size":1.1,"sizes":[]},"typography_letter_spacing":{"unit":"px","size":5,"sizes":[]},"typography_word_spacing":{"unit":"em","size":0,"sizes":[]},"typography_font_size_tablet":{"unit":"px","size":24,"sizes":[]},"typography_letter_spacing_tablet":{"unit":"px","size":2,"sizes":[]},"typography_font_size_mobile":{"unit":"px","size":22,"sizes":[]}},{"_id":"text","title":"Body Text","typography_typography":"custom","typography_font_family":"Poppins","typography_font_weight":"400","typography_font_size":{"unit":"px","size":18,"sizes":[]},"typography_text_transform":"none","typography_font_style":"normal","typography_text_decoration":"none","typography_line_height":{"unit":"em","size":1.5,"sizes":[]},"typography_letter_spacing":{"unit":"px","size":0,"sizes":[]},"typography_font_size_tablet":{"unit":"px","size":16,"sizes":[]},"typography_word_spacing":{"unit":"em","size":0,"sizes":[]},"typography_font_size_mobile":{"unit":"px","size":14,"sizes":[]}},{"_id":"accent","title":"Accent Text","typography_typography":"custom","typography_font_family":"Vidaloka","typography_font_weight":"400","typography_font_size":{"unit":"px","size":36,"sizes":[]},"typography_text_transform":"uppercase","typography_font_style":"normal","typography_text_decoration":"underline","typography_line_height":{"unit":"em","size":1,"sizes":[]},"typography_letter_spacing":{"unit":"px","size":5,"sizes":[]},"typography_font_size_tablet":{"unit":"px","size":28,"sizes":[]},"typography_letter_spacing_mobile":{"unit":"px","size":1,"sizes":[]},"typography_word_spacing":{"unit":"em","size":0,"sizes":[]},"typography_font_size_mobile":{"unit":"px","size":24,"sizes":[]}}],"custom_typography":[{"_id":"e29f739","title":"Special Headline","typography_typography":"custom","typography_font_family":"Poppins","typography_font_size":{"unit":"px","size":22,"sizes":[]},"typography_font_weight":"400","typography_text_transform":"capitalize","typography_font_style":"italic","typography_text_decoration":"none","typography_line_height":{"unit":"em","size":1.2,"sizes":[]},"typography_letter_spacing":{"unit":"px","size":10,"sizes":[]},"typography_word_spacing":{"unit":"em","size":0,"sizes":[]},"typography_font_size_tablet":{"unit":"px","size":18,"sizes":[]},"typography_letter_spacing_tablet":{"unit":"px","size":5,"sizes":[]},"typography_font_size_mobile":{"unit":"px","size":16,"sizes":[]},"typography_letter_spacing_mobile":{"unit":"px","size":2,"sizes":[]}},{"typography_typography":"custom","typography_font_family":"Poppins","typography_font_size":{"unit":"px","size":14,"sizes":[]},"typography_font_weight":"400","typography_text_transform":"uppercase","typography_font_style":"italic","typography_text_decoration":"underline","typography_line_height":{"unit":"em","size":1,"sizes":[]},"typography_letter_spacing":{"unit":"px","size":2,"sizes":[]},"typography_letter_spacing_mobile":{"unit":"px","size":2,"sizes":[]},"typography_word_spacing":{"unit":"em","size":0,"sizes":[]},"_id":"e7623b9","title":"Accent Text Small","typography_font_size_tablet":{"unit":"px","size":12,"sizes":[]}},{"typography_typography":"custom","typography_font_family":"Vidaloka","typography_font_size":{"unit":"px","size":22,"sizes":[]},"typography_font_weight":"400","typography_text_transform":"capitalize","typography_font_style":"normal","typography_text_decoration":"none","typography_line_height":{"unit":"em","size":1.1,"sizes":[]},"typography_letter_spacing":{"unit":"px","size":5,"sizes":[]},"typography_word_spacing":{"unit":"em","size":0,"sizes":[]},"_id":"777294c","title":"Features Title","typography_font_size_tablet":{"unit":"px","size":18,"sizes":[]},"typography_letter_spacing_tablet":{"unit":"px","size":2,"sizes":[]},"typography_letter_spacing_mobile":{"unit":"px","size":0.5,"sizes":[]}},{"typography_typography":"custom","typography_font_family":"Poppins","typography_font_size":{"unit":"px","size":16,"sizes":[]},"typography_font_size_tablet":{"unit":"px","size":14,"sizes":[]},"typography_font_weight":"500","typography_text_transform":"none","typography_font_style":"normal","typography_text_decoration":"none","typography_line_height":{"unit":"em","size":1,"sizes":[]},"typography_letter_spacing":{"unit":"px","size":1.5,"sizes":[]},"typography_word_spacing":{"unit":"em","size":0,"sizes":[]},"_id":"d10746d","title":"Nav Menu","typography_letter_spacing_tablet":{"unit":"px","size":1,"sizes":[]},"typography_letter_spacing_mobile":{"unit":"px","size":0.5,"sizes":[]}},{"title":"Body Text Small","_id":"cac005e","typography_typography":"custom","typography_font_family":"Poppins","typography_font_size":{"unit":"px","size":16,"sizes":[]},"typography_font_size_tablet":{"unit":"px","size":14,"sizes":[]},"typography_font_weight":"400","typography_text_transform":"none","typography_font_style":"normal","typography_text_decoration":"none","typography_line_height":{"unit":"em","size":1.5,"sizes":[]},"typography_letter_spacing":{"unit":"px","size":0,"sizes":[]},"typography_word_spacing":{"unit":"em","size":0,"sizes":[]},"typography_font_size_mobile":{"unit":"px","size":12,"sizes":[]}},{"typography_typography":"custom","typography_font_family":"Poppins","typography_font_size":{"unit":"px","size":18,"sizes":[]},"typography_font_size_tablet":{"unit":"px","size":16,"sizes":[]},"typography_font_size_mobile":{"unit":"px","size":14,"sizes":[]},"typography_font_weight":"600","typography_text_transform":"capitalize","typography_font_style":"normal","typography_text_decoration":"none","typography_line_height":{"unit":"em","size":1,"sizes":[]},"typography_letter_spacing":{"unit":"px","size":0,"sizes":[]},"typography_word_spacing":{"unit":"em","size":0,"sizes":[]},"_id":"9f4037e","title":"Info Title"}],"default_generic_fonts":"Sans-serif","page_title_selector":"h1.entry-title","hello_footer_copyright_text":"\u00a9 2024 Juiceito. All Rights Reserved.","viewport_md":768,"viewport_lg":1025,"container_width":{"unit":"px","size":1680,"sizes":[]},"activeItemIndex":6,"__globals__":{"link_normal_color":"","link_hover_color":"","body_background_color":"globals\/colors?id=4d87a07","hello_header_menu_color":"globals\/colors?id=eaa2dbc","hello_header_menu_toggle_color":"globals\/colors?id=eaa2dbc","hello_footer_copyright_color":"globals\/colors?id=eaa2dbc","hello_footer_copyright_typography_typography":"globals\/typography?id=cac005e","hello_header_menu_typography_typography":"globals\/typography?id=d10746d"},"link_normal_typography_font_size":{"unit":"px","size":71,"sizes":[]},"h1_typography_font_size":{"unit":"px","size":104,"sizes":[]},"h2_typography_font_size":{"unit":"px","size":156,"sizes":[]},"h3_typography_font_size":{"unit":"px","size":132,"sizes":[]},"h4_typography_font_size":{"unit":"px","size":90,"sizes":[]},"h5_typography_font_size":{"unit":"px","size":137,"sizes":[]},"h6_typography_font_size":{"unit":"px","size":121,"sizes":[]},"space_between_widgets":{"column":"","row":"","isLinked":true,"unit":"px","size":"","sizes":[]},"body_background_background":"classic","hello_header_tagline_display":"","hello_header_width":"full-width","hello_header_custom_width":{"unit":"%","size":"","sizes":[]},"hello_header_gap":{"unit":"%","size":2,"sizes":[]},"hello_header_logo_width":{"unit":"px","size":220,"sizes":[]},"hello_header_menu":"19","hello_header_menu_dropdown":"mobile","body_background_color":"#E9612C","hello_header_menu_color":"#FFFFFF","hello_header_menu_toggle_color":"#FFFFFF","hello_footer_tagline_display":"","hello_footer_width":"full-width","hello_footer_gap":{"unit":"%","size":2,"sizes":[]},"hello_footer_logo_width":{"unit":"px","size":220,"sizes":[]},"hello_footer_menu":"19","hello_footer_copyright_color":"#FFFFFF","hello_footer_menu_display":"","hello_header_gap_tablet":{"unit":"%","size":5,"sizes":[]},"hello_header_logo_width_tablet":{"unit":"px","size":180,"sizes":[]},"hello_header_logo_width_mobile":{"unit":"px","size":150,"sizes":[]},"hello_footer_logo_width_tablet":{"unit":"px","size":180,"sizes":[]},"hello_footer_logo_width_mobile":{"unit":"px","size":150,"sizes":[]},"container_padding":{"unit":"px","top":"0","right":"0","bottom":"0","left":"0","isLinked":false}},"metadata":[]}