{"content":[{"id":"591ae6be","settings":{"content_width":{"unit":"px","size":585,"sizes":[]},"gap":"no","height":"min-height","padding":{"unit":"%","top":"0","right":"0","bottom":"8","left":"0","isLinked":false},"_title":"Benefits 01 Title","custom_height_tablet":{"unit":"px","size":200,"sizes":[]},"padding_mobile":{"unit":"%","top":"0","right":"6","bottom":"0","left":"6","isLinked":false},"layout":"full_width","column_position":"stretch","content_position":"bottom","structure":"20","background_background":"classic","__globals__":{"background_color":"globals\/colors?id=f3cfd47"}},"elements":[{"id":"de5fbcb","settings":{"_column_size":50,"_inline_size":null,"_inline_size_tablet":100,"padding_tablet":{"unit":"%","top":"8","right":"0","bottom":"10","left":"0","isLinked":false}},"elements":[{"id":"718b36f8","settings":{"title":"why Oubl\u00e9","align":"left","_animation":"fadeIn","header_size":"h1","align_tablet":"center","_margin":{"unit":"px","top":"-35","right":"0","bottom":"-27","left":"-20","isLinked":false},"_margin_tablet":{"unit":"px","top":"0","right":"0","bottom":"0","left":"0","isLinked":false},"__globals__":{"typography_typography":"globals\/typography?id=b228825"}},"elements":[],"isInner":false,"widgetType":"heading","elType":"widget"}],"isInner":false,"elType":"column"},{"id":"30358ba3","settings":{"_column_size":50,"_inline_size":null,"_inline_size_tablet":100,"padding":{"unit":"%","top":"0","right":"34","bottom":"0","left":"6","isLinked":false},"padding_tablet":{"unit":"%","top":"0","right":"12","bottom":"0","left":"12","isLinked":false},"padding_mobile":{"unit":"%","top":"0","right":"0","bottom":"20","left":"0","isLinked":false}},"elements":[{"id":"1c142681","settings":{"title":"Everything you need to Know about Oubl\u00e9","align":"left","_animation":"fadeIn","align_tablet":"center"},"elements":[],"isInner":false,"widgetType":"heading","elType":"widget"}],"isInner":false,"elType":"column"}],"isInner":false,"elType":"section"},{"id":"75026a61","settings":{"content_width":{"unit":"px","size":1757,"sizes":[]},"gap":"no","custom_height":{"unit":"px","size":803,"sizes":[]},"structure":"30","padding":{"unit":"%","top":"0","right":"4","bottom":"3","left":"4","isLinked":false},"_title":"Benefits 01 Products","custom_height_tablet":{"unit":"px","size":600,"sizes":[]},"column_position":"stretch","content_position":"top","padding_tablet":{"unit":"%","top":"0","right":"4","bottom":"8","left":"4","isLinked":false},"padding_mobile":{"unit":"%","top":"0","right":"6","bottom":"20","left":"6","isLinked":false},"background_background":"classic","__globals__":{"background_color":"globals\/colors?id=f3cfd47"}},"elements":[{"id":"55c92bf","settings":{"_column_size":33,"_inline_size":null,"padding":{"unit":"%","top":"10","right":"15","bottom":"10","left":"15","isLinked":false},"padding_mobile":{"unit":"%","top":"","right":"","bottom":"","left":"","isLinked":true},"motion_fx_translateY_speed":{"unit":"px","size":2,"sizes":[]},"animation":"slideInUp","animation_duration":"fast","border_border":"solid","border_width":{"unit":"px","top":"1","right":"1","bottom":"1","left":"1","isLinked":true},"margin":{"unit":"%","top":"0","right":"7","bottom":"0","left":"0","isLinked":false},"margin_tablet":{"unit":"%","top":"","right":"","bottom":"","left":"","isLinked":true},"margin_mobile":{"unit":"%","top":"0","right":"0","bottom":"20","left":"0","isLinked":false},"padding_tablet":{"unit":"%","top":"8","right":"8","bottom":"8","left":"8","isLinked":true}},"elements":[{"id":"5f79f4db","settings":{"image":{"url":"","id":""},"title_text":"Colors & Shapes ","description_text":"The bottles come in different colors, materials, and shapes so you can choose from a variety of options and find the one that exactly fits your needs and lifestyle.","image_space":{"unit":"px","size":0,"sizes":[]},"text_align":"left","title_bottom_space":{"unit":"px","size":26,"sizes":[]},"_padding":{"unit":"%","top":"","right":"","bottom":"","left":"","isLinked":true},"_padding_tablet":{"unit":"%","top":"","right":"","bottom":"","left":"","isLinked":true},"_border_width":{"unit":"px","top":"1","right":"1","bottom":"1","left":"1","isLinked":false},"__globals__":{"_border_color":"globals\/colors?id=primary","title_typography_typography":"globals\/typography?id=secondary"},"text_align_mobile":"center"},"elements":[],"isInner":false,"widgetType":"image-box","elType":"widget"}],"isInner":false,"elType":"column"},{"id":"3436d3cc","settings":{"_column_size":33,"_inline_size":null,"padding":{"unit":"%","top":"10","right":"15","bottom":"10","left":"15","isLinked":false},"padding_mobile":{"unit":"%","top":"","right":"","bottom":"","left":"","isLinked":true},"motion_fx_translateY_direction":"negative","motion_fx_translateY_speed":{"unit":"px","size":1,"sizes":[]},"animation":"slideInUp","animation_delay":200,"animation_duration":"fast","border_border":"solid","border_width":{"unit":"px","top":"1","right":"1","bottom":"1","left":"1","isLinked":true},"margin":{"unit":"%","top":"0","right":"3.5","bottom":"0","left":"3.5","isLinked":false},"margin_tablet":{"unit":"%","top":"","right":"","bottom":"","left":"","isLinked":true},"margin_mobile":{"unit":"%","top":"0","right":"0","bottom":"20","left":"0","isLinked":false},"padding_tablet":{"unit":"%","top":"8","right":"8","bottom":"8","left":"8","isLinked":true},"__globals__":{"border_color":"globals\/colors?id=primary"}},"elements":[{"id":"51ba8d03","settings":{"image":{"url":"","id":""},"title_text":"Chemical-free","description_text":"Oubl\u00e9 Bottles are made from natural materials. We use only glass and stainless steel to create a chemical-free product for improved taste and better longevity.","image_space":{"unit":"px","size":0,"sizes":[]},"text_align":"left","title_bottom_space":{"unit":"px","size":26,"sizes":[]},"_padding":{"unit":"%","top":"","right":"","bottom":"","left":"","isLinked":true},"_padding_tablet":{"unit":"%","top":"","right":"","bottom":"","left":"","isLinked":true},"_border_width":{"unit":"px","top":"1","right":"1","bottom":"1","left":"1","isLinked":false},"__globals__":{"_border_color":"globals\/colors?id=primary","title_typography_typography":"globals\/typography?id=secondary"},"text_align_mobile":"center"},"elements":[],"isInner":false,"widgetType":"image-box","elType":"widget"}],"isInner":false,"elType":"column"},{"id":"e4a2bd","settings":{"_column_size":33,"_inline_size":null,"padding":{"unit":"%","top":"10","right":"15","bottom":"10","left":"15","isLinked":false},"padding_mobile":{"unit":"%","top":"","right":"","bottom":"","left":"","isLinked":true},"motion_fx_translateY_effect":"yes","motion_fx_translateY_speed":{"unit":"px","size":2,"sizes":[]},"animation":"slideInUp","animation_delay":400,"animation_duration":"fast","border_border":"solid","border_width":{"unit":"px","top":"1","right":"1","bottom":"1","left":"1","isLinked":true},"margin":{"unit":"%","top":"0","right":"0","bottom":"0","left":"7","isLinked":false},"margin_tablet":{"unit":"%","top":"","right":"","bottom":"","left":"","isLinked":true},"margin_mobile":{"unit":"%","top":"0","right":"0","bottom":"0","left":"0","isLinked":false},"padding_tablet":{"unit":"%","top":"8","right":"8","bottom":"8","left":"8","isLinked":true},"__globals__":{"border_color":"globals\/colors?id=primary"}},"elements":[{"id":"4b8452c","settings":{"image":{"url":"","id":""},"title_text":"Simple to use","description_text":"Oubl\u00e9 Bottles maintain temperature for both hot and cold beverages. It\u2019s also resistant to leaks and can be easily disassembled for a thorough cleaning when needed.","image_space":{"unit":"px","size":0,"sizes":[]},"text_align":"left","title_bottom_space":{"unit":"px","size":26,"sizes":[]},"_padding":{"unit":"%","top":"","right":"","bottom":"","left":"","isLinked":true},"_padding_tablet":{"unit":"%","top":"","right":"","bottom":"","left":"","isLinked":true},"_border_width":{"unit":"px","top":"1","right":"1","bottom":"1","left":"1","isLinked":false},"__globals__":{"_border_color":"globals\/colors?id=primary","title_typography_typography":"globals\/typography?id=secondary"},"text_align_mobile":"center"},"elements":[],"isInner":false,"widgetType":"image-box","elType":"widget"}],"isInner":false,"elType":"column"}],"isInner":false,"elType":"section"}],"settings":{"template":"elementor_canvas"},"metadata":[]}