{"content":[{"id":"6379e5a3","settings":{"layout":"full_width","gap":"no","height":"min-height","custom_height":{"unit":"px","size":647,"sizes":[]},"custom_height_tablet":{"unit":"px","size":339,"sizes":[]},"custom_height_mobile":{"unit":"px","size":555,"sizes":[]},"column_position":"bottom","background_background":"classic","background_image":{"id":626,"url":"https:\/\/library.elementor.com\/eco-friendly-water-bottles-flexbox\/wp-content\/uploads\/sites\/165\/2022\/07\/hero-3-pics3.jpg"},"background_position":"initial","background_repeat":"no-repeat","background_size":"initial","background_motion_fx_motion_fx_scrolling":"yes","background_motion_fx_scale_effect":"yes","background_motion_fx_scale_speed":{"unit":"px","size":1,"sizes":[]},"background_overlay_position":"center right","background_overlay_repeat":"no-repeat","background_overlay_size":"contain","background_overlay_opacity":{"unit":"px","size":1,"sizes":[]},"__globals__":{"background_color":"globals\/colors?id=f3cfd47"},"_title":"About 02 Title","background_bg_width_mobile":{"unit":"%","size":50,"sizes":[]},"structure":"20","background_position_mobile":"top right","background_xpos":{"unit":"%","size":32,"sizes":[]},"background_xpos_tablet":{"unit":"%","size":20,"sizes":[]},"background_xpos_mobile":{"unit":"%","size":0,"sizes":[]},"background_bg_width":{"unit":"%","size":21,"sizes":[]},"background_bg_width_tablet":{"unit":"%","size":24,"sizes":[]}},"elements":[{"id":"7577e21","settings":{"_column_size":50,"_inline_size":72.988,"_inline_size_tablet":78},"elements":[{"id":"af15ff9","settings":{"title":"this is Oubl\u00e9","header_size":"h1","align":"left","_element_width_mobile":"inherit","_offset_x":{"unit":"%","size":-28,"sizes":[]},"_offset_x_tablet":{"unit":"%","size":-40,"sizes":[]},"_offset_x_mobile":{"unit":"%","size":-62,"sizes":[]},"_offset_orientation_v":"end","_offset_y_end":{"unit":"%","size":-36,"sizes":[]},"_offset_y_end_tablet":{"unit":"%","size":-26,"sizes":[]},"_animation":"fadeIn","__globals__":{"typography_typography":"globals\/typography?id=b228825"},"align_tablet":"left","_margin":{"unit":"%","top":"0","right":"0","bottom":"-1.7","left":"0","isLinked":false},"_margin_tablet":{"unit":"%","top":"0","right":"-20","bottom":"-15","left":"0","isLinked":false},"_margin_mobile":{"unit":"%","top":"0","right":"0","bottom":"0","left":"0","isLinked":false},"_z_index":5,"_animation_delay":100},"elements":[],"isInner":false,"widgetType":"heading","elType":"widget"}],"isInner":false,"elType":"column"},{"id":"2cf17610","settings":{"_column_size":50,"_inline_size":26.986,"_inline_size_tablet":22,"space_between_widgets":0,"border_border":"solid","border_width":{"unit":"px","top":"0","right":"0","bottom":"0","left":"1","isLinked":false},"border_width_tablet":{"unit":"px","top":"0","right":"0","bottom":"0","left":"0","isLinked":false},"__globals__":{"border_color":"globals\/colors?id=primary"}},"elements":[{"id":"32b77241","settings":{"image":{"url":"https:\/\/library.elementor.com\/eco-friendly-water-bottles-flexbox\/wp-content\/uploads\/sites\/165\/2022\/07\/About-02.jpg","id":940,"alt":"","source":"library"},"align":"left","width":{"unit":"px","size":244,"sizes":[]},"width_tablet":{"unit":"px","size":"","sizes":[]},"width_mobile":{"unit":"px","size":"","sizes":[]},"height":{"unit":"px","size":369,"sizes":[]},"height_tablet":{"unit":"px","size":229,"sizes":[]},"object-fit":"cover","_padding":{"unit":"%","top":"0","right":"0","bottom":"0","left":"10","isLinked":false},"_padding_tablet":{"unit":"%","top":"0","right":"0","bottom":"0","left":"0","isLinked":false},"_padding_mobile":{"unit":"%","top":"","right":"","bottom":"","left":"","isLinked":true}},"elements":[],"isInner":false,"widgetType":"image","elType":"widget"},{"id":"52ebc611","settings":{"title":"co-founders","header_size":"h4","align_mobile":"center","_padding":{"unit":"px","top":"0","right":"0","bottom":"0","left":"32","isLinked":false},"_padding_tablet":{"unit":"px","top":"0","right":"0","bottom":"0","left":"0","isLinked":false},"_element_width":"auto","_element_width_mobile":"inherit","_element_vertical_align":"flex-end","_position":"absolute","_offset_x":{"unit":"px","size":-90,"sizes":[]},"_offset_x_tablet":{"unit":"%","size":0,"sizes":[]},"_offset_x_mobile":{"unit":"%","size":"","sizes":[]},"_offset_orientation_v":"end","_offset_y_end":{"unit":"px","size":74,"sizes":[]},"_offset_y_end_tablet":{"unit":"%","size":106,"sizes":[]},"_offset_y_end_mobile":{"unit":"%","size":"","sizes":[]},"_z_index":10,"_transform_rotate_popover":"transform","_transform_rotateZ_effect":{"unit":"px","size":90,"sizes":[]},"_transform_rotateZ_effect_tablet":{"unit":"px","size":0,"sizes":[]},"_background_background":"classic","__globals__":{"typography_typography":"globals\/typography?id=dffa7b1","_background_color":"globals\/colors?id=f3cfd47"}},"elements":[],"isInner":false,"widgetType":"heading","elType":"widget"}],"isInner":false,"elType":"column"}],"isInner":false,"elType":"section"},{"id":"588dd92d","settings":{"content_width":{"unit":"px","size":1571,"sizes":[]},"gap":"no","height":"min-height","custom_height":{"unit":"px","size":337,"sizes":[]},"custom_height_tablet":{"unit":"px","size":310,"sizes":[]},"content_position":"bottom","structure":"20","background_background":"classic","padding":{"unit":"%","top":"0","right":"36","bottom":"0","left":"10","isLinked":false},"padding_mobile":{"unit":"%","top":"0","right":"6","bottom":"0","left":"6","isLinked":false},"_title":"About 02 Info","__globals__":{"background_color":"globals\/colors?id=f3cfd47"},"layout":"full_width","padding_tablet":{"unit":"%","top":"16","right":"0","bottom":"6","left":"0","isLinked":false}},"elements":[{"id":"249fea10","settings":{"_column_size":50,"_inline_size":null,"_inline_size_tablet":100,"content_position_tablet":"bottom","margin_mobile":{"unit":"%","top":"14","right":"0","bottom":"0","left":"0","isLinked":false},"padding_tablet":{"unit":"%","top":"10","right":"0","bottom":"2","left":"0","isLinked":false}},"elements":[{"id":"197b24c7","settings":{"title":"Plastic-Free\u2028<br>oubl\u00e9 Bottles","align_tablet":"center","_animation":"fadeIn","_animation_delay":600,"header_size":"h1"},"elements":[],"isInner":false,"widgetType":"heading","elType":"widget"}],"isInner":false,"elType":"column"},{"id":"57fe1552","settings":{"_column_size":50,"_inline_size":null,"_inline_size_tablet":100,"padding":{"unit":"%","top":"","right":"","bottom":"","left":"","isLinked":true},"padding_tablet":{"unit":"%","top":"0","right":"8","bottom":"0","left":"14","isLinked":false},"padding_mobile":{"unit":"%","top":"8","right":"0","bottom":"12","left":"0","isLinked":false}},"elements":[{"id":"a25b9cf","settings":{"editor":"Lorem ipsum dolor sit amet, consectetur adipiscing elit, sed do eiusmod tempor incididunt ut labore et dolore magna aliqua. Lorem ipsum dolor sit amet, consectetur adipiscing elit, sed do eiusmod tempor incididunt ut labore et dolore magna aliqua. Lorem ipsum dolor sit amet, consectetur adipiscing elit.","align_tablet":"center","_margin":{"unit":"%","top":"","right":"","bottom":"","left":"","isLinked":true},"_animation":"fadeIn","_animation_delay":800,"align_mobile":"center"},"elements":[],"isInner":false,"widgetType":"text-editor","elType":"widget"}],"isInner":false,"elType":"column"}],"isInner":false,"elType":"section"}],"settings":{"template":"elementor_canvas"},"metadata":[]}