{"content":[{"id":"10245186","settings":{"content_width":{"unit":"px","size":585,"sizes":[]},"gap":"no","height":"min-height","custom_height":{"unit":"px","size":374,"sizes":[]},"custom_height_mobile":{"unit":"px","size":280,"sizes":[]},"background_background":"classic","padding":{"unit":"%","top":"0","right":"4","bottom":"0","left":"4","isLinked":false},"padding_mobile":{"unit":"%","top":"0","right":"6","bottom":"0","left":"6","isLinked":false},"__globals__":{"background_color":"globals\/colors?id=f3cfd47"},"_title":"Testimonials Title"},"elements":[{"id":"2e54d4a8","settings":{"_column_size":100,"_inline_size":null},"elements":[{"id":"5c228f57","settings":{"title":"Everything you need to Know about Oubl\u00e9","align":"center"},"elements":[],"isInner":false,"widgetType":"heading","elType":"widget"}],"isInner":false,"elType":"column"}],"isInner":false,"elType":"section"},{"id":"616eb8ac","settings":{"content_width":{"unit":"px","size":1540,"sizes":[]},"gap":"no","structure":"20","background_background":"classic","padding":{"unit":"%","top":"0","right":"4","bottom":"8","left":"4","isLinked":false},"padding_mobile":{"unit":"%","top":"0","right":"6","bottom":"20","left":"6","isLinked":false},"_title":"Testimonials Content","__globals__":{"background_color":"globals\/colors?id=f3cfd47"},"padding_tablet":{"unit":"%","top":"0","right":"4","bottom":"12","left":"4","isLinked":false}},"elements":[{"id":"41dbc7c1","settings":{"_column_size":50,"_inline_size":null,"margin_mobile":{"unit":"%","top":"0","right":"0","bottom":"20","left":"0","isLinked":false},"padding":{"unit":"%","top":"0","right":"10","bottom":"0","left":"0","isLinked":false},"padding_tablet":{"unit":"%","top":"0","right":"8","bottom":"0","left":"0","isLinked":false},"padding_mobile":{"unit":"px","top":"0","right":"0","bottom":"0","left":"0","isLinked":false}},"elements":[{"id":"5a076078","settings":{"width":{"unit":"px","size":356,"sizes":[]},"width_tablet":{"unit":"%","size":90,"sizes":[]},"width_mobile":{"unit":"%","size":80,"sizes":[]},"align_mobile":"center","text":"Divider","gap":{"unit":"px","size":0,"sizes":[]},"_margin":{"unit":"%","top":"0","right":"0","bottom":"10","left":"0","isLinked":false}},"elements":[],"isInner":false,"widgetType":"divider","elType":"widget"},{"id":"2c7bc599","settings":{"title":"I felt connected to Oubl\u00e9 approach \u2028so I decided switch to Sustainabl bottle and i love it!! \u05f4","align_mobile":"center","__globals__":{"typography_typography":"globals\/typography?id=secondary"}},"elements":[],"isInner":false,"widgetType":"heading","elType":"widget"},{"id":"12b8b64d","settings":{"editor":"Lorem ipsum dolor sit amet, consectetur adipiscing elit, sed do eiusmod tempor incididunt ut labore et dolore magna aliqua. Lorem ipsum dolor sit amet, consectetur adipiscing elit, sed do eiusmod tempor incididunt ut labore et dolore magna aliqua. Lorem ipsum dolor sit amet, consectetur adipiscing elit.","align_mobile":"center","_margin":{"unit":"%","top":"6","right":"14","bottom":"5","left":"0","isLinked":false},"_margin_tablet":{"unit":"%","top":"10","right":"0","bottom":"8","left":"0","isLinked":false},"_margin_mobile":{"unit":"px","top":"30","right":"0","bottom":"26","left":"0","isLinked":false}},"elements":[],"isInner":false,"widgetType":"text-editor","elType":"widget"},{"id":"73379862","settings":{"title":"Luti Bron","header_size":"p","align_mobile":"center","__globals__":{"typography_typography":"globals\/typography?id=dffa7b1"}},"elements":[],"isInner":false,"widgetType":"heading","elType":"widget"}],"isInner":false,"elType":"column"},{"id":"52df3638","settings":{"_column_size":50,"_inline_size":null,"padding":{"unit":"%","top":"0","right":"0","bottom":"0","left":"10","isLinked":false},"padding_tablet":{"unit":"%","top":"0","right":"0","bottom":"0","left":"8","isLinked":false},"padding_mobile":{"unit":"px","top":"0","right":"0","bottom":"0","left":"0","isLinked":false}},"elements":[{"id":"4d15e1f7","settings":{"width":{"unit":"px","size":356,"sizes":[]},"width_tablet":{"unit":"%","size":90,"sizes":[]},"width_mobile":{"unit":"%","size":80,"sizes":[]},"align_mobile":"center","text":"Divider","gap":{"unit":"px","size":0,"sizes":[]},"_margin":{"unit":"%","top":"0","right":"0","bottom":"10","left":"0","isLinked":false}},"elements":[],"isInner":false,"widgetType":"divider","elType":"widget"},{"id":"6738affc","settings":{"title":"I felt connected to Oubl\u00e9 approach \u2028so I decided switch to Sustainabl bottle and i love it!! \u05f4","align_mobile":"center","__globals__":{"typography_typography":"globals\/typography?id=secondary"}},"elements":[],"isInner":false,"widgetType":"heading","elType":"widget"},{"id":"5d395751","settings":{"editor":"Lorem ipsum dolor sit amet, consectetur adipiscing elit, sed do eiusmod tempor incididunt ut labore et dolore magna aliqua. Lorem ipsum dolor sit amet, consectetur adipiscing elit, sed do eiusmod tempor incididunt ut labore et dolore magna aliqua. Lorem ipsum dolor sit amet, consectetur adipiscing elit.","align_mobile":"center","_margin":{"unit":"%","top":"6","right":"14","bottom":"5","left":"0","isLinked":false},"_margin_tablet":{"unit":"%","top":"10","right":"0","bottom":"8","left":"0","isLinked":false},"_margin_mobile":{"unit":"px","top":"30","right":"0","bottom":"26","left":"0","isLinked":false}},"elements":[],"isInner":false,"widgetType":"text-editor","elType":"widget"},{"id":"6cc4a6a9","settings":{"title":"Luti Bron","header_size":"p","align_mobile":"center","__globals__":{"typography_typography":"globals\/typography?id=dffa7b1"}},"elements":[],"isInner":false,"widgetType":"heading","elType":"widget"}],"isInner":false,"elType":"column"}],"isInner":false,"elType":"section"}],"settings":{"template":"elementor_canvas"},"metadata":[]}