{"content":[{"id":"6a097709","settings":{"content_width":{"unit":"px","size":1760,"sizes":[]},"gap":"no","height":"min-height","custom_height":{"unit":"px","size":340,"sizes":[]},"custom_height_tablet":{"unit":"px","size":290,"sizes":[]},"structure":"20","background_background":"classic","padding":{"unit":"%","top":"0","right":"4","bottom":"4","left":"4","isLinked":false},"padding_tablet":{"unit":"%","top":"6","right":"4","bottom":"6","left":"4","isLinked":false},"__globals__":{"background_color":"globals\/colors?id=f3cfd47"},"column_position":"bottom","padding_mobile":{"unit":"%","top":"2","right":"6","bottom":"16","left":"6","isLinked":false},"_title":"Hero 2 Top"},"elements":[{"id":"3bc0be34","settings":{"_column_size":50,"_inline_size":60,"_inline_size_tablet":100},"elements":[{"id":"54dc2e58","settings":{"title":"Oubl\u00e9","header_size":"h1","align":"left","_element_width_mobile":"inherit","_offset_x":{"unit":"%","size":-28,"sizes":[]},"_offset_x_tablet":{"unit":"%","size":-40,"sizes":[]},"_offset_x_mobile":{"unit":"%","size":-62,"sizes":[]},"_offset_orientation_v":"end","_offset_y_end":{"unit":"%","size":-36,"sizes":[]},"_offset_y_end_tablet":{"unit":"%","size":-26,"sizes":[]},"_animation":"fadeIn","__globals__":{"typography_typography":"globals\/typography?id=b228825"},"align_tablet":"center"},"elements":[],"isInner":false,"widgetType":"heading","elType":"widget"}],"isInner":false,"elType":"column"},{"id":"1967f6e9","settings":{"_column_size":50,"_inline_size":39.972,"_inline_size_tablet":100,"margin":{"unit":"%","top":"0","right":"30","bottom":"6","left":"0","isLinked":false},"margin_tablet":{"unit":"%","top":"0","right":"15","bottom":"0","left":"15","isLinked":false},"margin_mobile":{"unit":"px","top":"0","right":"0","bottom":"0","left":"0","isLinked":false}},"elements":[{"id":"78c35696","settings":{"editor":"Lorem ipsum dolor sit amet, consectetur adipiscing elit, sed do eiusmod tempor incididunt ut labore et dolore magna aliqua. Lorem ipsum dolor sit amet, consectetur adipiscing elit","align_tablet":"center","_margin":{"unit":"%","top":"0","right":"0","bottom":"6","left":"0","isLinked":false},"_animation":"fadeIn","_animation_delay":800},"elements":[],"isInner":false,"widgetType":"text-editor","elType":"widget"},{"id":"7f53c46a","settings":{"text":"Discover","align":"left","selected_icon":{"value":"fas fa-circle","library":"fa-solid"},"icon_indent":{"unit":"px","size":10,"sizes":[]},"__globals__":{"button_text_color":"globals\/colors?id=accent","background_color":"globals\/colors?id=e361c3e","hover_color":"globals\/colors?id=text","typography_typography":"globals\/typography?id=accent"},"text_padding":{"unit":"px","top":"0","right":"0","bottom":"0","left":"0","isLinked":false},"_margin":{"unit":"px","top":"10","right":"0","bottom":"0","left":"0","isLinked":false},"_animation":"fadeIn","animation_duration":"slow","_animation_delay":400,"link":{"url":"","is_external":"","nofollow":"","custom_attributes":""},"align_tablet":"center"},"elements":[],"isInner":false,"widgetType":"button","elType":"widget"}],"isInner":false,"elType":"column"}],"isInner":false,"elType":"section"},{"id":"55b193f1","settings":{"content_width":{"unit":"px","size":1760,"sizes":[]},"gap":"no","height":"min-height","custom_height":{"unit":"px","size":340,"sizes":[]},"background_background":"classic","padding":{"unit":"%","top":"0","right":"4","bottom":"0","left":"4","isLinked":false},"__globals__":{"background_color":"globals\/colors?id=f3cfd47"},"padding_mobile":{"unit":"%","top":"0","right":"6","bottom":"0","left":"6","isLinked":false},"_title":"Hero 2 Bottom"},"elements":[{"id":"36ff7eb3","settings":{"_column_size":100,"_inline_size":null},"elements":[{"id":"1db51796","settings":{"gallery":[{"id":596,"url":"https:\/\/library.elementor.com\/eco-friendly-water-bottles-flexbox\/wp-content\/uploads\/sites\/165\/2022\/07\/hero-2-pics1.jpg"},{"id":597,"url":"https:\/\/library.elementor.com\/eco-friendly-water-bottles-flexbox\/wp-content\/uploads\/sites\/165\/2022\/07\/hero-2-pics2.jpg"},{"id":598,"url":"https:\/\/library.elementor.com\/eco-friendly-water-bottles-flexbox\/wp-content\/uploads\/sites\/165\/2022\/07\/hero-2-pics3.jpg"},{"id":599,"url":"https:\/\/library.elementor.com\/eco-friendly-water-bottles-flexbox\/wp-content\/uploads\/sites\/165\/2022\/07\/hero-2-pics4.jpg"}],"galleries":[{"gallery_title":"New Gallery","_id":"704a349"}],"gallery_layout":"masonry","columns_tablet":4,"columns_mobile":2,"gap":{"unit":"px","size":25,"sizes":[]},"thumbnail_image_size":"large","show_all_galleries_label":"All"},"elements":[],"isInner":false,"widgetType":"gallery","elType":"widget"}],"isInner":false,"elType":"column"}],"isInner":false,"elType":"section"}],"settings":{"template":"elementor_canvas"},"metadata":[]}