{"content":[{"id":"151c35c4","settings":{"layout":"full_width","gap":"no","height":"min-height","custom_height":{"unit":"vh","size":100,"sizes":[]},"custom_height_tablet":{"unit":"vh","size":"","sizes":[]},"custom_height_mobile":{"unit":"vh","size":"","sizes":[]},"column_position":"stretch","structure":"20","background_background":"classic","background_image":{"url":"","id":"","alt":"","source":"library"},"background_position":"center right","background_repeat":"no-repeat","background_size":"contain","_title":"About 01","__globals__":{"background_color":"globals\/colors?id=f3cfd47"},"reverse_order_tablet":"reverse-tablet","reverse_order_mobile":"reverse-mobile"},"elements":[{"id":"4f45a114","settings":{"_column_size":50,"_inline_size":51.016,"padding":{"unit":"%","top":"12","right":"5","bottom":"0","left":"8","isLinked":false},"padding_tablet":{"unit":"%","top":"","right":"","bottom":"","left":"","isLinked":true},"padding_mobile":{"unit":"%","top":"12","right":"6","bottom":"0","left":"6","isLinked":false},"_inline_size_tablet":100},"elements":[{"id":"3637fd97","settings":{"image":{"url":"https:\/\/library.elementor.com\/eco-friendly-water-bottles-flexbox\/wp-content\/uploads\/sites\/165\/2022\/07\/about_01_product.jpg","id":870,"alt":"","source":"library"},"title_text":"Plastic-Free<br>Oubl\u00e9 Bottles","description_text":"Lorem ipsum dolor sit amet, consectetur adipiscing elit, sed do eiusmod tempor incididunt ut labore et dolore magna aliqua. Lorem ipsum dolor sit amet, consectetur adipiscing elit, sed do eiusmod tempor incididunt ut labore et dolore magna aliqua. Lorem ipsum dolor sit amet, consectetur adipiscing elit.","position":"left","image_space":{"unit":"px","size":76,"sizes":[]},"image_size":{"unit":"%","size":51,"sizes":[]},"title_bottom_space":{"unit":"px","size":30,"sizes":[]},"image_space_tablet":{"unit":"px","size":30,"sizes":[]},"image_size_tablet":{"unit":"%","size":65,"sizes":[]},"image_size_mobile":{"unit":"%","size":100,"sizes":[]},"title_bottom_space_tablet":{"unit":"px","size":10,"sizes":[]},"title_bottom_space_mobile":{"unit":"px","size":25,"sizes":[]}},"elements":[],"isInner":false,"widgetType":"image-box","elType":"widget"},{"id":"543c46c9","settings":{"layout":"full_width","gap":"no","margin":{"unit":"%","top":"20","right":0,"bottom":"26","left":0,"isLinked":false},"margin_tablet":{"unit":"%","top":"10","right":0,"bottom":"10","left":0,"isLinked":false},"margin_mobile":{"unit":"%","top":"12","right":0,"bottom":"20","left":0,"isLinked":false}},"elements":[{"id":"3a3812fc","settings":{"_column_size":100,"_inline_size_tablet":50,"padding":{"unit":"%","top":"0","right":"18","bottom":"0","left":"0","isLinked":false},"padding_tablet":{"unit":"%","top":"0","right":"16","bottom":"0","left":"0","isLinked":false},"padding_mobile":{"unit":"%","top":"0","right":"0","bottom":"20","left":"0","isLinked":false}},"elements":[{"id":"34ac9f2","settings":{"image":{"url":"","id":""},"title_text":"our values","description_text":"The bottles come in different colors, materials, and shapes. That you can find exactly the one that fits your needs and lifestyle.","image_space":{"unit":"px","size":26,"sizes":[]},"text_align":"left","text_align_mobile":"center","__globals__":{"title_typography_typography":"globals\/typography?id=secondary"}},"elements":[],"isInner":false,"widgetType":"image-box","elType":"widget"}],"isInner":false,"elType":"column"},{"id":"ee42087","settings":{"_column_size":100,"_inline_size_tablet":50,"padding":{"unit":"%","top":"0","right":"18","bottom":"0","left":"0","isLinked":false},"padding_tablet":{"unit":"%","top":"0","right":"0","bottom":"0","left":"16","isLinked":false},"padding_mobile":{"unit":"%","top":"0","right":"0","bottom":"0","left":"0","isLinked":false}},"elements":[{"id":"4edfaed5","settings":{"image":{"url":"","id":""},"title_text":"our vision","description_text":"The bottles come in different colors, materials, and shapes. That you can find exactly the one that fits your needs and lifestyle.","image_space":{"unit":"px","size":26,"sizes":[]},"text_align":"left","text_align_mobile":"center","__globals__":{"title_typography_typography":"globals\/typography?id=secondary"}},"elements":[],"isInner":false,"widgetType":"image-box","elType":"widget"}],"isInner":false,"elType":"column"}],"isInner":true,"elType":"section"},{"id":"4a4c89cf","settings":{"title":"this is us","header_size":"h1","__globals__":{"typography_typography":"globals\/typography?id=b228825"},"_margin":{"unit":"%","top":"0","right":"-70","bottom":"-3","left":"0","isLinked":false},"_margin_tablet":{"unit":"%","top":"0","right":"0","bottom":"0","left":"0","isLinked":false},"_position":"absolute","_offset_orientation_v":"end","align_tablet":"center","_offset_y_end_tablet":{"unit":"vh","size":72,"sizes":[]},"_offset_y_end_mobile":{"unit":"%","size":110,"sizes":[]}},"elements":[],"isInner":false,"widgetType":"heading","elType":"widget"}],"isInner":false,"elType":"column"},{"id":"7d599f56","settings":{"_column_size":50,"_inline_size":48.958,"content_position":"bottom","background_background":"classic","background_image":{"url":"https:\/\/library.elementor.com\/eco-friendly-water-bottles-flexbox\/wp-content\/uploads\/sites\/165\/2022\/07\/About_01.jpg","id":868,"alt":"","source":"library"},"background_position":"center center","background_repeat":"no-repeat","background_size":"cover","_inline_size_tablet":100,"background_position_tablet":"bottom center"},"elements":[{"id":"570affb4","settings":{"space_tablet":{"unit":"px","size":330,"sizes":[]}},"elements":[],"isInner":false,"widgetType":"spacer","elType":"widget"}],"isInner":false,"elType":"column"}],"isInner":false,"elType":"section"}],"settings":{"template":"elementor_canvas"},"metadata":[]}