{"content":[{"id":"241a4ef","settings":{"layout":"full_width","gap":"no","height":"min-height","custom_height":{"unit":"vh","size":100,"sizes":[]},"custom_height_tablet":{"unit":"px","size":892,"sizes":[]},"custom_height_mobile":{"unit":"px","size":810,"sizes":[]},"column_position":"stretch","structure":"20","background_background":"classic","background_image":{"url":"","id":"","alt":"","source":"library"},"background_position":"center right","background_repeat":"no-repeat","background_size":"contain","_title":"Testimonials 02","__globals__":{"background_color":"globals\/colors?id=f3cfd47"},"reverse_order_tablet":"reverse-tablet","reverse_order_mobile":"reverse-mobile","overflow":"hidden","animation":"none","content_position":"middle"},"elements":[{"id":"448f6284","settings":{"_column_size":50,"_inline_size":38.962,"content_position":"bottom","background_background":"classic","background_image":{"url":"https:\/\/library.elementor.com\/eco-friendly-water-bottles-flexbox\/wp-content\/uploads\/sites\/165\/2022\/07\/contact-01-img.jpg","id":990,"alt":"","source":"library"},"background_position":"center center","background_repeat":"no-repeat","background_size":"cover","_inline_size_tablet":100,"background_position_tablet":"top center"},"elements":[{"id":"1ce6ab85","settings":{"space_tablet":{"unit":"px","size":360,"sizes":[]},"space_mobile":{"unit":"px","size":290,"sizes":[]}},"elements":[],"isInner":false,"widgetType":"spacer","elType":"widget"}],"isInner":false,"elType":"column"},{"id":"4c180b69","settings":{"_column_size":50,"_inline_size":61.012,"padding":{"unit":"%","top":"8","right":"28","bottom":"8","left":"12","isLinked":false},"padding_tablet":{"unit":"%","top":"8","right":"8","bottom":"8","left":"8","isLinked":true},"padding_mobile":{"unit":"%","top":"2","right":"6","bottom":"2","left":"6","isLinked":false},"_inline_size_tablet":100,"space_between_widgets":0},"elements":[{"id":"5855c843","settings":{"width":{"unit":"px","size":356,"sizes":[]},"width_tablet":{"unit":"%","size":90,"sizes":[]},"width_mobile":{"unit":"%","size":80,"sizes":[]},"align_mobile":"center","text":"Divider","gap":{"unit":"px","size":0,"sizes":[]},"_margin":{"unit":"%","top":"0","right":"0","bottom":"10","left":"0","isLinked":false}},"elements":[],"isInner":false,"widgetType":"divider","elType":"widget"},{"id":"70f3629a","settings":{"title":"I felt connected to Oubl\u00e9 approach \u2028so I decided switch to Sustainabl bottle and i love it!! \u05f4","align_mobile":"center","__globals__":{"typography_typography":"globals\/typography?id=secondary"}},"elements":[],"isInner":false,"widgetType":"heading","elType":"widget"},{"id":"4fda1cfe","settings":{"editor":"Lorem ipsum dolor sit amet, consectetur adipiscing elit, sed do eiusmod tempor incididunt ut labore et dolore magna aliqua. Lorem ipsum dolor sit amet, consectetur adipiscing elit, sed do eiusmod tempor incididunt ut labore et dolore magna aliqua. Lorem ipsum dolor sit amet, consectetur adipiscing elit.","align_mobile":"center","_margin":{"unit":"%","top":"6","right":"14","bottom":"5","left":"0","isLinked":false},"_margin_tablet":{"unit":"%","top":"6","right":"0","bottom":"6","left":"0","isLinked":false},"_margin_mobile":{"unit":"px","top":"30","right":"0","bottom":"26","left":"0","isLinked":false}},"elements":[],"isInner":false,"widgetType":"text-editor","elType":"widget"},{"id":"242ee707","settings":{"title":"Luti Bron","header_size":"p","align_mobile":"center","__globals__":{"typography_typography":"globals\/typography?id=dffa7b1"}},"elements":[],"isInner":false,"widgetType":"heading","elType":"widget"}],"isInner":false,"elType":"column"}],"isInner":false,"elType":"section"}],"settings":{"template":"elementor_canvas"},"metadata":[]}