{"content":[{"id":"680fda30","settings":{"layout":"full_width","gap":"no","height":"min-height","custom_height":{"unit":"px","size":800,"sizes":[]},"column_position":"stretch","structure":"20","background_background":"classic","margin":{"unit":"px","top":"","right":0,"bottom":"","left":0,"isLinked":true},"_title":"CTA 01","__globals__":{"background_color":"globals\/colors?id=f3cfd47"},"margin_tablet":{"unit":"px","top":"","right":0,"bottom":"","left":0,"isLinked":true},"margin_mobile":{"unit":"px","top":"","right":0,"bottom":"","left":0,"isLinked":true},"reverse_order_mobile":"reverse-mobile","content_position":"middle","overflow":"hidden"},"elements":[{"id":"5c07ef71","settings":{"_column_size":50,"_inline_size":58.39,"padding":{"unit":"%","top":"","right":"","bottom":"","left":"","isLinked":true},"_inline_size_tablet":60,"align_mobile":"center","padding_tablet":{"unit":"%","top":"8","right":"8","bottom":"0","left":"8","isLinked":false},"padding_mobile":{"unit":"%","top":"20","right":"6","bottom":"20","left":"6","isLinked":false},"space_between_widgets":0},"elements":[{"id":"7dc926d9","settings":{"layout":"full_width","gap":"no","padding":{"unit":"%","top":"0","right":"44","bottom":"10","left":"10","isLinked":false},"padding_tablet":{"unit":"%","top":"0","right":"0","bottom":"0","left":"0","isLinked":false},"padding_mobile":{"unit":"%","top":"","right":"","bottom":"","left":"","isLinked":true}},"elements":[{"id":"13b34694","settings":{"_column_size":100,"_inline_size":null},"elements":[{"id":"21fed870","settings":{"title":"PLASTIC-FREe<br>Oubl\u00e9 Bottles","align_mobile":"center","_margin":{"unit":"%","top":"0","right":"0","bottom":"4","left":"0","isLinked":false},"_margin_tablet":{"unit":"%","top":"","right":"","bottom":"","left":"","isLinked":true},"_margin_mobile":{"unit":"%","top":"","right":"","bottom":"","left":"","isLinked":true}},"elements":[],"isInner":false,"widgetType":"heading","elType":"widget"},{"id":"494c734b","settings":{"editor":"Lorem ipsum dolor sit amet, consectetur adipiscing elit, sed do eiusmod tempor incididunt ut labore et dolore magna aliqua. Lorem ipsum dolor sit amet, consectetur adipiscing elit, sed do eiusmod tempor incididunt ut labore et dolore magna aliqua. Lorem ipsum dolor sit amet, consectetur adipiscing elit.","align_tablet":"left","align_mobile":"center","_margin":{"unit":"%","top":"0","right":"0","bottom":"6","left":"0","isLinked":false},"_margin_tablet":{"unit":"%","top":"0","right":"0","bottom":"6","left":"0","isLinked":false},"_margin_mobile":{"unit":"%","top":"","right":"","bottom":"","left":"","isLinked":true}},"elements":[],"isInner":false,"widgetType":"text-editor","elType":"widget"},{"id":"1643b476","settings":{"text":"Discover","align":"left","selected_icon":{"value":"fas fa-circle","library":"fa-solid"},"icon_indent":{"unit":"px","size":10,"sizes":[]},"__globals__":{"button_text_color":"globals\/colors?id=accent","background_color":"globals\/colors?id=e361c3e","hover_color":"globals\/colors?id=text","typography_typography":"globals\/typography?id=accent"},"text_padding":{"unit":"px","top":"0","right":"0","bottom":"0","left":"0","isLinked":false},"_animation":"fadeIn","animation_duration":"slow","_animation_delay":400,"link":{"url":"","is_external":"","nofollow":"","custom_attributes":""},"align_mobile":"center","_margin_tablet":{"unit":"px","top":"0","right":"0","bottom":"0","left":"0","isLinked":false},"align_tablet":"left"},"elements":[],"isInner":false,"widgetType":"button","elType":"widget"}],"isInner":true,"elType":"column"}],"isInner":true,"elType":"section"},{"id":"5a9b2cff","settings":{"title":"discover","header_size":"h1","align_tablet":"center","_margin_tablet":{"unit":"px","top":"0","right":"0","bottom":"0","left":"0","isLinked":false},"_padding_tablet":{"unit":"%","top":"6","right":"0","bottom":"0","left":"0","isLinked":false},"_padding_mobile":{"unit":"%","top":"","right":"","bottom":"","left":"","isLinked":true},"_element_custom_width":{"unit":"vw","size":12,"sizes":[]},"_element_custom_width_tablet":{"unit":"vw","size":"","sizes":[]},"_element_custom_width_mobile":{"unit":"vw","size":"","sizes":[]},"_transform_rotateZ_effect":{"unit":"px","size":-90,"sizes":[]},"_transform_rotateZ_effect_tablet":{"unit":"px","size":0,"sizes":[]},"_transform_rotateZ_effect_mobile":{"unit":"px","size":0,"sizes":[]},"_transform_translateX_effect_tablet":{"unit":"%","size":42,"sizes":[]},"_transform_translateX_effect_mobile":{"unit":"%","size":0,"sizes":[]},"_transform_translateY_effect":{"unit":"%","size":-85,"sizes":[]},"_transform_translateY_effect_tablet":{"unit":"%","size":0,"sizes":[]},"_transform_translateY_effect_mobile":{"unit":"%","size":0,"sizes":[]},"__globals__":{"typography_typography":"globals\/typography?id=b228825"},"_margin":{"unit":"px","top":"0","right":"0","bottom":"-20","left":"-16","isLinked":false},"_position":"absolute","_offset_orientation_v":"end","_offset_y_end_mobile":{"unit":"%","size":120,"sizes":[]},"_z_index":5,"_animation":"slideInLeft","_animation_mobile":"fadeIn","animation_duration":"slow","_animation_delay":200},"elements":[],"isInner":false,"widgetType":"heading","elType":"widget"}],"isInner":false,"elType":"column"},{"id":"29051184","settings":{"_column_size":50,"_inline_size":41.61,"background_background":"classic","background_image":{"id":819,"url":"https:\/\/library.elementor.com\/eco-friendly-water-bottles-flexbox\/wp-content\/uploads\/sites\/165\/2022\/07\/Service-Details-02-img.jpg","alt":"","source":"library"},"background_position":"center center","background_repeat":"no-repeat","background_size":"cover","_inline_size_tablet":40,"background_position_tablet":"top center","animation":"slideInUp","content_position":"bottom","content_position_tablet":"top","background_position_mobile":"center center"},"elements":[{"id":"673673bb","settings":{"space_mobile":{"unit":"px","size":220,"sizes":[]}},"elements":[],"isInner":false,"widgetType":"spacer","elType":"widget"}],"isInner":false,"elType":"column"}],"isInner":false,"elType":"section"}],"settings":{"template":"elementor_canvas"},"metadata":[]}