{"content":[{"id":"96f547c","settings":{"content_width":{"unit":"px","size":1760,"sizes":[]},"gap":"no","height":"min-height","custom_height":{"unit":"px","size":300,"sizes":[]},"custom_height_mobile":{"unit":"px","size":200,"sizes":[]},"padding":{"unit":"%","top":"0","right":"4","bottom":"0","left":"4","isLinked":false},"padding_tablet":{"unit":"%","top":"4","right":"4","bottom":"0","left":"4","isLinked":false},"padding_mobile":{"unit":"%","top":"0","right":"6","bottom":"0","left":"6","isLinked":false},"_title":"Services 01 Title","custom_height_tablet":{"unit":"px","size":320,"sizes":[]},"column_position":"stretch","content_position":"bottom","z_index":5},"elements":[{"id":"7fd5b1e2","settings":{"_column_size":100,"_inline_size":null},"elements":[{"id":"28b7b101","settings":{"title":"Oubl\u00e9 Bottles","align_mobile":"center","_margin":{"unit":"%","top":"","right":"","bottom":"","left":"","isLinked":true},"_margin_tablet":{"unit":"px","top":"0","right":"0","bottom":"0","left":"0","isLinked":false},"_element_custom_width":{"unit":"%","size":50.3,"sizes":[]},"_position":"absolute","_offset_x_tablet":{"unit":"%","size":"","sizes":[]},"_offset_x_mobile":{"unit":"%","size":0,"sizes":[]},"_offset_y":{"unit":"vh","size":"","sizes":[]},"_offset_y_mobile":{"unit":"vh","size":0,"sizes":[]},"_animation":"slideInDown","_animation_tablet":"fadeIn","animation_duration":"fast","_transform_rotate_popover":"transform","_transform_rotateZ_effect":{"unit":"px","size":90,"sizes":[]},"_transform_rotateZ_effect_tablet":{"unit":"px","size":0,"sizes":[]},"__globals__":{"typography_typography":"globals\/typography?id=b228825"},"_offset_x":{"unit":"%","size":"","sizes":[]},"_offset_y_tablet":{"unit":"vh","size":"","sizes":[]},"_offset_y_end":{"unit":"%","size":-195,"sizes":[]},"_offset_y_end_tablet":{"unit":"%","size":"","sizes":[]},"_offset_y_end_mobile":{"unit":"%","size":"","sizes":[]},"_transform_translate_popover":"transform","_transform_translateX_effect":{"unit":"%","size":44,"sizes":[]},"_transform_translateX_effect_tablet":{"unit":"%","size":-1,"sizes":[]},"_transform_translateX_effect_mobile":{"unit":"%","size":"","sizes":[]},"_transform_translateY_effect":{"unit":"%","size":48.5,"sizes":[]},"_transform_translateY_effect_tablet":{"unit":"%","size":-30,"sizes":[]},"_transform_translateY_effect_mobile":{"unit":"%","size":20,"sizes":[]}},"elements":[],"isInner":false,"widgetType":"heading","elType":"widget"},{"id":"4b23c986","settings":{"text":"learn more","align":"right","selected_icon":{"value":"fas fa-circle","library":"fa-solid"},"icon_indent":{"unit":"px","size":10,"sizes":[]},"__globals__":{"button_text_color":"globals\/colors?id=accent","background_color":"globals\/colors?id=e361c3e","hover_color":"globals\/colors?id=text","typography_typography":"globals\/typography?id=accent"},"text_padding":{"unit":"px","top":"0","right":"0","bottom":"0","left":"0","isLinked":false},"_margin":{"unit":"%","top":"0","right":"00.5","bottom":"4","left":"0","isLinked":false},"_animation":"fadeIn","animation_duration":"slow","_animation_delay":400,"link":{"url":"","is_external":"","nofollow":"","custom_attributes":""},"align_mobile":"center","_margin_tablet":{"unit":"%","top":"0","right":"0","bottom":"0","left":"0","isLinked":false},"_margin_mobile":{"unit":"%","top":"0","right":"0","bottom":"4","left":"0","isLinked":false}},"elements":[],"isInner":false,"widgetType":"button","elType":"widget"}],"isInner":false,"elType":"column"}],"isInner":false,"elType":"section"},{"id":"2d68d288","settings":{"content_width":{"unit":"px","size":1760,"sizes":[]},"gap":"no","custom_height":{"unit":"px","size":"","sizes":[]},"custom_height_tablet":{"unit":"px","size":730,"sizes":[]},"column_position":"stretch","content_position":"bottom","overflow":"hidden","structure":"30","background_background":"classic","padding":{"unit":"%","top":"0","right":"4","bottom":"0","left":"4","isLinked":false},"padding_tablet":{"unit":"%","top":"4","right":"4","bottom":"0","left":"4","isLinked":false},"padding_mobile":{"unit":"%","top":"0","right":"6","bottom":"0","left":"6","isLinked":false},"_title":"Services Images 01","__globals__":{"background_color":"globals\/colors?id=f3cfd47"}},"elements":[{"id":"5d459ce6","settings":{"_column_size":33,"_inline_size":24.154,"_inline_size_tablet":33.3,"space_between_widgets":0,"padding_tablet":{"unit":"%","top":"0","right":"2","bottom":"0","left":"0","isLinked":false},"padding_mobile":{"unit":"%","top":"0","right":"0","bottom":"15.6","left":"0","isLinked":false}},"elements":[{"id":"65f080d1","settings":{"image":{"id":598,"url":"https:\/\/library.elementor.com\/eco-friendly-water-bottles-flexbox\/wp-content\/uploads\/sites\/165\/2022\/07\/hero-2-pics3.jpg","alt":"","source":"library"},"width":{"unit":"px","size":425,"sizes":[]},"height":{"unit":"px","size":725,"sizes":[]},"height_tablet":{"unit":"px","size":500,"sizes":[]},"object-fit":"cover","_animation":"slideInUp","animation_duration":"fast"},"elements":[],"isInner":false,"widgetType":"image","elType":"widget"}],"isInner":false,"elType":"column"},{"id":"7e5d0c04","settings":{"_column_size":33,"_inline_size":51.36,"_inline_size_tablet":33.3,"align":"flex-end","align_mobile":"center","space_between_widgets":0,"padding":{"unit":"%","top":"0","right":"2","bottom":"0","left":"50","isLinked":false},"padding_tablet":{"unit":"%","top":"0","right":"1","bottom":"0","left":"1","isLinked":false},"padding_mobile":{"unit":"%","top":"0","right":"0","bottom":"20","left":"0","isLinked":false}},"elements":[{"id":"21228def","settings":{"image":{"id":597,"url":"https:\/\/library.elementor.com\/eco-friendly-water-bottles-flexbox\/wp-content\/uploads\/sites\/165\/2022\/07\/hero-2-pics2.jpg","alt":"","source":"library"},"width":{"unit":"px","size":425,"sizes":[]},"height":{"unit":"px","size":725,"sizes":[]},"height_tablet":{"unit":"px","size":500,"sizes":[]},"object-fit":"cover","_element_width":"auto","_element_vertical_align":"flex-end","_animation":"slideInUp","animation_duration":"fast","align":"right","width_tablet":{"unit":"vw","size":"","sizes":[]},"width_mobile":{"unit":"vw","size":"","sizes":[]}},"elements":[],"isInner":false,"widgetType":"image","elType":"widget"}],"isInner":false,"elType":"column"},{"id":"1a41cefe","settings":{"_column_size":33,"_inline_size":24.15,"_inline_size_tablet":33.3,"space_between_widgets":0,"padding_tablet":{"unit":"%","top":"0","right":"0","bottom":"0","left":"2","isLinked":false},"padding_mobile":{"unit":"px","top":"0","right":"0","bottom":"0","left":"0","isLinked":false}},"elements":[{"id":"38fa1d96","settings":{"image":{"id":599,"url":"https:\/\/library.elementor.com\/eco-friendly-water-bottles-flexbox\/wp-content\/uploads\/sites\/165\/2022\/07\/hero-2-pics4.jpg","alt":"","source":"library"},"width":{"unit":"px","size":425,"sizes":[]},"height":{"unit":"px","size":725,"sizes":[]},"height_tablet":{"unit":"px","size":500,"sizes":[]},"object-fit":"cover","_animation":"slideInUp","animation_duration":"fast"},"elements":[],"isInner":false,"widgetType":"image","elType":"widget"}],"isInner":false,"elType":"column"}],"isInner":false,"elType":"section"}],"settings":{"template":"elementor_canvas"},"metadata":[]}