{"content":[{"id":"a9c2fed","settings":{"content_width":{"unit":"px","size":585,"sizes":[]},"gap":"no","height":"min-height","custom_height":{"unit":"px","size":330,"sizes":[]},"padding":{"unit":"%","top":"","right":"","bottom":"","left":"","isLinked":true},"_title":"Contact 02 Title","custom_height_tablet":{"unit":"px","size":330,"sizes":[]},"padding_mobile":{"unit":"%","top":"0","right":"6","bottom":"0","left":"6","isLinked":false},"layout":"full_width","overflow":"hidden","background_background":"classic","__globals__":{"background_color":"globals\/colors?id=f3cfd47"}},"elements":[{"id":"6ccf933","settings":{"_column_size":100,"_inline_size":null},"elements":[{"id":"75789c88","settings":{"title":"contact us","align":"center","_animation":"fadeIn","header_size":"h1","align_tablet":"center","_margin":{"unit":"%","top":"0","right":"-100","bottom":"0","left":"-100","isLinked":false},"_margin_tablet":{"unit":"%","top":"0","right":"0","bottom":"0","left":"0","isLinked":false},"_margin_mobile":{"unit":"%","top":"","right":"","bottom":"","left":"","isLinked":true},"__globals__":{"typography_typography":"globals\/typography?id=b228825"}},"elements":[],"isInner":false,"widgetType":"heading","elType":"widget"}],"isInner":false,"elType":"column"}],"isInner":false,"elType":"section"},{"id":"38ae7c37","settings":{"content_width":{"unit":"px","size":1573,"sizes":[]},"gap":"no","custom_height":{"unit":"px","size":803,"sizes":[]},"structure":"40","padding":{"unit":"%","top":"0","right":"4","bottom":"3","left":"4","isLinked":false},"_title":"Contact 02 Info","custom_height_tablet":{"unit":"px","size":600,"sizes":[]},"column_position":"stretch","content_position":"top","padding_tablet":{"unit":"%","top":"0","right":"8","bottom":"8","left":"8","isLinked":false},"padding_mobile":{"unit":"%","top":"0","right":"6","bottom":"20","left":"6","isLinked":false},"background_background":"classic","__globals__":{"background_color":"globals\/colors?id=f3cfd47"}},"elements":[{"id":"7472c1ae","settings":{"_column_size":25,"_inline_size":null,"padding":{"unit":"%","top":"0","right":"34","bottom":"0","left":"0","isLinked":false},"padding_mobile":{"unit":"%","top":"0","right":"0","bottom":"20","left":"0","isLinked":false},"motion_fx_translateY_speed":{"unit":"px","size":2,"sizes":[]},"animation":"slideInUp","animation_duration":"fast","_inline_size_tablet":50,"padding_tablet":{"unit":"%","top":"0","right":"7","bottom":"20","left":"0","isLinked":false}},"elements":[{"id":"5b230f3a","settings":{"image":{"id":718,"url":"https:\/\/library.elementor.com\/eco-friendly-water-bottles-flexbox\/wp-content\/uploads\/sites\/165\/2022\/07\/Services-3-pics2.jpg","alt":"","source":"library"},"title_text":"email us","description_text":"Don\u2019t hesitate to reach us out at any time Ouble@info.com","image_space":{"unit":"px","size":60,"sizes":[]},"text_align":"left","title_bottom_space":{"unit":"px","size":30,"sizes":[]},"_padding":{"unit":"%","top":"","right":"","bottom":"","left":"","isLinked":true},"_padding_tablet":{"unit":"%","top":"","right":"","bottom":"","left":"","isLinked":true},"_border_width":{"unit":"px","top":"1","right":"1","bottom":"1","left":"1","isLinked":false},"__globals__":{"_border_color":"globals\/colors?id=primary","title_typography_typography":"globals\/typography?id=secondary"},"text_align_mobile":"center","image_space_tablet":{"unit":"px","size":30,"sizes":[]},"image_size":{"unit":"%","size":100,"sizes":[]},"text_align_tablet":"center"},"elements":[],"isInner":false,"widgetType":"image-box","elType":"widget"}],"isInner":false,"elType":"column"},{"id":"4c7c9737","settings":{"_column_size":25,"_inline_size":null,"padding":{"unit":"%","top":"0","right":"17","bottom":"0","left":"17","isLinked":false},"padding_mobile":{"unit":"%","top":"0","right":"0","bottom":"20","left":"0","isLinked":false},"motion_fx_translateY_direction":"negative","motion_fx_translateY_speed":{"unit":"px","size":1,"sizes":[]},"animation":"slideInUp","animation_delay":200,"animation_duration":"fast","_inline_size_tablet":50,"padding_tablet":{"unit":"%","top":"0","right":"0","bottom":"20","left":"7","isLinked":false}},"elements":[{"id":"6edb72bb","settings":{"image":{"id":719,"url":"https:\/\/library.elementor.com\/eco-friendly-water-bottles-flexbox\/wp-content\/uploads\/sites\/165\/2022\/07\/Services-3-pics3.jpg","alt":"","source":"library"},"title_text":"call us","description_text":"Got any question before purchase? <br>we are here for you at +23-4432423","image_space":{"unit":"px","size":60,"sizes":[]},"text_align":"left","title_bottom_space":{"unit":"px","size":30,"sizes":[]},"_padding":{"unit":"%","top":"","right":"","bottom":"","left":"","isLinked":true},"_padding_tablet":{"unit":"%","top":"","right":"","bottom":"","left":"","isLinked":true},"_border_width":{"unit":"px","top":"1","right":"1","bottom":"1","left":"1","isLinked":false},"__globals__":{"_border_color":"globals\/colors?id=primary","title_typography_typography":"globals\/typography?id=secondary"},"text_align_mobile":"center","image_space_tablet":{"unit":"px","size":30,"sizes":[]},"image_size":{"unit":"%","size":100,"sizes":[]},"text_align_tablet":"center"},"elements":[],"isInner":false,"widgetType":"image-box","elType":"widget"}],"isInner":false,"elType":"column"},{"id":"4cc1af2","settings":{"_column_size":25,"_inline_size":null,"padding":{"unit":"%","top":"0","right":"17","bottom":"0","left":"17","isLinked":false},"padding_mobile":{"unit":"%","top":"0","right":"0","bottom":"20","left":"0","isLinked":false},"motion_fx_translateY_direction":"negative","motion_fx_translateY_speed":{"unit":"px","size":1,"sizes":[]},"animation":"slideInUp","animation_delay":400,"animation_duration":"fast","_inline_size_tablet":50,"padding_tablet":{"unit":"%","top":"0","right":"7","bottom":"0","left":"0","isLinked":false},"space_between_widgets":0},"elements":[{"id":"72a67d5","settings":{"image":{"id":717,"url":"https:\/\/library.elementor.com\/eco-friendly-water-bottles-flexbox\/wp-content\/uploads\/sites\/165\/2022\/07\/Services-3-pics1.jpg","alt":"","source":"library"},"title_text":"locations","description_text":"","image_space":{"unit":"px","size":60,"sizes":[]},"text_align":"left","title_bottom_space":{"unit":"px","size":30,"sizes":[]},"_padding":{"unit":"%","top":"","right":"","bottom":"","left":"","isLinked":true},"_padding_tablet":{"unit":"%","top":"","right":"","bottom":"","left":"","isLinked":true},"_border_width":{"unit":"px","top":"1","right":"1","bottom":"1","left":"1","isLinked":false},"__globals__":{"_border_color":"globals\/colors?id=primary","title_typography_typography":"globals\/typography?id=secondary"},"text_align_mobile":"center","image_space_tablet":{"unit":"px","size":30,"sizes":[]},"image_size":{"unit":"%","size":100,"sizes":[]},"text_align_tablet":"center"},"elements":[],"isInner":false,"widgetType":"image-box","elType":"widget"},{"id":"17dfd6f1","settings":{"text":"where to find","align":"left","selected_icon":{"value":"fas fa-circle","library":"fa-solid"},"icon_indent":{"unit":"px","size":10,"sizes":[]},"__globals__":{"button_text_color":"globals\/colors?id=accent","background_color":"globals\/colors?id=e361c3e","hover_color":"globals\/colors?id=text","typography_typography":"globals\/typography?id=accent"},"text_padding":{"unit":"px","top":"0","right":"0","bottom":"0","left":"0","isLinked":false},"_animation":"fadeIn","animation_duration":"slow","_animation_delay":400,"link":{"url":"","is_external":"","nofollow":"","custom_attributes":""},"align_mobile":"center","_margin_tablet":{"unit":"px","top":"0","right":"0","bottom":"0","left":"0","isLinked":false},"align_tablet":"center"},"elements":[],"isInner":false,"widgetType":"button","elType":"widget"}],"isInner":false,"elType":"column"},{"id":"18194d14","settings":{"_column_size":25,"_inline_size":null,"padding":{"unit":"%","top":"0","right":"0","bottom":"0","left":"34","isLinked":false},"padding_mobile":{"unit":"px","top":"0","right":"0","bottom":"0","left":"0","isLinked":false},"motion_fx_translateY_effect":"yes","motion_fx_translateY_speed":{"unit":"px","size":2,"sizes":[]},"animation":"slideInUp","animation_delay":600,"animation_duration":"fast","_inline_size_tablet":50,"space_between_widgets":0,"padding_tablet":{"unit":"%","top":"0","right":"0","bottom":"0","left":"7","isLinked":false}},"elements":[{"id":"74dea2d2","settings":{"image":{"id":720,"url":"https:\/\/library.elementor.com\/eco-friendly-water-bottles-flexbox\/wp-content\/uploads\/sites\/165\/2022\/07\/Services-3-pics4.jpg","alt":"","source":"library"},"title_text":"","description_text":"","image_space":{"unit":"px","size":60,"sizes":[]},"text_align":"left","title_bottom_space":{"unit":"px","size":30,"sizes":[]},"_padding":{"unit":"%","top":"","right":"","bottom":"","left":"","isLinked":true},"_padding_tablet":{"unit":"%","top":"","right":"","bottom":"","left":"","isLinked":true},"_border_width":{"unit":"px","top":"1","right":"1","bottom":"1","left":"1","isLinked":false},"__globals__":{"_border_color":"globals\/colors?id=primary","title_typography_typography":"globals\/typography?id=secondary"},"text_align_mobile":"center","image_space_tablet":{"unit":"px","size":30,"sizes":[]},"image_size":{"unit":"%","size":100,"sizes":[]},"_margin":{"unit":"px","top":"0","right":"0","bottom":"14","left":"0","isLinked":false}},"elements":[],"isInner":false,"widgetType":"image-box","elType":"widget"},{"id":"1943c56b","settings":{"icon_list":[{"text":"Instagram  ","selected_icon":{"value":"","library":""},"_id":"5f3db57"},{"text":"twitter","selected_icon":{"value":"","library":""},"_id":"f55d684"},{"text":"facebook","selected_icon":{"value":"","library":""},"_id":"8b32bf9"}],"space_between":{"unit":"px","size":30,"sizes":[]},"text_indent":{"unit":"px","size":0,"sizes":[]},"_margin":{"unit":"%","top":"","right":"","bottom":"","left":"","isLinked":true},"__globals__":{"text_color":"globals\/colors?id=primary","icon_typography_typography":"globals\/typography?id=accent"},"space_between_mobile":{"unit":"px","size":12,"sizes":[]},"_margin_mobile":{"unit":"%","top":"8","right":"0","bottom":"0","left":"0","isLinked":false},"icon_align_tablet":"center"},"elements":[],"isInner":false,"widgetType":"icon-list","elType":"widget"}],"isInner":false,"elType":"column"}],"isInner":false,"elType":"section"}],"settings":{"template":"elementor_canvas"},"metadata":[]}