{"content":[{"id":"1112c793","settings":{"content_width":"full","flex_gap":{"size":0,"column":"0","row":"0","unit":"px"},"min_height":{"unit":"px","size":900,"sizes":[]},"flex_align_items":"stretch","structure":"20","content_position":"bottom","reverse_order_tablet":"reverse-tablet","reverse_order_mobile":"reverse-mobile","min_height_mobile":{"unit":"px","size":0,"sizes":[]},"_title":"Hero","flex_direction":"row","flex_wrap_tablet":"wrap"},"elements":[{"id":"29e101f7","settings":{"_column_size":50,"width":{"size":null,"unit":"%"},"align":"center","width_tablet":{"size":100,"unit":"%"},"margin_mobile":{"unit":"%","top":"8","right":"0","bottom":"0","left":"0","isLinked":false},"content_width":"full","flex_direction":"column","flex_align_items":"center","flex_justify_content":"space-between","flex_justify_content_tablet":"center"},"elements":[{"id":"528f3896","settings":{"width":{"unit":"px","size":245,"sizes":[]},"flex_gap":{"size":0,"column":"0","row":"0","unit":"px"},"padding_mobile":{"unit":"%","top":"","right":"","bottom":"","left":"","isLinked":true},"flex_direction":"column","flex_align_items":"stretch","content_width":"full","width_mobile":{"unit":"px","size":245,"sizes":[]}},"elements":[{"id":"2f4a5ae","settings":{"carousel":[{"id":494,"url":"https:\/\/library.elementor.com\/eco-friendly-water-bottles-flexbox\/wp-content\/uploads\/sites\/165\/2021\/07\/HomePage-Hero-Slide1.jpg"},{"id":492,"url":"https:\/\/library.elementor.com\/eco-friendly-water-bottles-flexbox\/wp-content\/uploads\/sites\/165\/2021\/07\/HomePage-Hero-Slide3.jpg"},{"id":491,"url":"https:\/\/library.elementor.com\/eco-friendly-water-bottles-flexbox\/wp-content\/uploads\/sites\/165\/2021\/07\/HomePage-Hero-Slide2.jpg"}],"thumbnail_size":"full","slides_to_show":"1","navigation":"none","pause_on_hover":"no","pause_on_interaction":"no","autoplay_speed":3000,"caption_align":"left","_margin":{"unit":"%","top":"","right":"","bottom":"","left":"","isLinked":true},"__globals__":{"caption_typography_typography":"globals\/typography?id=b4c60c8","caption_text_color":"globals\/colors?id=text"}},"elements":[],"isInner":false,"widgetType":"image-carousel","elType":"widget"},{"id":"b79ff94","settings":{"editor":"Be prepared for a new adventure with our Oubl\u00e9 bottles collection","align":"center"},"elements":[],"isInner":false,"widgetType":"text-editor","elType":"widget"},{"id":"399d4288","settings":{"text":"Discover","align":"center","selected_icon":{"value":"fas fa-circle","library":"fa-solid"},"icon_indent":{"unit":"px","size":10,"sizes":[]},"__globals__":{"button_text_color":"globals\/colors?id=accent","background_color":"globals\/colors?id=e361c3e","hover_color":"globals\/colors?id=text","typography_typography":"globals\/typography?id=accent"},"text_padding":{"unit":"px","top":"0","right":"0","bottom":"0","left":"0","isLinked":false},"_margin":{"unit":"px","top":"10","right":"0","bottom":"0","left":"0","isLinked":false},"_animation":"fadeIn","animation_duration":"slow","_animation_delay":400,"link":{"url":"https:\/\/library.elementor.com\/eco-friendly-water-bottles-flexbox\/our-mission\/","is_external":"","nofollow":"","custom_attributes":""}},"elements":[],"isInner":false,"widgetType":"button","elType":"widget"}],"isInner":true,"elType":"container"},{"id":"474b03f2","settings":{"title":"Oubl\u00e9","header_size":"h1","_margin":{"unit":"%","top":"15","right":"0","bottom":"0","left":"0","isLinked":false},"_offset_orientation_v":"end","__globals__":{"typography_typography":"globals\/typography?id=b228825"},"align_tablet":"center","_margin_tablet":{"unit":"%","top":"5","right":"0","bottom":"0","left":"0","isLinked":false},"_margin_mobile":{"unit":"%","top":"20","right":"0","bottom":"0","left":"0","isLinked":false},"_animation":"fadeInUp","_animation_delay":400},"elements":[],"isInner":false,"widgetType":"heading","elType":"widget"}],"isInner":true,"elType":"container"},{"id":"2c100d53","settings":{"_column_size":50,"width":{"size":null,"unit":"%"},"background_background":"slideshow","background_image":{"url":"","id":"","alt":"","source":"library"},"background_position":"center center","background_repeat":"no-repeat","background_size":"cover","width_tablet":{"size":100,"unit":"%"},"background_position_mobile":"initial","background_ypos_mobile":{"unit":"px","size":-190,"sizes":[]},"background_size_mobile":"initial","background_bg_width_mobile":{"unit":"%","size":150,"sizes":[]},"background_slideshow_gallery":[{"id":36,"url":"https:\/\/library.elementor.com\/eco-friendly-water-bottles-flexbox\/wp-content\/uploads\/sites\/165\/2021\/07\/HomePage-Hero.jpg"},{"id":492,"url":"https:\/\/library.elementor.com\/eco-friendly-water-bottles-flexbox\/wp-content\/uploads\/sites\/165\/2021\/07\/HomePage-Hero-Slide3.jpg"},{"id":491,"url":"https:\/\/library.elementor.com\/eco-friendly-water-bottles-flexbox\/wp-content\/uploads\/sites\/165\/2021\/07\/HomePage-Hero-Slide2.jpg"}],"background_slideshow_slide_duration":3000,"background_slideshow_background_size":"cover","background_slideshow_background_position":"center center","background_slideshow_slide_transition":"slide_left","content_width":"full","min_height_mobile":{"unit":"px","size":125,"sizes":[]},"_flex_order_tablet":"start"},"elements":[],"isInner":true,"elType":"container"}],"isInner":false,"elType":"container"},{"id":"24ab87d2","settings":{"content_width":"full","flex_gap":{"size":0,"column":"0","row":"0","unit":"px"},"min_height":{"unit":"px","size":648,"sizes":[]},"flex_align_items":"stretch","content_position":"middle","structure":"20","margin":{"unit":"%","top":"12","right":0,"bottom":"0","left":0,"isLinked":false},"padding_tablet":{"unit":"%","top":"0","right":"8","bottom":"0","left":"0","isLinked":false},"margin_mobile":{"unit":"%","top":"35","right":0,"bottom":"0","left":0,"isLinked":false},"_title":"Our Mission","flex_direction":"row","flex_wrap_tablet":"wrap"},"elements":[{"id":"46d4132d","settings":{"_column_size":50,"width":{"size":null,"unit":"%"},"flex_justify_content":"flex-end","background_background":"classic","background_image":{"url":"https:\/\/library.elementor.com\/eco-friendly-water-bottles-flexbox\/wp-content\/uploads\/sites\/165\/2021\/07\/HomePage-OurMission-img_1.jpg","id":67,"alt":"","source":"library"},"background_position":"top left","background_repeat":"no-repeat","background_size":"initial","background_bg_width":{"unit":"%","size":80,"sizes":[]},"width_tablet":{"size":100,"unit":"%"},"content_width":"full"},"elements":[{"id":"110b63d4","settings":{"image":{"url":"https:\/\/library.elementor.com\/eco-friendly-water-bottles-flexbox\/wp-content\/uploads\/sites\/165\/2021\/07\/HomePage-OurMission-img_2.jpg","id":68,"alt":"","source":"library"},"image_size":"full","align":"right","width":{"unit":"px","size":"","sizes":[]},"space":{"unit":"px","size":395,"sizes":[]},"_margin":{"unit":"px","top":"0","right":"0","bottom":"-140","left":"0","isLinked":false},"_offset_orientation_v":"end","_offset_y":{"unit":"px","size":"","sizes":[]},"width_tablet":{"unit":"px","size":250,"sizes":[]},"_margin_tablet":{"unit":"%","top":"50","right":"0","bottom":"-10","left":"0","isLinked":false},"width_mobile":{"unit":"%","size":40,"sizes":[]},"_animation":"fadeInUp"},"elements":[],"isInner":false,"widgetType":"image","elType":"widget"}],"isInner":true,"elType":"container"},{"id":"391f704c","settings":{"_column_size":50,"width":{"size":null,"unit":"%"},"width_tablet":{"size":70,"unit":"%"},"padding_tablet":{"unit":"%","top":"5","right":"0","bottom":"0","left":"5","isLinked":false},"margin_mobile":{"unit":"%","top":"","right":"","bottom":"","left":"","isLinked":true},"padding_mobile":{"unit":"%","top":"20","right":"0","bottom":"0","left":"10","isLinked":false},"content_width":"full","flex_direction":"column","flex_justify_content":"center","flex_align_items":"center"},"elements":[{"id":"199020d9","settings":{"_column_size":100,"width":{"size":525,"unit":"px"},"flex_gap":{"size":30,"column":"30","row":"30","unit":"px"},"content_width":"full","width_tablet":{"unit":"%","size":100,"sizes":[]},"width_mobile":{"unit":"%","size":"","sizes":[]},"flex_direction":"column"},"elements":[{"id":"2692a76c","settings":{"title":"PLASTIC-FREE Oubl\u00e9 Bottles","_padding":{"unit":"%","top":"0","right":"10","bottom":"0","left":"0","isLinked":false},"_padding_mobile":{"unit":"px","top":"0","right":"0","bottom":"0","left":"0","isLinked":false}},"elements":[],"isInner":false,"widgetType":"heading","elType":"widget"},{"id":"28455c49","settings":{"editor":"<p>Lorem ipsum dolor sit amet, consectetur adipiscing elit, sed do eiusmod tempor incididunt ut labore et dolore magna aliqua. Lorem ipsum dolor sit amet, consectetur adipiscing elit, sed do eiusmod tempor incididunt ut labore et dolore magna aliqua. Lorem ipsum dolor sit amet, consectetur adipiscing elit.<\/p>","_margin":{"unit":"px","top":"0","right":"0","bottom":"-16","left":"0","isLinked":false}},"elements":[],"isInner":false,"widgetType":"text-editor","elType":"widget"},{"id":"4ba87b30","settings":{"text":"OUR Mission","align":"left","selected_icon":{"value":"fas fa-circle","library":"fa-solid"},"icon_indent":{"unit":"px","size":10,"sizes":[]},"__globals__":{"button_text_color":"globals\/colors?id=accent","background_color":"globals\/colors?id=e361c3e","hover_color":"globals\/colors?id=text"},"text_padding":{"unit":"px","top":"0","right":"0","bottom":"0","left":"0","isLinked":false},"_animation":"fadeIn","animation_duration":"slow","link":{"url":"https:\/\/library.elementor.com\/eco-friendly-water-bottles-flexbox\/our-mission\/","is_external":"","nofollow":"","custom_attributes":""}},"elements":[],"isInner":false,"widgetType":"button","elType":"widget"}],"isInner":true,"elType":"container"}],"isInner":true,"elType":"container"}],"isInner":false,"elType":"container"},{"id":"7d4e39ee","settings":{"content_width":"full","flex_gap":{"size":0,"column":"0","row":"0","unit":"px"},"margin":{"unit":"%","top":"22","right":0,"bottom":"0","left":0,"isLinked":false},"padding":{"unit":"%","top":"0","right":"8","bottom":"0","left":"8","isLinked":false},"_title":"About (title)","flex_direction":"column","flex_align_items":"center"},"elements":[{"id":"35039363","settings":{"title":"Everything you need to Know about Oubl\u00e9","align":"center","_element_width":"initial","_element_custom_width":{"unit":"px","size":580,"sizes":[]}},"elements":[],"isInner":false,"widgetType":"heading","elType":"widget"}],"isInner":false,"elType":"container"},{"id":"14f6aecc","settings":{"content_width":"full","flex_gap":{"size":0,"column":"0","row":"0","unit":"%"},"margin":{"unit":"%","top":"5","right":0,"bottom":"0","left":0,"isLinked":false},"padding":{"unit":"%","top":"0","right":"8","bottom":"0","left":"8","isLinked":false},"custom_height":{"unit":"px","size":336,"sizes":[]},"flex_align_items":"stretch","content_position":"middle","structure":"20","_title":"About","flex_direction":"row","flex_gap_tablet":{"column":"","row":"","isLinked":true,"unit":"%","size":null},"flex_gap_mobile":{"column":"","row":"","isLinked":true,"unit":"%","size":null},"flex_wrap_tablet":"wrap"},"elements":[{"id":"55681ed1","settings":{"_column_size":50,"width":{"size":60,"unit":"%"},"flex_gap":{"size":0,"column":"0","row":"0","unit":"px"},"background_image":{"url":"","id":"","alt":"","source":"library"},"background_position":"center right","background_repeat":"no-repeat","background_size":"initial","background_bg_width":{"unit":"%","size":85,"sizes":[]},"width_tablet":{"size":100,"unit":"%"},"content_width":"full","margin":{"unit":"%","top":"","right":"","bottom":"","left":"","isLinked":true},"margin_tablet":{"unit":"%","top":"","right":"","bottom":"","left":"","isLinked":true},"margin_mobile":{"unit":"%","top":"","right":"","bottom":"","left":"","isLinked":true},"_flex_size":"grow"},"elements":[{"id":"1de63fb2","settings":{"carousel":[{"id":92,"url":"https:\/\/library.elementor.com\/eco-friendly-water-bottles-flexbox\/wp-content\/uploads\/sites\/165\/2021\/07\/HomePage-About-img_1.jpg"},{"id":466,"url":"https:\/\/library.elementor.com\/eco-friendly-water-bottles-flexbox\/wp-content\/uploads\/sites\/165\/2021\/07\/HomePage-About-img_3.jpg"},{"id":468,"url":"https:\/\/library.elementor.com\/eco-friendly-water-bottles-flexbox\/wp-content\/uploads\/sites\/165\/2021\/07\/HomePage-About-img_5.jpg"}],"thumbnail_size":"full","slides_to_show":"1","navigation":"none","pause_on_hover":"no","pause_on_interaction":"no","caption_align":"left","_margin":{"unit":"%","top":"0","right":"0","bottom":"-0.6","left":"15","isLinked":false},"__globals__":{"caption_typography_typography":"globals\/typography?id=b4c60c8","caption_text_color":"globals\/colors?id=text"}},"elements":[],"isInner":false,"widgetType":"image-carousel","elType":"widget"},{"id":"6f79d07","settings":{"carousel":[{"id":93,"url":"https:\/\/library.elementor.com\/eco-friendly-water-bottles-flexbox\/wp-content\/uploads\/sites\/165\/2021\/07\/HomePage-About-img_2.jpg"},{"id":467,"url":"https:\/\/library.elementor.com\/eco-friendly-water-bottles-flexbox\/wp-content\/uploads\/sites\/165\/2021\/07\/HomePage-About-img_4.jpg"},{"id":469,"url":"https:\/\/library.elementor.com\/eco-friendly-water-bottles-flexbox\/wp-content\/uploads\/sites\/165\/2021\/07\/HomePage-About-img_6.jpg"}],"thumbnail_size":"full","slides_to_show":"1","navigation":"none","pause_on_hover":"no","pause_on_interaction":"no","caption_align":"left","_margin":{"unit":"%","top":"","right":"","bottom":"","left":"","isLinked":true},"_animation":"fadeInUp","_element_width":"initial","_element_width_tablet":"initial","_element_width_mobile":"initial","_element_custom_width":{"unit":"vw","size":15,"sizes":[]},"_element_custom_width_tablet":{"unit":"px","size":210,"sizes":[]},"_element_custom_width_mobile":{"unit":"%","size":44,"sizes":[]},"_position":"absolute","_offset_orientation_v":"end","_offset_y_end":{"unit":"%","size":15,"sizes":[]},"__globals__":{"caption_typography_typography":"globals\/typography?id=b4c60c8","caption_text_color":"globals\/colors?id=text"}},"elements":[],"isInner":false,"widgetType":"image-carousel","elType":"widget"},{"id":"ba01bda","settings":{"title":"@OUBLE_OFFICIAL","header_size":"h5","_margin":{"unit":"%","top":"0","right":"0","bottom":"-5","left":"15","isLinked":false},"_padding":{"unit":"px","top":"15","right":"0","bottom":"0","left":"0","isLinked":false},"__globals__":{"typography_typography":"globals\/typography?id=b4c60c8","title_color":"globals\/colors?id=text"},"_margin_mobile":{"unit":"%","top":"0","right":"0","bottom":"0","left":"15","isLinked":false}},"elements":[],"isInner":false,"widgetType":"heading","elType":"widget"}],"isInner":true,"elType":"container"},{"id":"493d456","settings":{"_column_size":50,"width":{"size":40,"unit":"%"},"border_border":"solid","border_width":{"unit":"px","top":"1","right":"1","bottom":"1","left":"1","isLinked":true},"margin":{"unit":"%","top":"0","right":"0","bottom":"0","left":"2","isLinked":false},"padding":{"unit":"%","top":"6","right":"6","bottom":"6","left":"6","isLinked":true},"__globals__":{"border_color":"globals\/colors?id=primary"},"flex_gap":{"size":70,"column":"70","row":"70","unit":"px"},"width_tablet":{"size":100,"unit":"%"},"margin_tablet":{"unit":"%","top":"15","right":"0","bottom":"0","left":"0","isLinked":false},"padding_tablet":{"unit":"%","top":"10","right":"10","bottom":"10","left":"10","isLinked":true},"margin_mobile":{"unit":"%","top":"25","right":"0","bottom":"0","left":"0","isLinked":false},"content_width":"full","flex_direction":"column","flex_justify_content":"center"},"elements":[{"id":"52f70fcd","settings":{"selected_icon":{"value":"","library":""},"title_text":"Colors & Shapes ","description_text":"The bottles come in different colors, materials, and shapes. So, you can find the one that fits your needs and lifestyle exactly.","text_align":"left","title_bottom_space":{"unit":"px","size":10,"sizes":[]},"__globals__":{"title_typography_typography":"globals\/typography?id=secondary"}},"elements":[],"isInner":false,"widgetType":"icon-box","elType":"widget"},{"id":"660b1b4e","settings":{"selected_icon":{"value":"","library":""},"title_text":"Chemical-free","description_text":"Oubl\u00e9 Bottles are made from natural materials. We use only glass and stainless steel to create a chemical-free product for improved taste and longevity.","text_align":"left","title_bottom_space":{"unit":"px","size":10,"sizes":[]},"__globals__":{"title_typography_typography":"globals\/typography?id=secondary"},"_margin":{"unit":"%","top":"","right":"","bottom":"","left":"","isLinked":true},"_animation":"fadeIn","animation_duration":"slow"},"elements":[],"isInner":false,"widgetType":"icon-box","elType":"widget"},{"id":"11599e71","settings":{"selected_icon":{"value":"","library":""},"title_text":"Functionality","description_text":"Oubl\u00e9 Bottles maintain temperature for both hot and cold beverages. It\u2019s also resistant to leaks  and can be easily disassembled for thorough cleaning.","text_align":"left","title_bottom_space":{"unit":"px","size":10,"sizes":[]},"__globals__":{"title_typography_typography":"globals\/typography?id=secondary"},"_margin":{"unit":"%","top":"","right":"","bottom":"","left":"","isLinked":true},"_animation":"fadeIn","animation_duration":"slow","_animation_delay":300},"elements":[],"isInner":false,"widgetType":"icon-box","elType":"widget"}],"isInner":true,"elType":"container"}],"isInner":false,"elType":"container"},{"id":"22f193de","settings":{"content_width":"full","flex_gap":{"size":0,"column":"0","row":"0","unit":"px"},"background_background":"classic","margin":{"unit":"%","top":"14","right":0,"bottom":"0","left":0,"isLinked":false},"__globals__":{"background_color":"globals\/colors?id=secondary"},"overflow":"hidden","_title":"Gallery","flex_direction":"column","flex_align_items":"stretch"},"elements":[{"id":"7c5d4704","settings":{"title":"Sneak peek Into our new collection","_margin":{"unit":"%","top":"-2","right":"0","bottom":"0","left":"15","isLinked":false},"__globals__":{"typography_typography":"globals\/typography?id=1640554","title_color":"globals\/colors?id=f3cfd47"},"_padding":{"unit":"%","top":"","right":"","bottom":"","left":"","isLinked":true},"_margin_tablet":{"unit":"%","top":"0","right":"0","bottom":"0","left":"8","isLinked":false},"_margin_mobile":{"unit":"px","top":"0","right":"0","bottom":"0","left":"0","isLinked":false}},"elements":[],"isInner":false,"widgetType":"heading","elType":"widget"},{"id":"54b97816","settings":{"content_width":"full","flex_gap":{"size":0,"column":"0","row":"0","unit":"px"},"custom_height_inner":{"unit":"px","size":"","sizes":[]},"margin":{"unit":"px","top":"-40","right":0,"bottom":"0","left":0,"isLinked":false},"margin_tablet":{"unit":"px","top":"-20","right":0,"bottom":"0","left":0,"isLinked":false},"margin_mobile":{"unit":"px","top":"-8","right":0,"bottom":"0","left":0,"isLinked":false},"flex_direction":"row","flex_align_items":"stretch","flex_justify_content":"space-between","flex_wrap":"nowrap","flex_wrap_mobile":"wrap"},"elements":[{"id":"1d86445","settings":{"image":{"url":"https:\/\/library.elementor.com\/eco-friendly-water-bottles-flexbox\/wp-content\/uploads\/sites\/165\/2021\/07\/HomePage-Gallery-img_1.jpg","id":133,"alt":"","source":"library"},"image_size":"full","align":"left","width":{"unit":"%","size":100,"sizes":[]},"_margin":{"unit":"%","top":"","right":"","bottom":"","left":"","isLinked":true},"_element_width":"initial","_element_custom_width":{"unit":"vw","size":18,"sizes":[]},"_element_width_mobile":"initial","_element_custom_width_mobile":{"unit":"vw","size":43,"sizes":[]}},"elements":[],"isInner":false,"widgetType":"image","elType":"widget"},{"id":"7e60bd93","settings":{"image":{"url":"https:\/\/library.elementor.com\/eco-friendly-water-bottles-flexbox\/wp-content\/uploads\/sites\/165\/2021\/07\/HomePage-Gallery-img_2.jpg","id":134,"alt":"","source":"library"},"image_size":"full","width":{"unit":"%","size":100,"sizes":[]},"_margin":{"unit":"%","top":"0","right":"0","bottom":"-10","left":"0","isLinked":false},"_element_width":"initial","_element_custom_width":{"unit":"vw","size":27,"sizes":[]},"_element_vertical_align":"flex-end","_animation":"fadeInUp","_margin_mobile":{"unit":"%","top":"15","right":"0","bottom":"0","left":"0","isLinked":false},"_element_width_mobile":"initial","_element_custom_width_mobile":{"unit":"vw","size":43,"sizes":[]}},"elements":[],"isInner":false,"widgetType":"image","elType":"widget"},{"id":"76771829","settings":{"image":{"url":"https:\/\/library.elementor.com\/eco-friendly-water-bottles-flexbox\/wp-content\/uploads\/sites\/165\/2021\/07\/HomePage-Gallery-img_3.jpg","id":135,"alt":"","source":"library"},"image_size":"full","align":"center","width":{"unit":"%","size":100,"sizes":[]},"_element_width":"initial","_element_custom_width":{"unit":"vw","size":28,"sizes":[]},"_margin_mobile":{"unit":"%","top":"0","right":"0","bottom":"0","left":"0","isLinked":false},"_element_width_mobile":"initial","_element_custom_width_mobile":{"unit":"vw","size":43,"sizes":[]}},"elements":[],"isInner":false,"widgetType":"image","elType":"widget"},{"id":"54186ef","settings":{"image":{"url":"https:\/\/library.elementor.com\/eco-friendly-water-bottles-flexbox\/wp-content\/uploads\/sites\/165\/2021\/07\/HomePage-Gallery-img_4.jpg","id":136,"alt":"","source":"library"},"image_size":"full","align":"right","width":{"unit":"%","size":100,"sizes":[]},"_margin":{"unit":"%","top":"0","right":"0","bottom":"-10","left":"0","isLinked":false},"_element_width":"initial","_element_custom_width":{"unit":"vw","size":20,"sizes":[]},"_element_vertical_align":"flex-end","_animation":"fadeInUp","_margin_mobile":{"unit":"%","top":"12","right":"0","bottom":"0","left":"0","isLinked":false},"_element_width_mobile":"initial","_element_custom_width_mobile":{"unit":"vw","size":50,"sizes":[]}},"elements":[],"isInner":false,"widgetType":"image","elType":"widget"}],"isInner":true,"elType":"container"},{"id":"2e3fed7d","settings":{"text":"view more","align":"center","selected_icon":{"value":"fas fa-circle","library":"fa-solid"},"icon_indent":{"unit":"px","size":10,"sizes":[]},"__globals__":{"button_text_color":"globals\/colors?id=accent","background_color":"globals\/colors?id=e361c3e","hover_color":"globals\/colors?id=text"},"text_padding":{"unit":"px","top":"0","right":"0","bottom":"0","left":"0","isLinked":false},"_margin":{"unit":"%","top":"10","right":"0","bottom":"0","left":"0","isLinked":false},"_margin_mobile":{"unit":"%","top":"20","right":"0","bottom":"0","left":"0","isLinked":false},"_animation":"fadeIn","animation_duration":"slow","link":{"url":"https:\/\/library.elementor.com\/eco-friendly-water-bottles-flexbox\/gallery\/","is_external":"","nofollow":"","custom_attributes":""}},"elements":[],"isInner":false,"widgetType":"button","elType":"widget"},{"id":"4f3c9a25","settings":{"title":"What others say about Oubl\u00e9 ","align":"center","_margin":{"unit":"%","top":"12","right":"-100","bottom":"0","left":"-100","isLinked":false},"_padding":{"unit":"px","top":"25","right":"0","bottom":"25","left":"0","isLinked":false},"_background_background":"classic","_border_border":"solid","_border_width":{"unit":"px","top":"1","right":"0","bottom":"1","left":"0","isLinked":false},"__globals__":{"typography_typography":"globals\/typography?id=ee7a421","_background_color":"globals\/colors?id=f3cfd47","_border_color":"globals\/colors?id=primary"},"_margin_tablet":{"unit":"%","top":"15","right":"0","bottom":"0","left":"0","isLinked":false},"_padding_tablet":{"unit":"px","top":"25","right":"5","bottom":"25","left":"5","isLinked":false},"_margin_mobile":{"unit":"%","top":"35","right":"0","bottom":"0","left":"0","isLinked":false}},"elements":[],"isInner":false,"widgetType":"heading","elType":"widget"}],"isInner":false,"elType":"container"},{"id":"350c2c8e","settings":{"content_width":"full","flex_gap":{"size":0,"column":"0","row":"0","unit":"px"},"min_height":{"unit":"px","size":900,"sizes":[]},"flex_align_items":"stretch","content_position":"middle","structure":"20","padding":{"unit":"%","top":"","right":"","bottom":"","left":"","isLinked":true},"min_height_mobile":{"unit":"px","size":9,"sizes":[]},"_title":"Testimonials","flex_direction":"row","flex_wrap_tablet":"wrap"},"elements":[{"id":"6af67114","settings":{"_column_size":50,"width":{"size":null,"unit":"%"},"background_background":"classic","background_image":{"url":"https:\/\/library.elementor.com\/eco-friendly-water-bottles-flexbox\/wp-content\/uploads\/sites\/165\/2021\/07\/HomePage-Testimonials.jpg","id":150,"alt":"","source":"library"},"background_position":"center center","background_repeat":"no-repeat","background_size":"cover","width_tablet":{"size":100,"unit":"%"},"background_position_tablet":"bottom center","content_width":"full","min_height_tablet":{"unit":"vh","size":40,"sizes":[]},"min_height_mobile":{"unit":"px","size":230,"sizes":[]}},"elements":[],"isInner":true,"elType":"container"},{"id":"3679eed7","settings":{"_column_size":50,"width":{"size":null,"unit":"%"},"background_background":"classic","__globals__":{"background_color":"globals\/colors?id=secondary"},"width_tablet":{"size":100,"unit":"%"},"padding_mobile":{"unit":"%","top":"18","right":"8","bottom":"18","left":"8","isLinked":false},"content_width":"full","flex_direction":"column","flex_justify_content":"center","flex_align_items":"center","flex_gap":{"column":"0","row":"100","isLinked":false,"unit":"px","size":0},"flex_gap_tablet":{"column":"","row":"","isLinked":true,"unit":"px","size":null},"flex_gap_mobile":{"column":"","row":"","isLinked":true,"unit":"px","size":null},"padding_tablet":{"unit":"%","top":"5","right":"0","bottom":"5","left":"0","isLinked":false}},"elements":[{"id":"4e5e42e2","settings":{"width":{"unit":"px","size":260,"sizes":[]},"flex_gap":{"size":0,"column":"0","row":"20","unit":"px"},"width_tablet":{"unit":"px","size":400,"sizes":[]},"padding_mobile":{"unit":"px","top":"0","right":"0","bottom":"0","left":"0","isLinked":false},"flex_direction":"column","flex_align_items":"stretch","content_width":"full"},"elements":[{"id":"5e8b7166","settings":{"star_style":"star_unicode","icon_size":{"unit":"px","size":13,"sizes":[]},"icon_space":{"unit":"px","size":5,"sizes":[]},"__globals__":{"stars_color":"globals\/colors?id=primary"}},"elements":[],"isInner":false,"widgetType":"star-rating","elType":"widget"},{"id":"801fe82","settings":{"testimonial_content":"\"I felt connected to Oubl\u00e9 approach so I decided switch to Sustainable bottle and i love it!!\"","testimonial_image":{"url":"","id":""},"testimonial_name":"Luti Bron","testimonial_job":"","testimonial_alignment":"left","__globals__":{"name_typography_typography":"globals\/typography?id=dffa7b1"}},"elements":[],"isInner":false,"widgetType":"testimonial","elType":"widget"}],"isInner":true,"elType":"container"},{"id":"5c10a181","settings":{"width":{"unit":"px","size":260,"sizes":[]},"flex_gap":{"size":0,"column":"0","row":"20","unit":"px"},"width_tablet":{"unit":"px","size":400,"sizes":[]},"padding_mobile":{"unit":"px","top":"0","right":"0","bottom":"0","left":"0","isLinked":false},"flex_direction":"column","flex_align_items":"stretch","content_width":"full"},"elements":[{"id":"6288a23b","settings":{"star_style":"star_unicode","icon_size":{"unit":"px","size":13,"sizes":[]},"icon_space":{"unit":"px","size":5,"sizes":[]},"_margin":{"unit":"%","top":"","right":"","bottom":"","left":"","isLinked":true},"__globals__":{"stars_color":"globals\/colors?id=primary"},"_margin_tablet":{"unit":"%","top":"","right":"","bottom":"","left":"","isLinked":true}},"elements":[],"isInner":false,"widgetType":"star-rating","elType":"widget"},{"id":"3b494e5d","settings":{"testimonial_content":"\u05f4I am very happy with my purchase, the bottle with me everywhere I go. Highly recommend!!\u05f4\n","testimonial_image":{"url":"","id":""},"testimonial_name":"Oliy Sew","testimonial_job":"","testimonial_alignment":"left","__globals__":{"name_typography_typography":"globals\/typography?id=dffa7b1"}},"elements":[],"isInner":false,"widgetType":"testimonial","elType":"widget"}],"isInner":true,"elType":"container"}],"isInner":true,"elType":"container"}],"isInner":false,"elType":"container"},{"id":"1d3f6030","settings":{"content_width":"full","flex_gap":{"size":0,"column":"0","row":"0","unit":"px"},"min_height":{"unit":"px","size":900,"sizes":[]},"flex_align_items":"stretch","structure":"20","content_position":"bottom","reverse_order_tablet":"reverse-tablet","reverse_order_mobile":"reverse-mobile","margin":{"unit":"%","top":"0","right":0,"bottom":"2","left":0,"isLinked":false},"_title":"Footer","flex_direction":"row","flex_wrap_tablet":"wrap"},"elements":[{"id":"723d9ee7","settings":{"_column_size":50,"width":{"size":null,"unit":"%"},"width_tablet":{"size":100,"unit":"%"},"margin_tablet":{"unit":"%","top":"10","right":"0","bottom":"0","left":"0","isLinked":false},"content_width":"full","flex_direction":"column","flex_justify_content":"flex-end","flex_align_items":"flex-start"},"elements":[{"id":"40836614","settings":{"title":"Follow the Story"},"elements":[],"isInner":false,"widgetType":"heading","elType":"widget"},{"id":"f2916e2","settings":{"wp_gallery":[{"id":167,"url":"https:\/\/library.elementor.com\/eco-friendly-water-bottles-flexbox\/wp-content\/uploads\/sites\/165\/2021\/07\/HomePage-Footer-Gallery-img_1.jpg"},{"id":168,"url":"https:\/\/library.elementor.com\/eco-friendly-water-bottles-flexbox\/wp-content\/uploads\/sites\/165\/2021\/07\/HomePage-Footer-Gallery-img_2.jpg"},{"id":169,"url":"https:\/\/library.elementor.com\/eco-friendly-water-bottles-flexbox\/wp-content\/uploads\/sites\/165\/2021\/07\/HomePage-Footer-Gallery-img_3.jpg"},{"id":170,"url":"https:\/\/library.elementor.com\/eco-friendly-water-bottles-flexbox\/wp-content\/uploads\/sites\/165\/2021\/07\/HomePage-Footer-Gallery-img_4.jpg"}],"thumbnail_size":"full","gallery_link":"none","image_spacing":"custom","image_spacing_custom":{"unit":"px","size":30,"sizes":[]},"_margin":{"unit":"%","top":"2","right":"0","bottom":"0","left":"0","isLinked":false},"_margin_tablet":{"unit":"%","top":"0","right":"8","bottom":"0","left":"0","isLinked":false},"gallery_columns":"4","_margin_mobile":{"unit":"px","top":"0","right":"0","bottom":"0","left":"0","isLinked":false},"_element_width_mobile":"initial","_element_custom_width_mobile":{"unit":"px","size":170,"sizes":[]},"_animation":"fadeInLeft","_animation_mobile":"none"},"elements":[],"isInner":false,"widgetType":"image-gallery","elType":"widget"},{"id":"2a69bd8b","settings":{"view":"inline","icon_list":[{"text":"Instagram  ","selected_icon":{"value":"","library":""},"_id":"5f3db57","link":{"url":"#","is_external":"","nofollow":"","custom_attributes":""}},{"text":"twitter","selected_icon":{"value":"","library":""},"link":{"url":"#","is_external":"","nofollow":"","custom_attributes":""},"_id":"f55d684"},{"text":"facebook","selected_icon":{"value":"","library":""},"link":{"url":"#","is_external":"","nofollow":"","custom_attributes":""},"_id":"8b32bf9"}],"space_between":{"unit":"px","size":50,"sizes":[]},"text_indent":{"unit":"px","size":0,"sizes":[]},"_margin":{"unit":"%","top":"5","right":"0","bottom":"0","left":"0","isLinked":false},"__globals__":{"text_color":"globals\/colors?id=primary","icon_typography_typography":"globals\/typography?id=dffa7b1"},"space_between_mobile":{"unit":"px","size":12,"sizes":[]},"_margin_mobile":{"unit":"%","top":"8","right":"0","bottom":"0","left":"0","isLinked":false}},"elements":[],"isInner":false,"widgetType":"icon-list","elType":"widget"},{"id":"5553ab20","settings":{"title":"Oubl\u00e9","header_size":"h1","_margin":{"unit":"%","top":"20","right":"0","bottom":"-3.5","left":"-2","isLinked":false},"_offset_orientation_v":"end","__globals__":{"typography_typography":"globals\/typography?id=b228825"},"_margin_tablet":{"unit":"%","top":"10","right":"0","bottom":"0","left":"0","isLinked":false},"_margin_mobile":{"unit":"%","top":"20","right":"0","bottom":"0","left":"0","isLinked":false}},"elements":[],"isInner":false,"widgetType":"heading","elType":"widget"}],"isInner":true,"elType":"container"},{"id":"5ee7cbe7","settings":{"_column_size":50,"width":{"size":null,"unit":"%"},"background_background":"classic","background_image":{"url":"https:\/\/library.elementor.com\/eco-friendly-water-bottles-flexbox\/wp-content\/uploads\/sites\/165\/2021\/07\/HomePage-Footer.jpg","id":166,"alt":"","source":"library"},"background_position":"center center","background_repeat":"no-repeat","background_size":"cover","width_tablet":{"size":100,"unit":"%"},"content_width":"full","_flex_order_tablet":"start"},"elements":[{"id":"2d70d099","settings":{"space_tablet":{"unit":"vh","size":50,"sizes":[]},"space_mobile":{"unit":"px","size":230,"sizes":[]}},"elements":[],"isInner":false,"widgetType":"spacer","elType":"widget"}],"isInner":true,"elType":"container"}],"isInner":false,"elType":"container"}],"settings":{"template":"elementor_header_footer"},"metadata":[]}