{"content":[{"id":"642b7918","settings":{"content_width":{"unit":"px","size":585,"sizes":[]},"gap":"no","height":"min-height","custom_height":{"unit":"px","size":257,"sizes":[]},"padding":{"unit":"%","top":"0","right":"4","bottom":"0","left":"4","isLinked":false},"_title":"Benefits 01 Title","custom_height_tablet":{"unit":"px","size":200,"sizes":[]},"padding_mobile":{"unit":"%","top":"0","right":"6","bottom":"0","left":"6","isLinked":false}},"elements":[{"id":"1895a45c","settings":{"_column_size":100,"_inline_size":null},"elements":[{"id":"d690894","settings":{"title":"Everything you need to Know about Oubl\u00e9","align":"center","_animation":"fadeIn"},"elements":[],"isInner":false,"widgetType":"heading","elType":"widget"}],"isInner":false,"elType":"column"}],"isInner":false,"elType":"section"},{"id":"4f49877a","settings":{"content_width":{"unit":"px","size":1757,"sizes":[]},"gap":"no","height":"min-height","custom_height":{"unit":"px","size":803,"sizes":[]},"structure":"30","padding":{"unit":"%","top":"0","right":"4","bottom":"2","left":"4","isLinked":false},"_title":"Benefits 01 Products","custom_height_tablet":{"unit":"px","size":600,"sizes":[]},"column_position":"stretch","content_position":"bottom","padding_tablet":{"unit":"%","top":"0","right":"2","bottom":"8","left":"2","isLinked":false},"padding_mobile":{"unit":"%","top":"0","right":"6","bottom":"12","left":"6","isLinked":false}},"elements":[{"id":"8e9f4f4","settings":{"_column_size":33,"_inline_size":null,"padding":{"unit":"%","top":"0","right":"7","bottom":"0","left":"0","isLinked":false},"padding_mobile":{"unit":"%","top":"0","right":"0","bottom":"20","left":"0","isLinked":false},"motion_fx_translateY_speed":{"unit":"px","size":2,"sizes":[]},"animation":"slideInDown","animation_duration":"fast","space_between_widgets":0,"padding_tablet":{"unit":"%","top":"0","right":"4","bottom":"0","left":"0","isLinked":false}},"elements":[{"id":"b170cfc","settings":{"image":{"id":639,"url":"https:\/\/library.elementor.com\/eco-friendly-water-bottles-flexbox\/wp-content\/uploads\/sites\/165\/2022\/07\/Benefits-3-pics1.jpg"},"width":{"unit":"px","size":550,"sizes":[]},"height":{"unit":"px","size":500,"sizes":[]},"height_tablet":{"unit":"px","size":290,"sizes":[]},"object-fit":"cover","image_border_border":"solid","image_border_width":{"unit":"px","top":"1","right":"1","bottom":"1","left":"1","isLinked":false},"__globals__":{"image_border_color":"globals\/colors?id=primary"}},"elements":[],"isInner":false,"widgetType":"image","elType":"widget"},{"id":"11b0e6a3","settings":{"image":{"url":"","id":""},"title_text":"Colors & Shapes ","description_text":"The bottles come in different colors, materials, and shapes. TSo, you can find the one that fits your needs and lifestyle exactly.","image_space":{"unit":"px","size":0,"sizes":[]},"text_align":"left","title_bottom_space":{"unit":"px","size":26,"sizes":[]},"_padding":{"unit":"%","top":"10","right":"18","bottom":"10","left":"18","isLinked":false},"_padding_tablet":{"unit":"%","top":"8","right":"8","bottom":"12","left":"8","isLinked":false},"_border_border":"solid","_border_width":{"unit":"px","top":"0","right":"1","bottom":"1","left":"1","isLinked":false},"__globals__":{"_border_color":"globals\/colors?id=primary","title_typography_typography":"globals\/typography?id=secondary"}},"elements":[],"isInner":false,"widgetType":"image-box","elType":"widget"}],"isInner":false,"elType":"column"},{"id":"6789849c","settings":{"_column_size":33,"_inline_size":null,"padding":{"unit":"%","top":"0","right":"3.5","bottom":"11","left":"3.5","isLinked":false},"padding_mobile":{"unit":"%","top":"0","right":"0","bottom":"20","left":"0","isLinked":false},"motion_fx_translateY_direction":"negative","motion_fx_translateY_speed":{"unit":"px","size":1,"sizes":[]},"animation":"slideInUp","animation_delay":200,"space_between_widgets":0,"padding_tablet":{"unit":"%","top":"0","right":"2","bottom":"14","left":"2","isLinked":false}},"elements":[{"id":"4f8ead08","settings":{"image":{"id":640,"url":"https:\/\/library.elementor.com\/eco-friendly-water-bottles-flexbox\/wp-content\/uploads\/sites\/165\/2022\/07\/Benefits-3-pics3.jpg"},"width":{"unit":"px","size":550,"sizes":[]},"height":{"unit":"px","size":500,"sizes":[]},"height_tablet":{"unit":"px","size":290,"sizes":[]},"object-fit":"cover","image_border_border":"solid","image_border_width":{"unit":"px","top":"1","right":"1","bottom":"1","left":"1","isLinked":false},"__globals__":{"image_border_color":"globals\/colors?id=primary"}},"elements":[],"isInner":false,"widgetType":"image","elType":"widget"},{"id":"7bb494d1","settings":{"image":{"url":"","id":""},"title_text":"Chemical-free","description_text":"Oubl\u00e9 Bottles are made from natural materials. We use only glass and stainless steel to create a chemical-free product for improved taste and longevity.","image_space":{"unit":"px","size":0,"sizes":[]},"text_align":"left","title_bottom_space":{"unit":"px","size":26,"sizes":[]},"_padding":{"unit":"%","top":"10","right":"18","bottom":"10","left":"18","isLinked":false},"_padding_tablet":{"unit":"%","top":"8","right":"8","bottom":"12","left":"8","isLinked":false},"_border_border":"solid","_border_width":{"unit":"px","top":"0","right":"1","bottom":"1","left":"1","isLinked":false},"__globals__":{"_border_color":"globals\/colors?id=primary","title_typography_typography":"globals\/typography?id=secondary"}},"elements":[],"isInner":false,"widgetType":"image-box","elType":"widget"}],"isInner":false,"elType":"column"},{"id":"188748e8","settings":{"_column_size":33,"_inline_size":null,"padding":{"unit":"%","top":"0","right":"0","bottom":"0","left":"7","isLinked":false},"padding_mobile":{"unit":"px","top":"0","right":"0","bottom":"0","left":"0","isLinked":false},"motion_fx_translateY_effect":"yes","motion_fx_translateY_speed":{"unit":"px","size":2,"sizes":[]},"animation":"slideInDown","animation_delay":400,"space_between_widgets":0,"padding_tablet":{"unit":"%","top":"0","right":"0","bottom":"0","left":"4","isLinked":false}},"elements":[{"id":"4962883b","settings":{"image":{"id":641,"url":"https:\/\/library.elementor.com\/eco-friendly-water-bottles-flexbox\/wp-content\/uploads\/sites\/165\/2022\/07\/Benefits-3-pics2.jpg"},"width":{"unit":"px","size":550,"sizes":[]},"height":{"unit":"px","size":500,"sizes":[]},"height_tablet":{"unit":"px","size":290,"sizes":[]},"object-fit":"cover","image_border_border":"solid","image_border_width":{"unit":"px","top":"1","right":"1","bottom":"1","left":"1","isLinked":false},"__globals__":{"image_border_color":"globals\/colors?id=primary"}},"elements":[],"isInner":false,"widgetType":"image","elType":"widget"},{"id":"4f792206","settings":{"image":{"url":"","id":""},"title_text":"Functional","description_text":"Oubl\u00e9 Bottles maintain temperature for both hot and cold beverages. It\u2019s also resistant to leaks and can be easily disassembled for thorough cleaning.","image_space":{"unit":"px","size":0,"sizes":[]},"text_align":"left","title_bottom_space":{"unit":"px","size":26,"sizes":[]},"_padding":{"unit":"%","top":"10","right":"18","bottom":"10","left":"18","isLinked":false},"_padding_tablet":{"unit":"%","top":"8","right":"8","bottom":"12","left":"8","isLinked":false},"_border_border":"solid","_border_width":{"unit":"px","top":"0","right":"1","bottom":"1","left":"1","isLinked":false},"__globals__":{"_border_color":"globals\/colors?id=primary","title_typography_typography":"globals\/typography?id=secondary"}},"elements":[],"isInner":false,"widgetType":"image-box","elType":"widget"}],"isInner":false,"elType":"column"}],"isInner":false,"elType":"section"}],"settings":{"template":"elementor_canvas"},"metadata":[]}