{"content":[{"id":"7ec40f67","settings":{"content_width":{"unit":"px","size":1465,"sizes":[]},"gap":"no","height":"min-height","custom_height":{"unit":"px","size":630,"sizes":[]},"custom_height_tablet":{"unit":"px","size":590,"sizes":[]},"custom_height_mobile":{"unit":"px","size":600,"sizes":[]},"background_background":"classic","padding":{"unit":"%","top":"0","right":"4","bottom":"0","left":"4","isLinked":false},"padding_tablet":{"unit":"%","top":"","right":"","bottom":"","left":"","isLinked":true},"padding_mobile":{"unit":"%","top":"2","right":"6","bottom":"4","left":"6","isLinked":false},"_title":"Clients 01","__globals__":{"background_color":"globals\/colors?id=f3cfd47"}},"elements":[{"id":"2db89c28","settings":{"_column_size":100,"_inline_size":null,"space_between_widgets":0},"elements":[{"id":"1737ba7f","settings":{"title":"as seen in the best magazines","align":"center","_margin":{"unit":"%","top":"0","right":"30","bottom":"10","left":"30","isLinked":false},"_margin_tablet":{"unit":"%","top":"0","right":"10","bottom":"16","left":"10","isLinked":false},"_margin_mobile":{"unit":"%","top":"0","right":"0","bottom":"20","left":"0","isLinked":false},"_padding_mobile":{"unit":"px","top":"0","right":"0","bottom":"0","left":"0","isLinked":false},"_animation":"fadeIn"},"elements":[],"isInner":false,"widgetType":"heading","elType":"widget"},{"id":"12d951fe","settings":{"gallery":[{"id":1393,"url":"https:\/\/library.elementor.com\/eco-friendly-water-bottles-flexbox\/wp-content\/uploads\/sites\/165\/2022\/07\/clients_01_logo1.png"},{"id":1394,"url":"https:\/\/library.elementor.com\/eco-friendly-water-bottles-flexbox\/wp-content\/uploads\/sites\/165\/2022\/07\/clients_01_logo2.png"},{"id":1395,"url":"https:\/\/library.elementor.com\/eco-friendly-water-bottles-flexbox\/wp-content\/uploads\/sites\/165\/2022\/07\/clients_01_logo3.png"},{"id":1396,"url":"https:\/\/library.elementor.com\/eco-friendly-water-bottles-flexbox\/wp-content\/uploads\/sites\/165\/2022\/07\/clients_01_logo4.png"}],"galleries":[{"gallery_title":"New Gallery","_id":"0747381"}],"gallery_layout":"masonry","gap":{"unit":"px","size":250,"sizes":[]},"gap_tablet":{"unit":"px","size":80,"sizes":[]},"gap_mobile":{"unit":"px","size":60,"sizes":[]},"link_to":"","thumbnail_image_size":"large","show_all_galleries_label":"All","overlay_background":"","_padding_tablet":{"unit":"%","top":"0","right":"18","bottom":"0","left":"18","isLinked":false},"_padding_mobile":{"unit":"%","top":"0","right":"26","bottom":"0","left":"26","isLinked":false}},"elements":[],"isInner":false,"widgetType":"gallery","elType":"widget"}],"isInner":false,"elType":"column"}],"isInner":false,"elType":"section"}],"settings":{"template":"elementor_canvas"},"metadata":[]}