{"content":[{"id":"f3bf347","settings":{"layout":"full_width","gap":"no","height":"min-height","custom_height":{"unit":"vh","size":50,"sizes":[]},"custom_height_tablet":{"unit":"px","size":277,"sizes":[]},"column_position":"stretch","content_position":"bottom","structure":"20","background_background":"classic","_title":"Hero 1 Top","__globals__":{"background_color":"globals\/colors?id=f3cfd47"}},"elements":[{"id":"14f664b1","settings":{"_column_size":50,"_inline_size":29.74,"_inline_size_mobile":50,"background_background":"classic","background_image":{"id":576,"url":"https:\/\/library.elementor.com\/eco-friendly-water-bottles-flexbox\/wp-content\/uploads\/sites\/165\/2022\/07\/hero-1-pics4.jpg"},"background_position":"center center","background_size":"cover"},"elements":[{"id":"e2b7d0f","settings":[],"elements":[],"isInner":false,"widgetType":"spacer","elType":"widget"}],"isInner":false,"elType":"column"},{"id":"20cd4a47","settings":{"_column_size":50,"_inline_size":70.26,"_inline_size_mobile":50,"margin":{"unit":"%","top":"2","right":"0","bottom":"0","left":"16","isLinked":false},"margin_mobile":{"unit":"px","top":"0","right":"0","bottom":"0","left":"0","isLinked":false},"space_between_widgets":0},"elements":[{"id":"76663c7f","settings":{"image":{"id":577,"url":"https:\/\/library.elementor.com\/eco-friendly-water-bottles-flexbox\/wp-content\/uploads\/sites\/165\/2022\/07\/hero-1-pics3.jpg"},"width":{"unit":"px","size":400,"sizes":[]},"width_tablet":{"unit":"%","size":60,"sizes":[]},"width_mobile":{"unit":"%","size":100,"sizes":[]},"height":{"unit":"px","size":350,"sizes":[]},"height_tablet":{"unit":"px","size":225,"sizes":[]},"height_mobile":{"unit":"px","size":300,"sizes":[]},"object-fit":"cover","_animation":"slideInDown","_margin":{"unit":"%","top":"","right":"","bottom":"","left":"","isLinked":true},"_margin_tablet":{"unit":"%","top":"","right":"","bottom":"","left":"","isLinked":true},"_margin_mobile":{"unit":"%","top":"","right":"","bottom":"","left":"","isLinked":true}},"elements":[],"isInner":false,"widgetType":"image","elType":"widget"},{"id":"10013931","settings":{"title":"Oubl\u00e9","header_size":"h1","align":"left","_element_width":"auto","_element_width_mobile":"inherit","_position":"absolute","_offset_x":{"unit":"%","size":-28,"sizes":[]},"_offset_x_tablet":{"unit":"%","size":-40,"sizes":[]},"_offset_x_mobile":{"unit":"%","size":-62,"sizes":[]},"_offset_orientation_v":"end","_offset_y_end":{"unit":"%","size":-36,"sizes":[]},"_offset_y_end_tablet":{"unit":"%","size":-26,"sizes":[]},"_animation":"fadeIn","__globals__":{"typography_typography":"globals\/typography?id=b228825"},"_offset_y_end_mobile":{"unit":"%","size":-30,"sizes":[]}},"elements":[],"isInner":false,"widgetType":"heading","elType":"widget"}],"isInner":false,"elType":"column"}],"isInner":false,"elType":"section"},{"id":"47caf8cf","settings":{"layout":"full_width","gap":"no","height":"min-height","custom_height":{"unit":"vh","size":50,"sizes":[]},"custom_height_tablet":{"unit":"vh","size":"","sizes":[]},"column_position":"stretch","structure":"31","background_background":"classic","padding":{"unit":"%","top":"6","right":"0","bottom":"0","left":"0","isLinked":false},"padding_tablet":{"unit":"%","top":"12","right":"0","bottom":"0","left":"0","isLinked":false},"_title":"Hero 1 Bottom","__globals__":{"background_color":"globals\/colors?id=f3cfd47"}},"elements":[{"id":"41593710","settings":{"_column_size":25,"_inline_size":35.469,"_inline_size_tablet":100,"content_position":"center","margin_mobile":{"unit":"%","top":"","right":"","bottom":"","left":"","isLinked":true},"padding":{"unit":"%","top":"4","right":"12","bottom":"4","left":"12","isLinked":false},"padding_mobile":{"unit":"%","top":"22","right":"6","bottom":"14","left":"6","isLinked":false}},"elements":[{"id":"7f85a2c3","settings":{"title":"Plastic-Free\u2028<br>oubl\u00e9 Bottles","align_tablet":"center","_animation":"fadeIn","_animation_delay":600},"elements":[],"isInner":false,"widgetType":"heading","elType":"widget"},{"id":"13eb7625","settings":{"editor":"Lorem ipsum dolor sit amet, consectetur adipiscing elit, sed do eiusmod tempor incididunt ut labore et dolore magna aliqua. Lorem ipsum dolor sit amet, consectetur adipiscing elit, sed do eiusmod tempor incididunt ut labore et dolore magna aliqua. Lorem ipsum dolor sit amet, consectetur adipiscing elit.","align_tablet":"center","_margin":{"unit":"%","top":"6","right":"0","bottom":"8","left":"0","isLinked":false},"_animation":"fadeIn","_animation_delay":800},"elements":[],"isInner":false,"widgetType":"text-editor","elType":"widget"},{"id":"36c6ee56","settings":{"text":"Discover","align":"left","selected_icon":{"value":"fas fa-circle","library":"fa-solid"},"icon_indent":{"unit":"px","size":10,"sizes":[]},"__globals__":{"button_text_color":"globals\/colors?id=accent","background_color":"globals\/colors?id=e361c3e","hover_color":"globals\/colors?id=text","typography_typography":"globals\/typography?id=accent"},"text_padding":{"unit":"px","top":"0","right":"0","bottom":"0","left":"0","isLinked":false},"_margin":{"unit":"px","top":"10","right":"0","bottom":"0","left":"0","isLinked":false},"_animation":"fadeIn","animation_duration":"slow","_animation_delay":400,"link":{"url":"","is_external":"","nofollow":"","custom_attributes":""},"align_tablet":"center"},"elements":[],"isInner":false,"widgetType":"button","elType":"widget"}],"isInner":false,"elType":"column"},{"id":"7a4cdf85","settings":{"_column_size":25,"_inline_size":34.791,"_inline_size_tablet":50},"elements":[{"id":"46f04d4e","settings":{"image":{"id":578,"url":"https:\/\/library.elementor.com\/eco-friendly-water-bottles-flexbox\/wp-content\/uploads\/sites\/165\/2022\/07\/hero-1-pics1.jpg"},"align":"left","width":{"unit":"px","size":400,"sizes":[]},"height":{"unit":"px","size":350,"sizes":[]},"height_mobile":{"unit":"px","size":286,"sizes":[]},"object-fit":"cover","_animation":"slideInUp","width_tablet":{"unit":"%","size":100,"sizes":[]}},"elements":[],"isInner":false,"widgetType":"image","elType":"widget"}],"isInner":false,"elType":"column"},{"id":"5bccbfe4","settings":{"_column_size":50,"_inline_size":29.715,"_inline_size_tablet":50,"background_background":"classic","background_image":{"id":579,"url":"https:\/\/library.elementor.com\/eco-friendly-water-bottles-flexbox\/wp-content\/uploads\/sites\/165\/2022\/07\/hero-1-pics2.jpg"},"background_position":"center center","background_size":"cover"},"elements":[{"id":"39563a24","settings":{"space_mobile":{"unit":"px","size":300,"sizes":[]}},"elements":[],"isInner":false,"widgetType":"spacer","elType":"widget"}],"isInner":false,"elType":"column"}],"isInner":false,"elType":"section"}],"settings":{"template":"elementor_canvas"},"metadata":[]}