{"content":[{"id":"44e8ad45","settings":{"content_width":{"unit":"px","size":585,"sizes":[]},"gap":"no","height":"min-height","custom_height":{"unit":"px","size":330,"sizes":[]},"padding":{"unit":"%","top":"0","right":"4","bottom":"0","left":"4","isLinked":false},"_title":"Services 02 Title","custom_height_tablet":{"unit":"px","size":200,"sizes":[]},"padding_mobile":{"unit":"%","top":"0","right":"6","bottom":"0","left":"6","isLinked":false}},"elements":[{"id":"6e8cde19","settings":{"_column_size":100,"_inline_size":null},"elements":[{"id":"cbe7f48","settings":{"title":"check out our bottles collection","align":"center","_animation":"fadeIn"},"elements":[],"isInner":false,"widgetType":"heading","elType":"widget"}],"isInner":false,"elType":"column"}],"isInner":false,"elType":"section"},{"id":"38681f5","settings":{"content_width":{"unit":"px","size":1757,"sizes":[]},"gap":"no","custom_height":{"unit":"px","size":803,"sizes":[]},"structure":"40","padding":{"unit":"%","top":"0","right":"4","bottom":"3","left":"4","isLinked":false},"_title":"Services 02 Products","custom_height_tablet":{"unit":"px","size":600,"sizes":[]},"column_position":"stretch","content_position":"top","padding_tablet":{"unit":"%","top":"0","right":"4","bottom":"8","left":"4","isLinked":false},"padding_mobile":{"unit":"%","top":"0","right":"6","bottom":"20","left":"6","isLinked":false},"background_background":"classic","__globals__":{"background_color":"globals\/colors?id=f3cfd47"}},"elements":[{"id":"1611b44a","settings":{"_column_size":25,"_inline_size":null,"padding":{"unit":"%","top":"0","right":"7","bottom":"0","left":"0","isLinked":false},"padding_mobile":{"unit":"%","top":"0","right":"0","bottom":"20","left":"0","isLinked":false},"motion_fx_translateY_speed":{"unit":"px","size":2,"sizes":[]},"animation":"slideInUp","animation_duration":"fast","_inline_size_tablet":50,"padding_tablet":{"unit":"%","top":"0","right":"7","bottom":"20","left":"0","isLinked":false}},"elements":[{"id":"f3b5c5f","settings":{"image":{"id":719,"url":"https:\/\/library.elementor.com\/eco-friendly-water-bottles-flexbox\/wp-content\/uploads\/sites\/165\/2022\/07\/Services-3-pics3.jpg","alt":"","source":"library"},"title_text":"Oubl\u00e9 aqua","description_text":"Lorem ipsum dolor sit amet, consectetur adipiscing elit, adipiscing elit, sed do eiusmod tempor incididunt ut labore et dolore magna aliqua. Lorem ipsum dolor sit amet, consectetur ","image_space":{"unit":"px","size":60,"sizes":[]},"text_align":"left","title_bottom_space":{"unit":"px","size":15,"sizes":[]},"_padding":{"unit":"%","top":"","right":"","bottom":"","left":"","isLinked":true},"_padding_tablet":{"unit":"%","top":"","right":"","bottom":"","left":"","isLinked":true},"_border_width":{"unit":"px","top":"1","right":"1","bottom":"1","left":"1","isLinked":false},"__globals__":{"_border_color":"globals\/colors?id=primary","title_typography_typography":"globals\/typography?id=secondary"},"text_align_mobile":"center","image_space_tablet":{"unit":"px","size":30,"sizes":[]},"image_size":{"unit":"%","size":100,"sizes":[]}},"elements":[],"isInner":false,"widgetType":"image-box","elType":"widget"},{"id":"2db1c799","settings":{"text":"where to find","align":"left","selected_icon":{"value":"fas fa-circle","library":"fa-solid"},"icon_indent":{"unit":"px","size":10,"sizes":[]},"__globals__":{"button_text_color":"globals\/colors?id=accent","background_color":"globals\/colors?id=e361c3e","hover_color":"globals\/colors?id=text","typography_typography":"globals\/typography?id=accent"},"text_padding":{"unit":"px","top":"0","right":"0","bottom":"0","left":"0","isLinked":false},"_margin":{"unit":"px","top":"32","right":"0","bottom":"0","left":"0","isLinked":false},"_animation":"fadeIn","animation_duration":"slow","_animation_delay":400,"link":{"url":"","is_external":"","nofollow":"","custom_attributes":""},"align_mobile":"center","_margin_tablet":{"unit":"px","top":"0","right":"0","bottom":"0","left":"0","isLinked":false}},"elements":[],"isInner":false,"widgetType":"button","elType":"widget"}],"isInner":false,"elType":"column"},{"id":"4edfe980","settings":{"_column_size":25,"_inline_size":null,"padding":{"unit":"%","top":"0","right":"3.5","bottom":"0","left":"3.5","isLinked":false},"padding_mobile":{"unit":"%","top":"0","right":"0","bottom":"20","left":"0","isLinked":false},"motion_fx_translateY_direction":"negative","motion_fx_translateY_speed":{"unit":"px","size":1,"sizes":[]},"animation":"slideInUp","animation_delay":200,"animation_duration":"fast","_inline_size_tablet":50,"padding_tablet":{"unit":"%","top":"0","right":"0","bottom":"20","left":"7","isLinked":false}},"elements":[{"id":"2ad9376d","settings":{"image":{"id":718,"url":"https:\/\/library.elementor.com\/eco-friendly-water-bottles-flexbox\/wp-content\/uploads\/sites\/165\/2022\/07\/Services-3-pics2.jpg","alt":"","source":"library"},"title_text":"Oubl\u00e9 aqua","description_text":"Lorem ipsum dolor sit amet, consectetur adipiscing elit, adipiscing elit, sed do eiusmod tempor incididunt ut labore et dolore magna aliqua. Lorem ipsum dolor sit amet, consectetur ","image_space":{"unit":"px","size":60,"sizes":[]},"text_align":"left","title_bottom_space":{"unit":"px","size":15,"sizes":[]},"_padding":{"unit":"%","top":"","right":"","bottom":"","left":"","isLinked":true},"_padding_tablet":{"unit":"%","top":"","right":"","bottom":"","left":"","isLinked":true},"_border_width":{"unit":"px","top":"1","right":"1","bottom":"1","left":"1","isLinked":false},"__globals__":{"_border_color":"globals\/colors?id=primary","title_typography_typography":"globals\/typography?id=secondary"},"text_align_mobile":"center","image_space_tablet":{"unit":"px","size":30,"sizes":[]},"image_size":{"unit":"%","size":100,"sizes":[]}},"elements":[],"isInner":false,"widgetType":"image-box","elType":"widget"},{"id":"7952de03","settings":{"text":"where to find","align":"left","selected_icon":{"value":"fas fa-circle","library":"fa-solid"},"icon_indent":{"unit":"px","size":10,"sizes":[]},"__globals__":{"button_text_color":"globals\/colors?id=accent","background_color":"globals\/colors?id=e361c3e","hover_color":"globals\/colors?id=text","typography_typography":"globals\/typography?id=accent"},"text_padding":{"unit":"px","top":"0","right":"0","bottom":"0","left":"0","isLinked":false},"_margin":{"unit":"px","top":"32","right":"0","bottom":"0","left":"0","isLinked":false},"_animation":"fadeIn","animation_duration":"slow","_animation_delay":400,"link":{"url":"","is_external":"","nofollow":"","custom_attributes":""},"align_mobile":"center","_margin_tablet":{"unit":"px","top":"0","right":"0","bottom":"0","left":"0","isLinked":false}},"elements":[],"isInner":false,"widgetType":"button","elType":"widget"}],"isInner":false,"elType":"column"},{"id":"4e481d07","settings":{"_column_size":25,"_inline_size":null,"padding":{"unit":"%","top":"0","right":"3.5","bottom":"0","left":"3.5","isLinked":false},"padding_mobile":{"unit":"%","top":"0","right":"0","bottom":"20","left":"0","isLinked":false},"motion_fx_translateY_direction":"negative","motion_fx_translateY_speed":{"unit":"px","size":1,"sizes":[]},"animation":"slideInUp","animation_delay":400,"animation_duration":"fast","_inline_size_tablet":50,"padding_tablet":{"unit":"%","top":"0","right":"7","bottom":"0","left":"0","isLinked":false}},"elements":[{"id":"46093a1e","settings":{"image":{"id":720,"url":"https:\/\/library.elementor.com\/eco-friendly-water-bottles-flexbox\/wp-content\/uploads\/sites\/165\/2022\/07\/Services-3-pics4.jpg","alt":"","source":"library"},"title_text":"Oubl\u00e9 aqua","description_text":"Lorem ipsum dolor sit amet, consectetur adipiscing elit, adipiscing elit, sed do eiusmod tempor incididunt ut labore et dolore magna aliqua. Lorem ipsum dolor sit amet, consectetur ","image_space":{"unit":"px","size":60,"sizes":[]},"text_align":"left","title_bottom_space":{"unit":"px","size":15,"sizes":[]},"_padding":{"unit":"%","top":"","right":"","bottom":"","left":"","isLinked":true},"_padding_tablet":{"unit":"%","top":"","right":"","bottom":"","left":"","isLinked":true},"_border_width":{"unit":"px","top":"1","right":"1","bottom":"1","left":"1","isLinked":false},"__globals__":{"_border_color":"globals\/colors?id=primary","title_typography_typography":"globals\/typography?id=secondary"},"text_align_mobile":"center","image_space_tablet":{"unit":"px","size":30,"sizes":[]},"image_size":{"unit":"%","size":100,"sizes":[]}},"elements":[],"isInner":false,"widgetType":"image-box","elType":"widget"},{"id":"72f08533","settings":{"text":"where to find","align":"left","selected_icon":{"value":"fas fa-circle","library":"fa-solid"},"icon_indent":{"unit":"px","size":10,"sizes":[]},"__globals__":{"button_text_color":"globals\/colors?id=accent","background_color":"globals\/colors?id=e361c3e","hover_color":"globals\/colors?id=text","typography_typography":"globals\/typography?id=accent"},"text_padding":{"unit":"px","top":"0","right":"0","bottom":"0","left":"0","isLinked":false},"_margin":{"unit":"px","top":"32","right":"0","bottom":"0","left":"0","isLinked":false},"_animation":"fadeIn","animation_duration":"slow","_animation_delay":400,"link":{"url":"","is_external":"","nofollow":"","custom_attributes":""},"align_mobile":"center","_margin_tablet":{"unit":"px","top":"0","right":"0","bottom":"0","left":"0","isLinked":false}},"elements":[],"isInner":false,"widgetType":"button","elType":"widget"}],"isInner":false,"elType":"column"},{"id":"1a169ae1","settings":{"_column_size":25,"_inline_size":null,"padding":{"unit":"%","top":"0","right":"0","bottom":"0","left":"7","isLinked":false},"padding_mobile":{"unit":"px","top":"0","right":"0","bottom":"0","left":"0","isLinked":false},"motion_fx_translateY_effect":"yes","motion_fx_translateY_speed":{"unit":"px","size":2,"sizes":[]},"animation":"slideInUp","animation_delay":600,"animation_duration":"fast","_inline_size_tablet":50},"elements":[{"id":"21c73a7c","settings":{"image":{"id":717,"url":"https:\/\/library.elementor.com\/eco-friendly-water-bottles-flexbox\/wp-content\/uploads\/sites\/165\/2022\/07\/Services-3-pics1.jpg","alt":"","source":"library"},"title_text":"Oubl\u00e9 aqua","description_text":"Lorem ipsum dolor sit amet, consectetur adipiscing elit, adipiscing elit, sed do eiusmod tempor incididunt ut labore et dolore magna aliqua. Lorem ipsum dolor sit amet, consectetur ","image_space":{"unit":"px","size":60,"sizes":[]},"text_align":"left","title_bottom_space":{"unit":"px","size":15,"sizes":[]},"_padding":{"unit":"%","top":"","right":"","bottom":"","left":"","isLinked":true},"_padding_tablet":{"unit":"%","top":"","right":"","bottom":"","left":"","isLinked":true},"_border_width":{"unit":"px","top":"1","right":"1","bottom":"1","left":"1","isLinked":false},"__globals__":{"_border_color":"globals\/colors?id=primary","title_typography_typography":"globals\/typography?id=secondary"},"text_align_mobile":"center","image_space_tablet":{"unit":"px","size":30,"sizes":[]},"image_size":{"unit":"%","size":100,"sizes":[]}},"elements":[],"isInner":false,"widgetType":"image-box","elType":"widget"},{"id":"29b0d42b","settings":{"text":"where to find","align":"left","selected_icon":{"value":"fas fa-circle","library":"fa-solid"},"icon_indent":{"unit":"px","size":10,"sizes":[]},"__globals__":{"button_text_color":"globals\/colors?id=accent","background_color":"globals\/colors?id=e361c3e","hover_color":"globals\/colors?id=text","typography_typography":"globals\/typography?id=accent"},"text_padding":{"unit":"px","top":"0","right":"0","bottom":"0","left":"0","isLinked":false},"_margin":{"unit":"px","top":"32","right":"0","bottom":"0","left":"0","isLinked":false},"_animation":"fadeIn","animation_duration":"slow","_animation_delay":400,"link":{"url":"","is_external":"","nofollow":"","custom_attributes":""},"align_mobile":"center","_margin_tablet":{"unit":"px","top":"0","right":"0","bottom":"0","left":"0","isLinked":false}},"elements":[],"isInner":false,"widgetType":"button","elType":"widget"}],"isInner":false,"elType":"column"}],"isInner":false,"elType":"section"}],"settings":{"template":"elementor_canvas"},"metadata":[]}