{"content":[],"settings":{"template":"default","system_colors":[{"_id":"primary","title":"Primary","color":"#000000"},{"_id":"secondary","title":"Secondary","color":"#F4F4F4"},{"_id":"text","title":"Text","color":"#616161"},{"_id":"accent","title":"Accent","color":"#000000"}],"custom_colors":[{"title":"Full Transparency","_id":"e361c3e","color":"#FFFFFF00"},{"title":"Kit BG","_id":"f3cfd47","color":"#FFFFFF"}],"system_typography":[{"_id":"primary","title":"Primary","typography_typography":"custom","typography_font_family":"Raleway","typography_font_weight":"700","typography_font_size":{"unit":"px","size":38,"sizes":[]},"typography_text_transform":"uppercase","typography_font_style":"normal","typography_text_decoration":"none","typography_line_height":{"unit":"em","size":1.2,"sizes":[]},"typography_letter_spacing":{"unit":"px","size":5,"sizes":[]},"typography_font_size_mobile":{"unit":"px","size":28,"sizes":[]},"typography_letter_spacing_mobile":{"unit":"px","size":5,"sizes":[]}},{"_id":"secondary","title":"Secondary","typography_typography":"custom","typography_font_family":"Raleway","typography_font_weight":"700","typography_font_size":{"unit":"px","size":25,"sizes":[]},"typography_text_transform":"uppercase","typography_font_style":"normal","typography_text_decoration":"none","typography_line_height":{"unit":"em","size":1.2,"sizes":[]},"typography_letter_spacing":{"unit":"px","size":5,"sizes":[]},"typography_font_size_mobile":{"unit":"px","size":18,"sizes":[]},"typography_letter_spacing_mobile":{"unit":"px","size":3,"sizes":[]}},{"_id":"text","title":"Body Text","typography_typography":"custom","typography_font_family":"Roboto","typography_font_weight":"300","typography_font_size":{"unit":"px","size":16,"sizes":[]},"typography_text_transform":"none","typography_font_style":"normal","typography_text_decoration":"none","typography_line_height":{"unit":"em","size":1.5,"sizes":[]},"typography_letter_spacing":{"unit":"px","size":0,"sizes":[]},"typography_font_size_mobile":{"unit":"px","size":14,"sizes":[]}},{"_id":"accent","title":"Accent Text","typography_typography":"custom","typography_font_family":"Poppins","typography_font_weight":"600","typography_font_size":{"unit":"px","size":16,"sizes":[]},"typography_text_transform":"uppercase","typography_font_style":"normal","typography_text_decoration":"underline","typography_line_height":{"unit":"em","size":1,"sizes":[]},"typography_letter_spacing":{"unit":"px","size":2,"sizes":[]},"typography_font_size_mobile":{"unit":"px","size":14,"sizes":[]}}],"custom_typography":[{"typography_typography":"custom","typography_font_family":"Raleway","typography_font_size":{"unit":"vw","size":12,"sizes":[]},"typography_font_weight":"700","typography_text_transform":"uppercase","typography_font_style":"normal","typography_text_decoration":"none","typography_line_height":{"unit":"em","size":1,"sizes":[]},"typography_letter_spacing":{"unit":"px","size":40,"sizes":[]},"_id":"b228825","title":"Hero Headline","typography_font_size_tablet":{"unit":"vw","size":15,"sizes":[]},"typography_font_size_mobile":{"unit":"vw","size":15,"sizes":[]},"typography_letter_spacing_mobile":{"unit":"px","size":10,"sizes":[]}},{"_id":"dffa7b1","title":"Text Menu","typography_typography":"custom","typography_font_family":"Raleway","typography_font_size":{"unit":"px","size":14,"sizes":[]},"typography_font_weight":"600","typography_text_transform":"uppercase","typography_font_style":"normal","typography_text_decoration":"none","typography_line_height":{"unit":"em","size":1,"sizes":[]},"typography_letter_spacing":{"unit":"px","size":4,"sizes":[]},"typography_font_size_mobile":{"unit":"px","size":12,"sizes":[]}},{"_id":"b4c60c8","title":"Smallest Title","typography_typography":"custom","typography_font_family":"Raleway","typography_font_size":{"unit":"px","size":12,"sizes":[]},"typography_font_weight":"600","typography_text_transform":"uppercase","typography_font_style":"normal","typography_text_decoration":"none","typography_line_height":{"unit":"em","size":1.1,"sizes":[]},"typography_letter_spacing":{"unit":"px","size":5,"sizes":[]}},{"typography_typography":"custom","typography_font_family":"Raleway","typography_font_size":{"unit":"vw","size":10,"sizes":[]},"typography_font_weight":"700","typography_text_transform":"uppercase","typography_font_style":"normal","typography_text_decoration":"none","typography_line_height":{"unit":"em","size":1.1,"sizes":[]},"typography_letter_spacing":{"unit":"px","size":10,"sizes":[]},"_id":"1640554","title":"Design Title","typography_font_size_mobile":{"unit":"vw","size":13,"sizes":[]}},{"typography_typography":"custom","typography_font_family":"Raleway","typography_font_size":{"unit":"vw","size":4.1,"sizes":[]},"typography_font_size_tablet":{"unit":"vw","size":6,"sizes":[]},"typography_font_weight":"700","typography_text_transform":"uppercase","typography_font_style":"normal","typography_text_decoration":"none","typography_line_height":{"unit":"em","size":1,"sizes":[]},"typography_letter_spacing":{"unit":"px","size":20,"sizes":[]},"typography_letter_spacing_tablet":{"unit":"px","size":8,"sizes":[]},"_id":"ee7a421","title":"Design Title Small","typography_line_height_mobile":{"unit":"em","size":1.2,"sizes":[]},"typography_letter_spacing_mobile":{"unit":"px","size":6,"sizes":[]}}],"default_generic_fonts":"Sans-serif","page_title_selector":"h1.entry-title","hello_header_tagline_display":"","hello_header_background_background":"gradient","hello_header_background_color_stop":{"unit":"%","size":98,"sizes":[]},"hello_header_background_color_b_stop":{"unit":"%","size":98,"sizes":[]},"hello_header_logo_width":{"unit":"px","size":102,"sizes":[]},"hello_footer_copyright_text":" Oubl\u00e9 \u00a9 2024 All Rights Reserved.","viewport_md":768,"viewport_lg":1025,"hello_header_width":"full-width","hello_header_gap":{"unit":"%","size":8,"sizes":[]},"__globals__":{"hello_header_background_color":"globals\/colors?id=f3cfd47","hello_header_background_color_b":"globals\/colors?id=primary","body_background_color":"globals\/colors?id=f3cfd47","hello_footer_menu_color":"globals\/colors?id=text","hello_footer_menu_typography_typography":"globals\/typography?id=text","hello_footer_background_color":"globals\/colors?id=primary","hello_footer_background_color_b":"globals\/colors?id=f3cfd47","hello_footer_copyright_color":"globals\/colors?id=text","hello_footer_copyright_typography_typography":"globals\/typography?id=text","hello_header_menu_color":"globals\/colors?id=accent","hello_header_menu_typography_typography":"globals\/typography?id=dffa7b1"},"activeItemIndex":1,"hello_header_background_color":"#FFFFFF00","body_background_background":"classic","hello_footer_tagline_display":"","hello_footer_menu":"2","hello_footer_width":"full-width","hello_footer_gap":{"unit":"%","size":8,"sizes":[]},"hello_footer_background_background":"gradient","hello_footer_background_color_stop":{"unit":"%","size":2,"sizes":[]},"hello_footer_background_color_b_stop":{"unit":"%","size":2,"sizes":[]},"hello_footer_logo_width":{"unit":"px","size":102,"sizes":[]},"hello_header_menu":"3","hello_header_logo_width_mobile":{"unit":"px","size":85,"sizes":[]},"hello_footer_logo_width_mobile":{"unit":"px","size":85,"sizes":[]},"container_padding":{"unit":"px","top":"0","right":"0","bottom":"0","left":"0","isLinked":false}},"metadata":[]}