{"content":[{"id":"30b44f75","settings":{"layout":"full_width","gap":"no","background_background":"classic","__globals__":{"background_color":"globals\/colors?id=f3cfd47"},"_title":"Service Details 01 Title","margin_tablet":{"unit":"px","top":"0","right":0,"bottom":"-118","left":0,"isLinked":false},"margin_mobile":{"unit":"px","top":"0","right":0,"bottom":"0","left":0,"isLinked":false},"padding_tablet":{"unit":"%","top":"6","right":"0","bottom":"0","left":"0","isLinked":false},"padding_mobile":{"unit":"%","top":"","right":"","bottom":"","left":"","isLinked":true}},"elements":[{"id":"1e10a871","settings":{"_column_size":100,"_inline_size":null},"elements":[{"id":"3273379f","settings":{"title":"Oubl\u00e9 Bottles","header_size":"h1","_margin":{"unit":"px","top":"10","right":"0","bottom":"0","left":"-20","isLinked":false},"_z_index":5,"__globals__":{"typography_typography":"globals\/typography?id=b228825"},"align_tablet":"left","align_mobile":"center","_margin_mobile":{"unit":"px","top":"0","right":"0","bottom":"0","left":"0","isLinked":false},"_animation":"fadeIn"},"elements":[],"isInner":false,"widgetType":"heading","elType":"widget"}],"isInner":false,"elType":"column"}],"isInner":false,"elType":"section"},{"id":"5a58b01d","settings":{"layout":"full_width","gap":"no","height":"min-height","custom_height":{"unit":"px","size":800,"sizes":[]},"column_position":"stretch","structure":"20","background_background":"classic","margin":{"unit":"px","top":"-175","right":0,"bottom":"0","left":0,"isLinked":false},"_title":"Service Details 01 Info","__globals__":{"background_color":"globals\/colors?id=f3cfd47"},"margin_tablet":{"unit":"px","top":"0","right":0,"bottom":"0","left":0,"isLinked":false},"margin_mobile":{"unit":"px","top":"-56","right":0,"bottom":"0","left":0,"isLinked":false}},"elements":[{"id":"12439c05","settings":{"_column_size":50,"_inline_size":41.667,"background_background":"classic","background_image":{"id":740,"url":"https:\/\/library.elementor.com\/eco-friendly-water-bottles-flexbox\/wp-content\/uploads\/sites\/165\/2022\/07\/service-details-1-img.jpg"},"background_position":"center center","background_repeat":"no-repeat","background_size":"cover","_inline_size_tablet":100,"background_position_tablet":"top center","animation":"slideInUp"},"elements":[{"id":"13d5695f","settings":{"space_tablet":{"unit":"px","size":350,"sizes":[]},"space_mobile":{"unit":"px","size":260,"sizes":[]}},"elements":[],"isInner":false,"widgetType":"spacer","elType":"widget"}],"isInner":false,"elType":"column"},{"id":"77a9506b","settings":{"_column_size":50,"_inline_size":58.333,"content_position":"bottom","padding":{"unit":"%","top":"0","right":"0","bottom":"4","left":"16","isLinked":false},"_inline_size_tablet":100,"align_mobile":"center","padding_tablet":{"unit":"%","top":"8","right":"8","bottom":"8","left":"8","isLinked":true},"padding_mobile":{"unit":"%","top":"20","right":"6","bottom":"20","left":"6","isLinked":false}},"elements":[{"id":"9f30ec3","settings":{"icon_list":[{"text":"Oubl\u00e9 aqua","selected_icon":{"value":"fas fa-square-full","library":"fa-solid"},"_id":"f2bd57d"}],"icon_align_mobile":"center","icon_size":{"unit":"px","size":10,"sizes":[]},"text_indent":{"unit":"px","size":25,"sizes":[]},"__globals__":{"text_color":"globals\/colors?id=primary","icon_typography_typography":"globals\/typography?id=primary"}},"elements":[],"isInner":false,"widgetType":"icon-list","elType":"widget"},{"id":"7a027394","settings":{"layout":"full_width","gap":"no","margin":{"unit":"%","top":"6","right":0,"bottom":"0","left":0,"isLinked":false},"margin_tablet":{"unit":"%","top":"8","right":0,"bottom":"10","left":0,"isLinked":false},"margin_mobile":{"unit":"%","top":"8","right":0,"bottom":"20","left":0,"isLinked":false}},"elements":[{"id":"7dfaebba","settings":{"_column_size":100,"_inline_size_tablet":50,"padding":{"unit":"%","top":"0","right":"18","bottom":"0","left":"0","isLinked":false},"padding_tablet":{"unit":"%","top":"0","right":"14","bottom":"0","left":"0","isLinked":false},"padding_mobile":{"unit":"%","top":"0","right":"0","bottom":"20","left":"0","isLinked":false}},"elements":[{"id":"3cbdab33","settings":{"image":{"url":"","id":""},"title_text":"Chemical-free","description_text":"Oubl\u00e9 Bottles maintain temperature for both hot and cold beverages. It\u2019s also resistant to leaks and can be easily disassembled for thorough cleaning.","image_space":{"unit":"px","size":26,"sizes":[]},"text_align":"left","text_align_mobile":"center","__globals__":{"title_typography_typography":"globals\/typography?id=secondary"}},"elements":[],"isInner":false,"widgetType":"image-box","elType":"widget"}],"isInner":false,"elType":"column"},{"id":"6b1d1ded","settings":{"_column_size":100,"_inline_size_tablet":50,"padding":{"unit":"%","top":"0","right":"4","bottom":"0","left":"0","isLinked":false},"padding_tablet":{"unit":"%","top":"0","right":"0","bottom":"0","left":"12","isLinked":false},"padding_mobile":{"unit":"%","top":"0","right":"0","bottom":"0","left":"0","isLinked":true}},"elements":[{"id":"5f177f3f","settings":{"title":"Colors","header_size":"h3","align_mobile":"center","_margin":{"unit":"px","top":"6","right":"0","bottom":"6","left":"0","isLinked":false},"_margin_mobile":{"unit":"px","top":"0","right":"0","bottom":"0","left":"0","isLinked":false},"__globals__":{"typography_typography":"globals\/typography?id=secondary"}},"elements":[],"isInner":false,"widgetType":"heading","elType":"widget"},{"id":"34cccfa9","settings":{"gallery":[{"id":744,"url":"https:\/\/library.elementor.com\/eco-friendly-water-bottles-flexbox\/wp-content\/uploads\/sites\/165\/2022\/07\/colors1.jpg"},{"id":745,"url":"https:\/\/library.elementor.com\/eco-friendly-water-bottles-flexbox\/wp-content\/uploads\/sites\/165\/2022\/07\/colors2.jpg"},{"id":746,"url":"https:\/\/library.elementor.com\/eco-friendly-water-bottles-flexbox\/wp-content\/uploads\/sites\/165\/2022\/07\/colors3.jpg"}],"galleries":[{"gallery_title":"New Gallery","_id":"bc5d0c6"}],"gallery_layout":"justified","ideal_row_height":{"unit":"px","size":42,"sizes":[]},"ideal_row_height_tablet":{"unit":"px","size":42,"sizes":[]},"ideal_row_height_mobile":{"unit":"px","size":50,"sizes":[]},"gap":{"unit":"px","size":14,"sizes":[]},"link_to":"","aspect_ratio":"1:1","thumbnail_image_size":"thumbnail","show_all_galleries_label":"All","overlay_background":"","_padding_mobile":{"unit":"%","top":"0","right":"25","bottom":"0","left":"25","isLinked":false},"_element_custom_width_mobile":{"unit":"px","size":444,"sizes":[]}},"elements":[],"isInner":false,"widgetType":"gallery","elType":"widget"}],"isInner":false,"elType":"column"}],"isInner":true,"elType":"section"},{"id":"403e66cd","settings":{"layout":"full_width","gap":"no","margin":{"unit":"%","top":"4","right":0,"bottom":"0","left":0,"isLinked":false},"margin_tablet":{"unit":"%","top":"0","right":0,"bottom":"10","left":0,"isLinked":false},"margin_mobile":{"unit":"%","top":"0","right":0,"bottom":"20","left":0,"isLinked":false}},"elements":[{"id":"7215795b","settings":{"_column_size":100,"_inline_size_tablet":50,"padding":{"unit":"%","top":"0","right":"18","bottom":"0","left":"0","isLinked":false},"padding_tablet":{"unit":"%","top":"0","right":"14","bottom":"0","left":"0","isLinked":false},"padding_mobile":{"unit":"%","top":"0","right":"0","bottom":"20","left":"0","isLinked":false}},"elements":[{"id":"5292ddf5","settings":{"image":{"url":"","id":""},"title_text":"Functionality","description_text":"Oubl\u00e9 Bottles maintain temperature for both hot and cold beverages. It\u2019s also resistant to leaks and can be easily disassembled for thorough cleaning.","image_space":{"unit":"px","size":26,"sizes":[]},"text_align":"left","text_align_mobile":"center","__globals__":{"title_typography_typography":"globals\/typography?id=secondary"}},"elements":[],"isInner":false,"widgetType":"image-box","elType":"widget"}],"isInner":false,"elType":"column"},{"id":"14925edc","settings":{"_column_size":100,"_inline_size_tablet":50,"padding":{"unit":"%","top":"0","right":"18","bottom":"0","left":"0","isLinked":false},"padding_tablet":{"unit":"%","top":"0","right":"0","bottom":"0","left":"12","isLinked":false},"padding_mobile":{"unit":"%","top":"0","right":"0","bottom":"0","left":"0","isLinked":false}},"elements":[{"id":"11f61a23","settings":{"image":{"url":"","id":""},"title_text":"material & Size","description_text":"Nirosta metal matt<br>750\/500 Ml","image_space":{"unit":"px","size":26,"sizes":[]},"text_align":"left","text_align_mobile":"center","__globals__":{"title_typography_typography":"globals\/typography?id=secondary"}},"elements":[],"isInner":false,"widgetType":"image-box","elType":"widget"}],"isInner":false,"elType":"column"}],"isInner":true,"elType":"section"},{"id":"47f2626e","settings":{"text":"where to find","align":"left","selected_icon":{"value":"fas fa-circle","library":"fa-solid"},"icon_indent":{"unit":"px","size":10,"sizes":[]},"__globals__":{"button_text_color":"globals\/colors?id=accent","background_color":"globals\/colors?id=e361c3e","hover_color":"globals\/colors?id=text","typography_typography":"globals\/typography?id=accent"},"text_padding":{"unit":"px","top":"0","right":"0","bottom":"0","left":"0","isLinked":false},"_margin":{"unit":"px","top":"44","right":"0","bottom":"0","left":"0","isLinked":false},"_animation":"fadeIn","animation_duration":"slow","_animation_delay":400,"link":{"url":"","is_external":"","nofollow":"","custom_attributes":""},"align_mobile":"center","_margin_tablet":{"unit":"px","top":"0","right":"0","bottom":"0","left":"0","isLinked":false}},"elements":[],"isInner":false,"widgetType":"button","elType":"widget"}],"isInner":false,"elType":"column"}],"isInner":false,"elType":"section"}],"settings":{"template":"elementor_canvas"},"metadata":[]}