{"content":[{"id":"24dd179","settings":{"content_width":"full","flex_gap":{"size":0,"column":"0","row":"0","unit":"px"},"structure":"20","_title":"Hero","flex_direction":"row","flex_align_items":"stretch","flex_wrap_tablet":"wrap"},"elements":[{"id":"255867f5","settings":{"_column_size":50,"width":{"size":60.976,"unit":"%"},"width_tablet":{"size":100,"unit":"%"},"content_width":"full"},"elements":[{"id":"2e7d7df3","settings":{"image":{"url":"https:\/\/library.elementor.com\/eco-friendly-water-bottles-flexbox\/wp-content\/uploads\/sites\/165\/2021\/07\/WTBPage-Hero.jpg","id":335,"alt":"","source":"library"},"image_size":"full","align":"center","_margin":{"unit":"%","top":"0","right":"0","bottom":"0","left":"25","isLinked":false}},"elements":[],"isInner":false,"widgetType":"image","elType":"widget"},{"id":"73fffcc6","settings":{"title":"where to buy","header_size":"h1","__globals__":{"typography_typography":"globals\/typography?id=b228825"}},"elements":[],"isInner":false,"widgetType":"heading","elType":"widget"}],"isInner":true,"elType":"container"},{"id":"41361c31","settings":{"_column_size":50,"width":{"size":38.99,"unit":"%"},"flex_justify_content":"center","width_tablet":{"size":100,"unit":"%"},"margin_tablet":{"unit":"%","top":"5","right":"0","bottom":"0","left":"0","isLinked":false},"content_width":"full"},"elements":[{"id":"12b0d72c","settings":{"image":{"url":"https:\/\/library.elementor.com\/eco-friendly-water-bottles-flexbox\/wp-content\/uploads\/sites\/165\/2021\/07\/WTBPage-Hero-img_2.jpg","id":336,"alt":"","source":"library"},"image_size":"full","align_tablet":"left","width_mobile":{"unit":"%","size":44,"sizes":[]},"_animation":"fadeInLeft","animation_duration":"slow","_element_width_mobile":"inherit"},"elements":[],"isInner":false,"widgetType":"image","elType":"widget"}],"isInner":true,"elType":"container"}],"isInner":false,"elType":"container"},{"id":"fb6eb92","settings":{"content_width":"full","flex_gap":{"size":0,"column":"0","row":"0","unit":"px"},"margin":{"unit":"%","top":"12","right":0,"bottom":"0","left":0,"isLinked":false},"padding":{"unit":"%","top":"0","right":"8","bottom":"0","left":"8","isLinked":false},"margin_mobile":{"unit":"%","top":"20","right":0,"bottom":"0","left":0,"isLinked":false},"_title":"Contact Info","flex_direction":"column","flex_align_items":"stretch"},"elements":[{"id":"6006f965","settings":{"title":"Check the list Of Our Retail Stores","header_size":"h3","align":"center","__globals__":{"typography_typography":"globals\/typography?id=secondary"}},"elements":[],"isInner":false,"widgetType":"heading","elType":"widget"},{"id":"22f681c","settings":{"content_width":"full","flex_gap":{"size":0,"column":"0","row":"50","unit":"px"},"structure":"30","margin":{"unit":"%","top":"5","right":0,"bottom":"0","left":0,"isLinked":false},"flex_direction":"row","flex_align_items":"stretch","flex_justify_content":"space-between","flex_gap_tablet":{"column":"30","row":"50","isLinked":false,"unit":"px","size":30},"flex_wrap":"wrap"},"elements":[{"id":"78f9986c","settings":{"_column_size":33,"width":{"size":30,"unit":"%"},"width_tablet":{"size":46,"unit":"%"},"flex_gap":{"size":0,"column":"0","row":"0","unit":"px"},"margin_tablet":{"unit":"%","top":"","right":"","bottom":"","left":"","isLinked":true},"animation":"fadeIn","content_width":"full","flex_direction":"column"},"elements":[{"id":"6a343132","settings":{"title":"Fiji Art Store","header_size":"h4","align":"center","__globals__":{"typography_typography":"globals\/typography?id=b4c60c8"}},"elements":[],"isInner":false,"widgetType":"heading","elType":"widget"},{"id":"7ad9641d","settings":{"width":{"unit":"px","size":350,"sizes":[]},"width_tablet":{"unit":"%","size":100,"sizes":[]},"align":"center","text":"Divider","gap":{"unit":"px","size":20,"sizes":[]},"__globals__":{"color":"globals\/colors?id=primary"}},"elements":[],"isInner":false,"widgetType":"divider","elType":"widget"},{"id":"7765b5e8","settings":{"editor":"<p>3134 Doctors Drive, Los Angelels.<br \/>Mon \u2013 Fri 9:00 a.m. - 7:00 p.m.<br \/>714-200-4053<\/p>","align":"center"},"elements":[],"isInner":false,"widgetType":"text-editor","elType":"widget"}],"isInner":true,"elType":"container"},{"id":"661107a4","settings":{"_column_size":33,"width":{"size":30,"unit":"%"},"width_tablet":{"size":46,"unit":"%"},"flex_gap":{"size":0,"column":"0","row":"0","unit":"px"},"margin_tablet":{"unit":"%","top":"","right":"","bottom":"","left":"","isLinked":true},"margin_mobile":{"unit":"%","top":"","right":"","bottom":"","left":"","isLinked":true},"animation":"fadeIn","animation_delay":300,"content_width":"full","flex_direction":"column"},"elements":[{"id":"5a7afd91","settings":{"title":"Carlo Design","header_size":"h4","align":"center","__globals__":{"typography_typography":"globals\/typography?id=b4c60c8"}},"elements":[],"isInner":false,"widgetType":"heading","elType":"widget"},{"id":"213e8aa3","settings":{"width":{"unit":"px","size":350,"sizes":[]},"width_tablet":{"unit":"%","size":100,"sizes":[]},"align":"center","text":"Divider","gap":{"unit":"px","size":20,"sizes":[]},"__globals__":{"color":"globals\/colors?id=primary"}},"elements":[],"isInner":false,"widgetType":"divider","elType":"widget"},{"id":"26ca8abc","settings":{"editor":"3394 Edsel Road, Santa Monica,\nCA 92614 \n<br>Mon \u2013 Fri 9:00 a.m. - 6:00 p.m.\n<br>949-340-2941","align":"center"},"elements":[],"isInner":false,"widgetType":"text-editor","elType":"widget"}],"isInner":true,"elType":"container"},{"id":"27eb7432","settings":{"_column_size":33,"width":{"size":30,"unit":"%"},"width_tablet":{"size":46,"unit":"%"},"flex_gap":{"size":0,"column":"0","row":"0","unit":"px"},"margin_tablet":{"unit":"%","top":"","right":"","bottom":"","left":"","isLinked":true},"margin_mobile":{"unit":"%","top":"","right":"","bottom":"","left":"","isLinked":true},"padding_tablet":{"unit":"%","top":"","right":"","bottom":"","left":"","isLinked":true},"animation":"fadeIn","animation_delay":400,"content_width":"full","flex_direction":"column"},"elements":[{"id":"5d4e4ba3","settings":{"title":"Xpay Store","header_size":"h4","align":"center","__globals__":{"typography_typography":"globals\/typography?id=b4c60c8"}},"elements":[],"isInner":false,"widgetType":"heading","elType":"widget"},{"id":"688a099e","settings":{"width":{"unit":"px","size":350,"sizes":[]},"width_tablet":{"unit":"%","size":100,"sizes":[]},"align":"center","text":"Divider","gap":{"unit":"px","size":20,"sizes":[]},"__globals__":{"color":"globals\/colors?id=primary"}},"elements":[],"isInner":false,"widgetType":"divider","elType":"widget"},{"id":"45e30392","settings":{"editor":"2887 Wines Lane, Los Angeles,\nCA 90013 \n<br>Mon \u2013 Fri 9:00 a.m. - 6:00 p.m.\n<br>909-584-6875","align":"center"},"elements":[],"isInner":false,"widgetType":"text-editor","elType":"widget"}],"isInner":true,"elType":"container"},{"id":"4c23d808","settings":{"_column_size":33,"width":{"size":30,"unit":"%"},"width_tablet":{"size":46,"unit":"%"},"flex_gap":{"size":0,"column":"0","row":"0","unit":"px"},"margin_tablet":{"unit":"%","top":"","right":"","bottom":"","left":"","isLinked":true},"animation":"fadeIn","animation_delay":500,"content_width":"full","flex_direction":"column"},"elements":[{"id":"525ab3db","settings":{"title":"Moonly","header_size":"h4","align":"center","__globals__":{"typography_typography":"globals\/typography?id=b4c60c8"}},"elements":[],"isInner":false,"widgetType":"heading","elType":"widget"},{"id":"18e18900","settings":{"width":{"unit":"px","size":350,"sizes":[]},"width_tablet":{"unit":"%","size":100,"sizes":[]},"align":"center","text":"Divider","gap":{"unit":"px","size":20,"sizes":[]},"__globals__":{"color":"globals\/colors?id=primary"}},"elements":[],"isInner":false,"widgetType":"divider","elType":"widget"},{"id":"7a7f226b","settings":{"editor":"Ollenhauer Str. 77 Munich, Germany\n<br>Mon \u2013 Fri 9:00 a.m. - 7:00 p.m.\n<br>069 86 93775","align":"center"},"elements":[],"isInner":false,"widgetType":"text-editor","elType":"widget"}],"isInner":true,"elType":"container"},{"id":"68ed09a0","settings":{"_column_size":33,"width":{"size":30,"unit":"%"},"width_tablet":{"size":46,"unit":"%"},"flex_gap":{"size":0,"column":"0","row":"0","unit":"px"},"margin_tablet":{"unit":"%","top":"","right":"","bottom":"","left":"","isLinked":true},"margin_mobile":{"unit":"%","top":"","right":"","bottom":"","left":"","isLinked":true},"animation":"fadeIn","animation_delay":600,"content_width":"full","flex_direction":"column"},"elements":[{"id":"e3a0f6","settings":{"title":"Dignit","header_size":"h4","align":"center","__globals__":{"typography_typography":"globals\/typography?id=b4c60c8"}},"elements":[],"isInner":false,"widgetType":"heading","elType":"widget"},{"id":"1ecd69d6","settings":{"width":{"unit":"px","size":350,"sizes":[]},"width_tablet":{"unit":"%","size":100,"sizes":[]},"align":"center","text":"Divider","gap":{"unit":"px","size":20,"sizes":[]},"__globals__":{"color":"globals\/colors?id=primary"}},"elements":[],"isInner":false,"widgetType":"divider","elType":"widget"},{"id":"7987f22a","settings":{"editor":"Alter Wall 76, Rimpar, Freistaat Bayern,\n<br>\nMon \u2013 Fri 9:00 a.m. - 6:00 p.m.\n<br>\n719-822-2777","align":"center"},"elements":[],"isInner":false,"widgetType":"text-editor","elType":"widget"}],"isInner":true,"elType":"container"},{"id":"5ec9c5b1","settings":{"_column_size":33,"width":{"size":30,"unit":"%"},"width_tablet":{"size":46,"unit":"%"},"flex_gap":{"size":0,"column":"0","row":"0","unit":"px"},"margin_tablet":{"unit":"%","top":"","right":"","bottom":"","left":"","isLinked":true},"margin_mobile":{"unit":"%","top":"","right":"","bottom":"","left":"","isLinked":true},"animation":"fadeIn","animation_delay":700,"content_width":"full","flex_direction":"column"},"elements":[{"id":"41557f19","settings":{"title":"B&B Store","header_size":"h4","align":"center","__globals__":{"typography_typography":"globals\/typography?id=b4c60c8"}},"elements":[],"isInner":false,"widgetType":"heading","elType":"widget"},{"id":"4e3a1d67","settings":{"width":{"unit":"px","size":350,"sizes":[]},"width_tablet":{"unit":"%","size":100,"sizes":[]},"align":"center","text":"Divider","gap":{"unit":"px","size":20,"sizes":[]},"__globals__":{"color":"globals\/colors?id=primary"}},"elements":[],"isInner":false,"widgetType":"divider","elType":"widget"},{"id":"6ee1a988","settings":{"editor":"Krasnozvezdnyy, bld. 51, Kiev, Ukraine\n<br>Mon \u2013 Fri 9:00 a.m. - 6:00 p.m.\n<br>093-581-25-02","align":"center"},"elements":[],"isInner":false,"widgetType":"text-editor","elType":"widget"}],"isInner":true,"elType":"container"}],"isInner":true,"elType":"container"}],"isInner":false,"elType":"container"},{"id":"5c72ece","settings":{"content_width":"full","flex_gap":{"size":0,"column":"0","row":"0","unit":"px"},"min_height":{"unit":"px","size":900,"sizes":[]},"flex_align_items":"stretch","structure":"20","content_position":"bottom","reverse_order_tablet":"reverse-tablet","reverse_order_mobile":"reverse-mobile","margin":{"unit":"%","top":"12","right":"0","bottom":"2","left":"0","isLinked":false},"_title":"Footer","flex_direction":"row","flex_wrap_tablet":"wrap"},"elements":[{"id":"55845dd8","settings":{"_column_size":50,"width":{"size":null,"unit":"%"},"width_tablet":{"size":100,"unit":"%"},"margin_tablet":{"unit":"%","top":"10","right":"0","bottom":"0","left":"0","isLinked":false},"content_width":"full","flex_direction":"column","flex_justify_content":"flex-end","flex_align_items":"flex-start"},"elements":[{"id":"229dcd00","settings":{"title":"Follow the Story"},"elements":[],"isInner":false,"widgetType":"heading","elType":"widget"},{"id":"2982dfce","settings":{"wp_gallery":[{"id":167,"url":"https:\/\/library.elementor.com\/eco-friendly-water-bottles-flexbox\/wp-content\/uploads\/sites\/165\/2021\/07\/HomePage-Footer-Gallery-img_1.jpg"},{"id":168,"url":"https:\/\/library.elementor.com\/eco-friendly-water-bottles-flexbox\/wp-content\/uploads\/sites\/165\/2021\/07\/HomePage-Footer-Gallery-img_2.jpg"},{"id":169,"url":"https:\/\/library.elementor.com\/eco-friendly-water-bottles-flexbox\/wp-content\/uploads\/sites\/165\/2021\/07\/HomePage-Footer-Gallery-img_3.jpg"},{"id":170,"url":"https:\/\/library.elementor.com\/eco-friendly-water-bottles-flexbox\/wp-content\/uploads\/sites\/165\/2021\/07\/HomePage-Footer-Gallery-img_4.jpg"}],"thumbnail_size":"full","gallery_link":"none","image_spacing":"custom","image_spacing_custom":{"unit":"px","size":30,"sizes":[]},"_margin":{"unit":"%","top":"2","right":"0","bottom":"0","left":"0","isLinked":false},"_margin_tablet":{"unit":"%","top":"0","right":"8","bottom":"0","left":"0","isLinked":false},"gallery_columns":"4","_margin_mobile":{"unit":"px","top":"0","right":"0","bottom":"0","left":"0","isLinked":false},"_element_width_mobile":"initial","_element_custom_width_mobile":{"unit":"px","size":170,"sizes":[]},"_animation":"fadeInLeft","_animation_mobile":"none"},"elements":[],"isInner":false,"widgetType":"image-gallery","elType":"widget"},{"id":"394158a6","settings":{"view":"inline","icon_list":[{"text":"Instagram  ","selected_icon":{"value":"","library":""},"_id":"5f3db57","link":{"url":"#","is_external":"","nofollow":"","custom_attributes":""}},{"text":"twitter","selected_icon":{"value":"","library":""},"link":{"url":"#","is_external":"","nofollow":"","custom_attributes":""},"_id":"f55d684"},{"text":"facebook","selected_icon":{"value":"","library":""},"link":{"url":"#","is_external":"","nofollow":"","custom_attributes":""},"_id":"8b32bf9"}],"space_between":{"unit":"px","size":50,"sizes":[]},"text_indent":{"unit":"px","size":0,"sizes":[]},"_margin":{"unit":"%","top":"5","right":"0","bottom":"0","left":"0","isLinked":false},"__globals__":{"text_color":"globals\/colors?id=primary","icon_typography_typography":"globals\/typography?id=dffa7b1"},"space_between_mobile":{"unit":"px","size":12,"sizes":[]},"_margin_mobile":{"unit":"%","top":"8","right":"0","bottom":"0","left":"0","isLinked":false}},"elements":[],"isInner":false,"widgetType":"icon-list","elType":"widget"},{"id":"4acb15d","settings":{"title":"Oubl\u00e9","header_size":"h1","_margin":{"unit":"%","top":"20","right":"0","bottom":"-3.5","left":"-2","isLinked":false},"_offset_orientation_v":"end","__globals__":{"typography_typography":"globals\/typography?id=b228825"},"_margin_tablet":{"unit":"%","top":"10","right":"0","bottom":"0","left":"0","isLinked":false},"_margin_mobile":{"unit":"%","top":"20","right":"0","bottom":"0","left":"0","isLinked":false}},"elements":[],"isInner":false,"widgetType":"heading","elType":"widget"}],"isInner":true,"elType":"container"},{"id":"358240c","settings":{"_column_size":50,"width":{"size":null,"unit":"%"},"background_background":"classic","background_image":{"url":"https:\/\/library.elementor.com\/eco-friendly-water-bottles-flexbox\/wp-content\/uploads\/sites\/165\/2021\/07\/HomePage-Footer.jpg","id":166,"alt":"","source":"library"},"background_position":"center center","background_repeat":"no-repeat","background_size":"cover","width_tablet":{"size":100,"unit":"%"},"content_width":"full","_flex_order_tablet":"start"},"elements":[{"id":"4433e3a4","settings":{"space_tablet":{"unit":"vh","size":50,"sizes":[]},"space_mobile":{"unit":"px","size":230,"sizes":[]}},"elements":[],"isInner":false,"widgetType":"spacer","elType":"widget"}],"isInner":true,"elType":"container"}],"isInner":false,"elType":"container"}],"settings":{"template":"elementor_header_footer"},"metadata":[]}