{"content":[{"id":"e52473b","settings":{"flex_gap":{"size":0,"column":"0","row":"0","unit":"px"},"padding":{"unit":"%","top":"10","right":"8","bottom":"10","left":"8","isLinked":false},"padding_tablet":{"unit":"%","top":"12","right":"8","bottom":"12","left":"8","isLinked":false},"padding_mobile":{"unit":"%","top":"15","right":"5","bottom":"15","left":"5","isLinked":false},"_title":"Hero","margin_mobile":{"unit":"%","top":"","right":0,"bottom":"","left":0,"isLinked":true},"content_position":"middle","structure":"20","background_background":"classic","__globals__":{"background_color":"globals\/colors?id=21ebaa4"},"flex_direction":"row","flex_align_items":"stretch","flex_gap_tablet":{"column":"0","row":"50","isLinked":false,"unit":"px","size":0},"flex_gap_mobile":{"column":"0","row":"30","isLinked":false,"unit":"px","size":0},"flex_wrap_tablet":"wrap"},"elements":[{"id":"4948ece8","settings":{"_column_size":50,"width":{"size":null,"unit":"%"},"flex_gap":{"size":30,"column":"30","row":"30","unit":"px"},"padding":{"unit":"%","top":"0","right":"10","bottom":"0","left":"0","isLinked":false},"padding_tablet":{"unit":"%","top":"0","right":"0","bottom":"0","left":"0","isLinked":false},"padding_mobile":{"unit":"%","top":"","right":"","bottom":"","left":"","isLinked":true},"width_tablet":{"size":100,"unit":"%"},"z_index":1,"content_width":"full"},"elements":[{"id":"1ae26f94","settings":{"title":"juiceito\u2019s story","header_size":"h1","align":"left","__globals__":{"title_color":"globals\/colors?id=primary"}},"elements":[],"isInner":false,"widgetType":"heading","elType":"widget"},{"id":"7706edb5","settings":{"editor":"<p>Since 1980, Juiceito has been pioneering the organic juice space in San Diego. From the start, we have been committed to offering the most delicious fruit &amp; vegetable drinks, made from fresh, locally grown ingredients. Come on down and give your day a boost with one of our smoothies, pressed juices, and wellness shots!<\/p>"},"elements":[],"isInner":false,"widgetType":"text-editor","elType":"widget"}],"isInner":true,"elType":"container"},{"id":"49631ca3","settings":{"_column_size":50,"width":{"size":null,"unit":"%"},"width_tablet":{"size":100,"unit":"%"},"margin_tablet":{"unit":"%","top":"","right":"","bottom":"","left":"","isLinked":true},"margin_mobile":{"unit":"%","top":"","right":"","bottom":"","left":"","isLinked":true},"content_width":"full"},"elements":[{"id":"660b9563","settings":{"image":{"url":"https:\/\/library.elementor.com\/juice-bar-flexbox\/wp-content\/uploads\/sites\/206\/2022\/04\/AboutPage-Hero.jpg","id":1203,"alt":"","source":"library"},"image_size":"full","image_border_border":"solid","image_border_width":{"unit":"px","top":"6","right":"6","bottom":"6","left":"6","isLinked":true},"image_border_radius":{"unit":"%","top":"50","right":"50","bottom":"50","left":"50","isLinked":true},"image_border_radius_tablet":{"unit":"%","top":"","right":"","bottom":"","left":"","isLinked":true},"image_border_radius_mobile":{"unit":"%","top":"","right":"","bottom":"","left":"","isLinked":true},"__globals__":{"image_border_color":"globals\/colors?id=eaa2dbc"},"_animation":"slideInLeft","animation_duration":"slow","align":"right","align_tablet":"center","width_tablet":{"unit":"%","size":60,"sizes":[]},"width_mobile":{"unit":"%","size":100,"sizes":[]},"image_box_shadow_box_shadow_type":"yes","image_box_shadow_box_shadow":{"horizontal":0,"vertical":50,"blur":0,"spread":0,"color":"#E9612C"},"_padding_mobile":{"unit":"%","top":"","right":"","bottom":"","left":"","isLinked":true},"_transform_rotateZ_effect_hover":{"unit":"px","size":3,"sizes":[]},"_transform_scale_effect_hover":{"unit":"px","size":0.9,"sizes":[]}},"elements":[],"isInner":false,"widgetType":"image","elType":"widget"}],"isInner":true,"elType":"container"}],"isInner":false,"elType":"container"},{"id":"3268fed6","settings":{"content_width":"full","flex_gap":{"size":0,"column":"0","row":"0","unit":"px"},"structure":"20","background_background":"classic","padding":{"unit":"%","top":"8","right":"8","bottom":"8","left":"8","isLinked":false},"padding_tablet":{"unit":"%","top":"","right":"","bottom":"","left":"","isLinked":true},"padding_mobile":{"unit":"%","top":"20","right":"5","bottom":"20","left":"5","isLinked":false},"__globals__":{"background_color":"globals\/colors?id=21ebaa4"},"content_position":"middle","_title":"About Us","flex_direction":"row","flex_align_items":"center","flex_gap_tablet":{"column":"0","row":"50","isLinked":false,"unit":"px","size":0},"flex_wrap_tablet":"wrap"},"elements":[{"id":"49cfd607","settings":{"_column_size":50,"width":{"size":50,"unit":"%"},"flex_gap":{"size":0,"column":"0","row":"0","unit":"px"},"margin":{"unit":"%","top":"","right":"","bottom":"","left":"","isLinked":true},"margin_tablet":{"unit":"%","top":"","right":"","bottom":"","left":"","isLinked":true},"margin_mobile":{"unit":"%","top":"","right":"","bottom":"","left":"","isLinked":true},"padding":{"unit":"%","top":"","right":"","bottom":"","left":"","isLinked":true},"padding_tablet":{"unit":"%","top":"","right":"","bottom":"","left":"","isLinked":true},"padding_mobile":{"unit":"%","top":"","right":"","bottom":"","left":"","isLinked":true},"width_tablet":{"size":100,"unit":"%"},"content_width":"full","_flex_order_tablet":"end"},"elements":[{"id":"6e776925","settings":{"image":{"url":"https:\/\/library.elementor.com\/juice-bar-flexbox\/wp-content\/uploads\/sites\/206\/2022\/04\/AboutPage-Services.jpg","id":1204,"alt":"","source":"library"},"image_size":"full","image_border_border":"solid","image_border_width":{"unit":"px","top":"6","right":"6","bottom":"6","left":"6","isLinked":true},"image_border_radius":{"unit":"%","top":"50","right":"50","bottom":"50","left":"50","isLinked":true},"image_border_radius_tablet":{"unit":"%","top":"","right":"","bottom":"","left":"","isLinked":true},"image_border_radius_mobile":{"unit":"%","top":"","right":"","bottom":"","left":"","isLinked":true},"__globals__":{"image_border_color":"globals\/colors?id=eaa2dbc"},"_animation":"rotateInDownRight","animation_duration":"slow","align":"left","align_tablet":"center","width_tablet":{"unit":"%","size":40,"sizes":[]},"width_mobile":{"unit":"%","size":60,"sizes":[]},"image_box_shadow_box_shadow_type":"yes","image_box_shadow_box_shadow":{"horizontal":-50,"vertical":0,"blur":0,"spread":0,"color":"#E9612C"},"_padding_mobile":{"unit":"%","top":"0","right":"0","bottom":"0","left":"12","isLinked":false},"_padding":{"unit":"px","top":"0","right":"0","bottom":"0","left":"50","isLinked":false},"_transform_rotate_popover":"transform","_transform_rotateZ_effect":{"unit":"px","size":-15,"sizes":[]}},"elements":[],"isInner":false,"widgetType":"image","elType":"widget"}],"isInner":true,"elType":"container"},{"id":"6fcfd4e9","settings":{"_column_size":50,"width":{"size":50,"unit":"%"},"flex_gap":{"size":30,"column":"30","row":"30","unit":"px"},"margin":{"unit":"%","top":"","right":"","bottom":"","left":"","isLinked":true},"margin_tablet":{"unit":"%","top":"","right":"","bottom":"","left":"","isLinked":true},"margin_mobile":{"unit":"%","top":"","right":"","bottom":"","left":"","isLinked":true},"width_tablet":{"size":100,"unit":"%"},"content_width":"full","flex_direction":"column"},"elements":[{"id":"651ee352","settings":{"title":"always green & local","align_tablet":"center"},"elements":[],"isInner":false,"widgetType":"heading","elType":"widget"},{"id":"1012d3e0","settings":{"editor":"<p>Malesuada fames ac turpis egestas integer eget aliquet nibh. Egestas maecenas pharetra convallis posuere morbi leo urna molestie at. Tellus rutrum tellus pellentesque eu tincidunt tortor aliquam nulla facilisi. Phasellus egestas tellus rutrum tellus pellentesque eu. Ipsum dolor sit amet consectetur adipiscing elit duis. A arcu cursus vitae congue mauris rhoncus aenean vel elit. Morbi tristique senectus et netus et<\/p>","_padding":{"unit":"%","top":"0","right":"30","bottom":"0","left":"0","isLinked":false},"_padding_tablet":{"unit":"%","top":"0","right":"0","bottom":"0","left":"0","isLinked":false},"_padding_mobile":{"unit":"%","top":"","right":"","bottom":"","left":"","isLinked":true},"align_tablet":"center"},"elements":[],"isInner":false,"widgetType":"text-editor","elType":"widget"},{"id":"7bc0686f","settings":{"icon_list":[{"text":"Malesuada fames ac turpis egestas integer","_id":"3b83837","selected_icon":{"value":{"url":"https:\/\/library.elementor.com\/juice-bar-flexbox\/wp-content\/uploads\/sites\/206\/2022\/04\/IconList.svg","id":1188},"library":"svg"}},{"text":"Posuere morbi leo urna molestie ","selected_icon":{"value":{"url":"https:\/\/library.elementor.com\/juice-bar-flexbox\/wp-content\/uploads\/sites\/206\/2022\/04\/IconList.svg","id":1188},"library":"svg"},"_id":"f72e299"},{"text":"Tellus pellentesque eu. Ipsum dolor sit ","selected_icon":{"value":{"url":"https:\/\/library.elementor.com\/juice-bar-flexbox\/wp-content\/uploads\/sites\/206\/2022\/04\/IconList.svg","id":1188},"library":"svg"},"_id":"008cd39"}],"space_between":{"unit":"px","size":15,"sizes":[]},"icon_size":{"unit":"px","size":47,"sizes":[]},"text_indent":{"unit":"px","size":20,"sizes":[]},"__globals__":{"text_color":"globals\/colors?id=text","icon_typography_typography":"globals\/typography?id=text"},"space_between_mobile":{"unit":"px","size":0,"sizes":[]}},"elements":[],"isInner":false,"widgetType":"icon-list","elType":"widget"}],"isInner":true,"elType":"container"}],"isInner":false,"elType":"container"},{"id":"9b6cd6c","settings":{"flex_gap":{"size":0,"column":"0","row":"50","unit":"px"},"padding":{"unit":"%","top":"0","right":"8","bottom":"0","left":"8","isLinked":false},"padding_tablet":{"unit":"%","top":"","right":"","bottom":"","left":"","isLinked":true},"padding_mobile":{"unit":"%","top":"0","right":"5","bottom":"0","left":"5","isLinked":false},"_title":"Team","margin_mobile":{"unit":"%","top":"20","right":0,"bottom":"0","left":0,"isLinked":false},"margin":{"unit":"%","top":"8","right":0,"bottom":"0","left":0,"isLinked":false},"margin_tablet":{"unit":"%","top":"","right":"","bottom":"","left":"","isLinked":true},"flex_direction":"column","flex_align_items":"stretch"},"elements":[{"id":"2a3ea85a","settings":{"title":"We are a unique mix of people who love juice ","align":"center","__globals__":{"title_color":"globals\/colors?id=secondary"}},"elements":[],"isInner":false,"widgetType":"heading","elType":"widget"},{"id":"7f86acac","settings":{"content_width":"full","flex_gap":{"size":3,"column":"3","row":"0","unit":"%"},"structure":"40","padding_mobile":{"unit":"%","top":"0","right":"10","bottom":"0","left":"10","isLinked":false},"flex_direction":"row","flex_align_items":"stretch","flex_justify_content_tablet":"space-between","flex_gap_tablet":{"column":"0","row":"50","isLinked":false,"unit":"px","size":0},"flex_gap_mobile":{"column":"","row":"","isLinked":true,"unit":"px","size":null},"flex_wrap_tablet":"wrap"},"elements":[{"id":"2f264fd8","settings":{"_column_size":25,"width":{"size":null,"unit":"%"},"width_tablet":{"size":45,"unit":"%"},"margin":{"unit":"%","top":"","right":"","bottom":"","left":"","isLinked":true},"margin_tablet":{"unit":"%","top":"","right":"","bottom":"","left":"","isLinked":true},"margin_mobile":{"unit":"%","top":"","right":"","bottom":"","left":"","isLinked":true},"animation":"slideInRight","animation_duration":"slow","animation_tablet":"fadeIn","content_width":"full"},"elements":[{"id":"44b56f72","settings":{"image":{"url":"https:\/\/library.elementor.com\/juice-bar-flexbox\/wp-content\/uploads\/sites\/206\/2022\/04\/AboutPage-Team_01.jpg","id":1193,"alt":"","source":"library"},"title_text":"Tiana Shelton","description_text":"Founding Partner","image_size":{"unit":"%","size":100,"sizes":[]},"image_border_border":"solid","image_border_width":{"unit":"px","top":"6","right":"6","bottom":"6","left":"6","isLinked":true},"hover_animation":"float","title_bottom_space":{"unit":"px","size":6,"sizes":[]},"__globals__":{"image_border_color":"globals\/colors?id=eaa2dbc","title_color":"globals\/colors?id=secondary","title_typography_typography":"globals\/typography?id=777294c","description_color":"globals\/colors?id=secondary"}},"elements":[],"isInner":false,"widgetType":"image-box","elType":"widget"}],"isInner":true,"elType":"container"},{"id":"1331929a","settings":{"_column_size":25,"width":{"size":null,"unit":"%"},"width_tablet":{"size":45,"unit":"%"},"margin":{"unit":"%","top":"","right":"","bottom":"","left":"","isLinked":true},"margin_tablet":{"unit":"%","top":"","right":"","bottom":"","left":"","isLinked":true},"margin_mobile":{"unit":"%","top":"","right":"","bottom":"","left":"","isLinked":true},"animation_tablet":"fadeIn","content_width":"full"},"elements":[{"id":"2a8e7309","settings":{"image":{"url":"https:\/\/library.elementor.com\/juice-bar-flexbox\/wp-content\/uploads\/sites\/206\/2022\/04\/AboutPage-Team_02.jpg","id":1194,"alt":"","source":"library"},"title_text":"Eryk Buallock","description_text":"Founder and Manager","image_size":{"unit":"%","size":100,"sizes":[]},"image_border_border":"solid","image_border_width":{"unit":"px","top":"6","right":"6","bottom":"6","left":"6","isLinked":true},"hover_animation":"float","title_bottom_space":{"unit":"px","size":6,"sizes":[]},"__globals__":{"image_border_color":"globals\/colors?id=eaa2dbc","title_color":"globals\/colors?id=secondary","title_typography_typography":"globals\/typography?id=777294c","description_color":"globals\/colors?id=secondary"}},"elements":[],"isInner":false,"widgetType":"image-box","elType":"widget"}],"isInner":true,"elType":"container"},{"id":"4bec198c","settings":{"_column_size":25,"width":{"size":null,"unit":"%"},"width_tablet":{"size":45,"unit":"%"},"margin":{"unit":"%","top":"","right":"","bottom":"","left":"","isLinked":true},"margin_tablet":{"unit":"%","top":"","right":"","bottom":"","left":"","isLinked":true},"margin_mobile":{"unit":"%","top":"","right":"","bottom":"","left":"","isLinked":true},"z_index":1,"animation_tablet":"fadeIn","content_width":"full"},"elements":[{"id":"7ee651f2","settings":{"image":{"url":"https:\/\/library.elementor.com\/juice-bar-flexbox\/wp-content\/uploads\/sites\/206\/2022\/04\/AboutPage-Team_03.jpg","id":1195,"alt":"","source":"library"},"title_text":"Caloe Austin","description_text":"Juice Expert","image_size":{"unit":"%","size":100,"sizes":[]},"image_border_border":"solid","image_border_width":{"unit":"px","top":"6","right":"6","bottom":"6","left":"6","isLinked":true},"hover_animation":"float","title_bottom_space":{"unit":"px","size":6,"sizes":[]},"__globals__":{"image_border_color":"globals\/colors?id=eaa2dbc","title_color":"globals\/colors?id=secondary","title_typography_typography":"globals\/typography?id=777294c","description_color":"globals\/colors?id=secondary"}},"elements":[],"isInner":false,"widgetType":"image-box","elType":"widget"}],"isInner":true,"elType":"container"},{"id":"220eb232","settings":{"_column_size":25,"width":{"size":null,"unit":"%"},"width_tablet":{"size":45,"unit":"%"},"margin":{"unit":"%","top":"","right":"","bottom":"","left":"","isLinked":true},"margin_tablet":{"unit":"%","top":"","right":"","bottom":"","left":"","isLinked":true},"margin_mobile":{"unit":"%","top":"","right":"","bottom":"","left":"","isLinked":true},"animation":"slideInLeft","animation_duration":"slow","animation_tablet":"fadeIn","content_width":"full"},"elements":[{"id":"41ebe9a3","settings":{"image":{"url":"https:\/\/library.elementor.com\/juice-bar-flexbox\/wp-content\/uploads\/sites\/206\/2022\/04\/AboutPage-Team_04.jpg","id":1196,"alt":"","source":"library"},"title_text":"Ayden Neale","description_text":"Juice Expert","image_size":{"unit":"%","size":100,"sizes":[]},"image_border_border":"solid","image_border_width":{"unit":"px","top":"6","right":"6","bottom":"6","left":"6","isLinked":true},"hover_animation":"float","title_bottom_space":{"unit":"px","size":6,"sizes":[]},"__globals__":{"image_border_color":"globals\/colors?id=eaa2dbc","title_color":"globals\/colors?id=secondary","title_typography_typography":"globals\/typography?id=777294c","description_color":"globals\/colors?id=secondary"}},"elements":[],"isInner":false,"widgetType":"image-box","elType":"widget"}],"isInner":true,"elType":"container"}],"isInner":true,"elType":"container"}],"isInner":false,"elType":"container"},{"id":"758d2647","settings":{"flex_gap":{"size":0,"column":"0","row":"0","unit":"px"},"padding":{"unit":"%","top":"2","right":"2","bottom":"2","left":"2","isLinked":false},"padding_tablet":{"unit":"%","top":"","right":"","bottom":"","left":"","isLinked":true},"padding_mobile":{"unit":"%","top":"5","right":"5","bottom":"5","left":"5","isLinked":true},"content_width":"full","background_background":"classic","margin":{"unit":"%","top":"6","right":0,"bottom":"0","left":0,"isLinked":false},"margin_tablet":{"unit":"%","top":"","right":"","bottom":"","left":"","isLinked":true},"margin_mobile":{"unit":"%","top":"20","right":0,"bottom":"0","left":0,"isLinked":false},"__globals__":{"background_color":"globals\/colors?id=d202595"},"_title":"Quotation","flex_direction":"row","flex_align_items":"stretch"},"elements":[{"id":"77f90f75","settings":{"_column_size":100,"width":{"size":null,"unit":"%"},"flex_gap":{"size":30,"column":"30","row":"30","unit":"px"},"background_background":"classic","border_radius":{"unit":"px","top":"33","right":"33","bottom":"33","left":"33","isLinked":true},"padding":{"unit":"%","top":"8","right":"8","bottom":"8","left":"8","isLinked":true},"padding_tablet":{"unit":"%","top":"","right":"","bottom":"","left":"","isLinked":true},"padding_mobile":{"unit":"%","top":"","right":"","bottom":"","left":"","isLinked":true},"__globals__":{"background_color":"globals\/colors?id=9182bce"},"content_width":"full"},"elements":[{"id":"10f4d205","settings":{"title":"\u201cif you\u2019re in the area, you must visit juiceito and try their juice!\u201d","align":"center"},"elements":[],"isInner":false,"widgetType":"heading","elType":"widget"},{"id":"18da881a","settings":{"title":"- Liana Rooney, food journalist  -","header_size":"h4","align":"center","__globals__":{"typography_typography":"globals\/typography?id=e29f739"}},"elements":[],"isInner":false,"widgetType":"heading","elType":"widget"}],"isInner":true,"elType":"container"}],"isInner":false,"elType":"container"},{"id":"6b994146","settings":{"flex_gap":{"size":30,"column":"30","row":"30","unit":"px","isLinked":true},"padding":{"unit":"%","top":"8","right":"8","bottom":"8","left":"8","isLinked":false},"padding_tablet":{"unit":"%","top":"","right":"","bottom":"","left":"","isLinked":true},"padding_mobile":{"unit":"%","top":"20","right":"5","bottom":"20","left":"5","isLinked":false},"_title":"CTA","margin_mobile":{"unit":"%","top":"","right":0,"bottom":"","left":0,"isLinked":true},"background_background":"classic","__globals__":{"background_color":"globals\/colors?id=21ebaa4"},"boxed_width":{"unit":"px","size":1450,"sizes":[]},"flex_direction":"column","flex_align_items":"stretch"},"elements":[{"id":"182f20de","settings":{"image":{"url":"https:\/\/library.elementor.com\/juice-bar-flexbox\/wp-content\/uploads\/sites\/206\/2022\/04\/AboutPage-Footer.jpg","id":1210,"alt":"","source":"library"},"image_size":"full","image_border_border":"solid","image_border_width":{"unit":"px","top":"6","right":"6","bottom":"6","left":"6","isLinked":true},"image_border_radius":{"unit":"%","top":"50","right":"50","bottom":"50","left":"50","isLinked":true},"image_border_radius_tablet":{"unit":"%","top":"","right":"","bottom":"","left":"","isLinked":true},"image_border_radius_mobile":{"unit":"%","top":"","right":"","bottom":"","left":"","isLinked":true},"__globals__":{"image_border_color":"globals\/colors?id=primary"},"image_border_width_mobile":{"unit":"px","top":"4","right":"4","bottom":"4","left":"4","isLinked":true},"animation_duration":"slow"},"elements":[],"isInner":false,"widgetType":"image","elType":"widget"},{"id":"a84309a","settings":{"title":"Need a fresh surprise for your next event?","align":"center","__globals__":{"title_color":"globals\/colors?id=primary"},"_padding":{"unit":"%","top":"","right":"","bottom":"","left":"","isLinked":true},"_padding_tablet":{"unit":"%","top":"","right":"","bottom":"","left":"","isLinked":true},"_padding_mobile":{"unit":"%","top":"","right":"","bottom":"","left":"","isLinked":true}},"elements":[],"isInner":false,"widgetType":"heading","elType":"widget"},{"id":"2562ae92","settings":{"text":"Contact Us","align":"center","text_padding":{"unit":"px","top":"0","right":"0","bottom":"0","left":"0","isLinked":false},"__globals__":{"button_text_color":"globals\/colors?id=accent","background_color":"globals\/colors?id=a274f70"},"hover_animation":"float","_animation":"pulse","link":{"url":"https:\/\/library.elementor.com\/juice-bar-flexbox\/contact\/","is_external":"","nofollow":"","custom_attributes":""},"__dynamic__":{"link":"[elementor-tag id=\"a91921e\" name=\"internal-url\" settings=\"%7B%22type%22%3A%22post%22%2C%22post_id%22%3A%221241%22%7D\"]"}},"elements":[],"isInner":false,"widgetType":"button","elType":"widget"}],"isInner":false,"elType":"container"}],"settings":{"template":"elementor_header_footer"},"metadata":[]}