{"content":[{"id":"4274eeff","settings":{"content_width":{"unit":"px","size":900,"sizes":[]},"gap":"no","height":"min-height","custom_height":{"unit":"px","size":337,"sizes":[]},"padding":{"unit":"%","top":"0","right":"4","bottom":"0","left":"4","isLinked":false},"_title":"Team Title","custom_height_tablet":{"unit":"px","size":260,"sizes":[]},"padding_mobile":{"unit":"%","top":"0","right":"6","bottom":"0","left":"6","isLinked":false},"custom_height_mobile":{"unit":"px","size":210,"sizes":[]}},"elements":[{"id":"4afa4c43","settings":{"_column_size":100,"_inline_size":null,"padding_tablet":{"unit":"%","top":"0","right":"15","bottom":"0","left":"15","isLinked":false},"padding_mobile":{"unit":"%","top":"0","right":"0","bottom":"0","left":"0","isLinked":false}},"elements":[{"id":"2334d4da","settings":{"title":"get to know our co-counders","align":"center","_animation":"fadeIn","_margin_mobile":{"unit":"%","top":"0","right":"0","bottom":"0","left":"0","isLinked":true}},"elements":[],"isInner":false,"widgetType":"heading","elType":"widget"}],"isInner":false,"elType":"column"}],"isInner":false,"elType":"section"},{"id":"21029298","settings":{"gap":"no","height":"min-height","custom_height":{"unit":"px","size":843,"sizes":[]},"custom_height_tablet":{"unit":"px","size":892,"sizes":[]},"custom_height_mobile":{"unit":"px","size":658,"sizes":[]},"column_position":"stretch","structure":"20","background_background":"classic","background_image":{"url":"","id":"","alt":"","source":"library"},"background_position":"center right","background_repeat":"no-repeat","background_size":"contain","_title":"Team Content","__globals__":{"background_color":"globals\/colors?id=f3cfd47"},"reverse_order_tablet":"reverse-tablet","reverse_order_mobile":"reverse-mobile","overflow":"hidden","animation":"none","content_position":"middle","content_width":{"unit":"px","size":1682,"sizes":[]},"padding":{"unit":"%","top":"0","right":"4","bottom":"0","left":"4","isLinked":false},"padding_tablet":{"unit":"%","top":"","right":"","bottom":"","left":"","isLinked":true},"padding_mobile":{"unit":"%","top":"0","right":"6","bottom":"20","left":"6","isLinked":false}},"elements":[{"id":"79271836","settings":{"_column_size":50,"_inline_size":49.851,"padding":{"unit":"%","top":"8","right":"12","bottom":"8","left":"8","isLinked":false},"padding_tablet":{"unit":"%","top":"10","right":"15","bottom":"0","left":"0","isLinked":false},"padding_mobile":{"unit":"%","top":"24","right":"0","bottom":"0","left":"0","isLinked":false},"_inline_size_tablet":100,"space_between_widgets":0,"content_position":"top"},"elements":[{"id":"2e19b8c9","settings":{"width":{"unit":"px","size":356,"sizes":[]},"width_tablet":{"unit":"%","size":60,"sizes":[]},"width_mobile":{"unit":"%","size":80,"sizes":[]},"align_mobile":"center","text":"Divider","gap":{"unit":"px","size":0,"sizes":[]},"_margin":{"unit":"%","top":"0","right":"0","bottom":"10","left":"0","isLinked":false},"_animation":"fadeIn"},"elements":[],"isInner":false,"widgetType":"divider","elType":"widget"},{"id":"469d5b37","settings":{"title":"we started Oubl\u00e9 with the believe that we as a generation have a true responsibility to our earth","align_mobile":"center","__globals__":{"typography_typography":"globals\/typography?id=secondary"},"header_size":"h3","_padding_tablet":{"unit":"%","top":"0","right":"10","bottom":"0","left":"0","isLinked":false},"_padding_mobile":{"unit":"%","top":"0","right":"0","bottom":"0","left":"0","isLinked":false},"_animation":"fadeIn"},"elements":[],"isInner":false,"widgetType":"heading","elType":"widget"},{"id":"6276ecc3","settings":{"editor":"Lorem ipsum dolor sit amet, consectetur adipiscing elit, sed do eiusmod tempor incididunt ut labore et dolore magna aliqua. Lorem ipsum dolor sit amet, consectetur adipiscing elit, sed do eiusmod tempor incididunt ut labore et dolore magna aliqua. Lorem ipsum dolor sit amet, consectetur adipiscing elit.","align_mobile":"center","_margin":{"unit":"%","top":"6","right":"14","bottom":"5","left":"0","isLinked":false},"_margin_tablet":{"unit":"%","top":"6","right":"0","bottom":"6","left":"0","isLinked":false},"_margin_mobile":{"unit":"px","top":"30","right":"0","bottom":"26","left":"0","isLinked":false},"_animation":"fadeIn"},"elements":[],"isInner":false,"widgetType":"text-editor","elType":"widget"},{"id":"65fb9783","settings":{"image":{"id":"","url":"","alt":"","source":"library"},"title_text":"alicia keys","description_text":"Co-Founder","image_space":{"unit":"px","size":40,"sizes":[]},"text_align":"left","title_bottom_space":{"unit":"px","size":15,"sizes":[]},"_padding":{"unit":"%","top":"","right":"","bottom":"","left":"","isLinked":true},"_padding_tablet":{"unit":"%","top":"","right":"","bottom":"","left":"","isLinked":true},"_border_width":{"unit":"px","top":"1","right":"1","bottom":"1","left":"1","isLinked":false},"__globals__":{"_border_color":"globals\/colors?id=primary","title_typography_typography":"","description_typography_typography":"globals\/typography?id=b4c60c8","description_color":"globals\/colors?id=accent"},"text_align_mobile":"center","image_space_tablet":{"unit":"px","size":30,"sizes":[]},"image_size":{"unit":"%","size":100,"sizes":[]},"_padding_mobile":{"unit":"px","top":"0","right":"0","bottom":"0","left":"0","isLinked":false},"title_size":"h4","_animation":"fadeIn","_border_color":"#000000"},"elements":[],"isInner":false,"widgetType":"image-box","elType":"widget"}],"isInner":false,"elType":"column"},{"id":"5831a09d","settings":{"_column_size":50,"_inline_size":50.123,"content_position":"bottom","background_background":"classic","background_image":{"url":"https:\/\/library.elementor.com\/eco-friendly-water-bottles-flexbox\/wp-content\/uploads\/sites\/165\/2022\/07\/team_03_img1.jpg","id":1612,"alt":"","source":"library"},"background_position":"center center","background_repeat":"no-repeat","background_size":"cover","_inline_size_tablet":100,"background_position_tablet":"top left","background_size_tablet":"initial","background_bg_width_tablet":{"unit":"%","size":77,"sizes":[]},"background_bg_width_mobile":{"unit":"%","size":88,"sizes":[]},"padding":{"unit":"%","top":"","right":"","bottom":"","left":"","isLinked":true},"padding_tablet":{"unit":"%","top":"","right":"","bottom":"","left":"","isLinked":true},"padding_mobile":{"unit":"%","top":"40","right":"0","bottom":"0","left":"0","isLinked":false},"animation":"slideInUp"},"elements":[{"id":"6e9bcf4b","settings":{"image":{"url":"https:\/\/library.elementor.com\/eco-friendly-water-bottles-flexbox\/wp-content\/uploads\/sites\/165\/2022\/07\/team_03_img2.jpg","id":1613,"alt":"","source":"library"},"align":"left","align_tablet":"right","width":{"unit":"px","size":324,"sizes":[]},"width_tablet":{"unit":"px","size":190,"sizes":[]},"width_mobile":{"unit":"px","size":90,"sizes":[]},"height":{"unit":"px","size":324,"sizes":[]},"height_tablet":{"unit":"px","size":190,"sizes":[]},"height_mobile":{"unit":"px","size":90,"sizes":[]},"object-fit":"cover","_margin":{"unit":"%","top":"0","right":"0","bottom":"13","left":"-17","isLinked":false},"_margin_tablet":{"unit":"%","top":"18","right":"0","bottom":"-10","left":"0","isLinked":false},"_margin_mobile":{"unit":"%","top":"0","right":"0","bottom":"-15","left":"0","isLinked":false},"_element_width_tablet":"inherit","_animation":"slideInRight","_animation_delay":400},"elements":[],"isInner":false,"widgetType":"image","elType":"widget"}],"isInner":false,"elType":"column"}],"isInner":false,"elType":"section"}],"settings":{"template":"elementor_canvas"},"metadata":[]}