{"content":[{"id":"4e86a17d","settings":{"content_width":"full","flex_gap":{"size":0,"column":"0","row":"0","unit":"px"},"structure":"20","custom_height":{"unit":"vh","size":"","sizes":[]},"flex_align_items":"stretch","content_position":"space-between","reverse_order_mobile":"reverse-mobile","_title":"Hero","flex_direction":"row","overflow":"auto"},"elements":[{"id":"3e43ce04","settings":{"_column_size":50,"width":{"size":null,"unit":"%"},"z_index":1,"width_tablet":{"size":60,"unit":"%"},"content_width":"full","flex_direction":"column"},"elements":[{"id":"1a1632ab","settings":{"title":"Our <br>\nMission","header_size":"h1","__globals__":{"typography_typography":"globals\/typography?id=b228825"},"_margin":{"unit":"px","top":"-32","right":"0","bottom":"0","left":"-20","isLinked":false},"_margin_tablet":{"unit":"px","top":"-16","right":"0","bottom":"0","left":"-10","isLinked":false},"_margin_mobile":{"unit":"px","top":"-8","right":"0","bottom":"0","left":"-4","isLinked":false}},"elements":[],"isInner":false,"widgetType":"heading","elType":"widget"},{"id":"132d5f26","settings":{"width":{"unit":"px","size":600,"sizes":[]},"flex_gap":{"size":null,"column":"","row":"","unit":"px","isLinked":true},"padding":{"unit":"%","top":"0","right":"0","bottom":"0","left":"15","isLinked":false},"padding_tablet":{"unit":"%","top":"0","right":"0","bottom":"0","left":"16","isLinked":false},"padding_mobile":{"unit":"%","top":"0","right":"8","bottom":"0","left":"8","isLinked":false},"flex_direction":"column","flex_align_items":"stretch","content_width":"full","width_tablet":{"unit":"px","size":460,"sizes":[]},"width_mobile":{"unit":"%","size":"","sizes":[]}},"elements":[{"id":"5cc4324","settings":{"title":"THE IDEA IS TO EMPOWER PEOPLE TO USE REUSABLE PRODUCTS EVERY DAY","header_size":"h3","__globals__":{"typography_typography":"globals\/typography?id=secondary"}},"elements":[],"isInner":false,"widgetType":"heading","elType":"widget"},{"id":"f76a25d","settings":{"editor":"<p>Lorem ipsum dolor sit amet, consectetur adipiscing elit, sed do eiusmod tempor incididunt ut labore et dolore magna aliqua. Lorem ipsum dolor sit amet, consectetur adipiscing elit, sed do eiusmod tempor incididunt ut labore et dolore magna aliqua. Lorem ipsum dolor sit amet, consectetur adipiscing elit.<\/p>"},"elements":[],"isInner":false,"widgetType":"text-editor","elType":"widget"}],"isInner":true,"elType":"container"}],"isInner":true,"elType":"container"},{"id":"6e8236c2","settings":{"_column_size":50,"width":{"size":null,"unit":"%"},"width_tablet":{"size":40,"unit":"%"},"align_tablet":"flex-end","content_width":"full","flex_direction":"column","flex_align_items_tablet":"flex-end","_flex_order_mobile":"start"},"elements":[{"id":"ea27ba3","settings":{"image":{"url":"https:\/\/library.elementor.com\/eco-friendly-water-bottles-flexbox\/wp-content\/uploads\/sites\/165\/2021\/07\/OurMissionPage-Hero.jpg","id":246,"alt":"","source":"library"},"image_size":"full","width":{"unit":"%","size":100,"sizes":[]},"_margin":{"unit":"%","top":"48.5","right":"0","bottom":"0","left":"-52.2","isLinked":false},"_element_width":"initial","_element_custom_width":{"unit":"%","size":49,"sizes":[]},"align_tablet":"right","width_tablet":{"unit":"%","size":100,"sizes":[]},"_margin_tablet":{"unit":"%","top":"43","right":"0","bottom":"0","left":"0","isLinked":false},"_element_width_tablet":"initial","_element_custom_width_tablet":{"unit":"%","size":87.5,"sizes":[]},"_margin_mobile":{"unit":"%","top":"0","right":"0","bottom":"0","left":"0","isLinked":false},"_element_width_mobile":"initial","_animation":"fadeInLeft","_animation_mobile":"none"},"elements":[],"isInner":false,"widgetType":"image","elType":"widget"}],"isInner":true,"elType":"container"}],"isInner":false,"elType":"container"},{"id":"4b748e0c","settings":{"content_width":"full","flex_gap":{"size":0,"column":"0","row":"0","unit":"px"},"min_height":{"unit":"px","size":648,"sizes":[]},"flex_align_items":"stretch","content_position":"middle","structure":"20","margin":{"unit":"%","top":"12","right":0,"bottom":"0","left":0,"isLinked":false},"padding_tablet":{"unit":"%","top":"0","right":"8","bottom":"0","left":"0","isLinked":false},"margin_mobile":{"unit":"%","top":"35","right":0,"bottom":"0","left":0,"isLinked":false},"_title":"Our Story","flex_direction":"row","flex_wrap_tablet":"wrap"},"elements":[{"id":"36a1f00","settings":{"_column_size":50,"width":{"size":null,"unit":"%"},"flex_justify_content":"flex-end","background_background":"classic","background_image":{"url":"https:\/\/library.elementor.com\/eco-friendly-water-bottles-flexbox\/wp-content\/uploads\/sites\/165\/2021\/07\/OurMissionPage-OurStory-img_1.jpg","id":252,"alt":"","source":"library"},"background_position":"top left","background_repeat":"no-repeat","background_size":"initial","background_bg_width":{"unit":"%","size":80,"sizes":[]},"width_tablet":{"size":100,"unit":"%"},"content_width":"full"},"elements":[{"id":"3c386a96","settings":{"image":{"url":"https:\/\/library.elementor.com\/eco-friendly-water-bottles-flexbox\/wp-content\/uploads\/sites\/165\/2021\/07\/OurMissionPage-OurStory-img_2.jpg","id":253,"alt":"","source":"library"},"image_size":"full","align":"right","width":{"unit":"px","size":"","sizes":[]},"space":{"unit":"px","size":300,"sizes":[]},"_margin":{"unit":"px","top":"0","right":"0","bottom":"-140","left":"0","isLinked":false},"_offset_orientation_v":"end","_offset_y":{"unit":"px","size":"","sizes":[]},"width_tablet":{"unit":"px","size":250,"sizes":[]},"_margin_tablet":{"unit":"%","top":"50","right":"0","bottom":"-10","left":"0","isLinked":false},"width_mobile":{"unit":"%","size":40,"sizes":[]},"_animation":"fadeInUp"},"elements":[],"isInner":false,"widgetType":"image","elType":"widget"}],"isInner":true,"elType":"container"},{"id":"7a0c6861","settings":{"_column_size":50,"width":{"size":null,"unit":"%"},"width_tablet":{"size":70,"unit":"%"},"padding_tablet":{"unit":"%","top":"10","right":"0","bottom":"0","left":"16","isLinked":false},"margin_mobile":{"unit":"%","top":"","right":"","bottom":"","left":"","isLinked":true},"padding_mobile":{"unit":"%","top":"20","right":"0","bottom":"0","left":"8","isLinked":false},"align":"center","content_width":"full","flex_direction":"column"},"elements":[{"id":"3a7a7505","settings":{"title":"Our \nSTORy","_margin":{"unit":"px","top":"0","right":"0","bottom":"0","left":"-100","isLinked":false},"__globals__":{"typography_typography":"globals\/typography?id=1640554"},"_margin_tablet":{"unit":"px","top":"0","right":"0","bottom":"0","left":"0","isLinked":false}},"elements":[],"isInner":false,"widgetType":"heading","elType":"widget"},{"id":"1dbd52fc","settings":{"editor":"Lorem ipsum dolor sit amet, consectetur adipiscing elit, sed do eiusmod tempor incididunt ut labore et dolore magna aliqua. Lorem ipsum dolor sit amet, consectetur adipiscing elit, sed do eiusmod tempor incididunt ut labore et dolore magna aliqua. Lorem ipsum dolor sit amet, consectetur adipiscing elit.","_element_width":"initial","_element_custom_width":{"unit":"px","size":525,"sizes":[]},"_animation":"fadeIn","animation_duration":"slow"},"elements":[],"isInner":false,"widgetType":"text-editor","elType":"widget"}],"isInner":true,"elType":"container"}],"isInner":false,"elType":"container"},{"id":"b8f5dd6","settings":{"content_width":"full","flex_gap":{"size":0,"column":"0","row":"0","unit":"px"},"min_height":{"unit":"px","size":900,"sizes":[]},"flex_align_items":"stretch","structure":"20","content_position":"bottom","reverse_order_tablet":"reverse-tablet","reverse_order_mobile":"reverse-mobile","margin":{"unit":"%","top":"20","right":"0","bottom":"2","left":"0","isLinked":false},"_title":"Footer","flex_direction":"row","flex_wrap_tablet":"wrap"},"elements":[{"id":"71683275","settings":{"_column_size":50,"width":{"size":null,"unit":"%"},"width_tablet":{"size":100,"unit":"%"},"margin_tablet":{"unit":"%","top":"10","right":"0","bottom":"0","left":"0","isLinked":false},"content_width":"full","flex_direction":"column","flex_justify_content":"flex-end","flex_align_items":"flex-start"},"elements":[{"id":"7b9c3e19","settings":{"title":"Follow the Story"},"elements":[],"isInner":false,"widgetType":"heading","elType":"widget"},{"id":"1b056064","settings":{"wp_gallery":[{"id":167,"url":"https:\/\/library.elementor.com\/eco-friendly-water-bottles-flexbox\/wp-content\/uploads\/sites\/165\/2021\/07\/HomePage-Footer-Gallery-img_1.jpg"},{"id":168,"url":"https:\/\/library.elementor.com\/eco-friendly-water-bottles-flexbox\/wp-content\/uploads\/sites\/165\/2021\/07\/HomePage-Footer-Gallery-img_2.jpg"},{"id":169,"url":"https:\/\/library.elementor.com\/eco-friendly-water-bottles-flexbox\/wp-content\/uploads\/sites\/165\/2021\/07\/HomePage-Footer-Gallery-img_3.jpg"},{"id":170,"url":"https:\/\/library.elementor.com\/eco-friendly-water-bottles-flexbox\/wp-content\/uploads\/sites\/165\/2021\/07\/HomePage-Footer-Gallery-img_4.jpg"}],"thumbnail_size":"full","gallery_link":"none","image_spacing":"custom","image_spacing_custom":{"unit":"px","size":30,"sizes":[]},"_margin":{"unit":"%","top":"2","right":"0","bottom":"0","left":"0","isLinked":false},"_margin_tablet":{"unit":"%","top":"0","right":"8","bottom":"0","left":"0","isLinked":false},"gallery_columns":"4","_margin_mobile":{"unit":"px","top":"0","right":"0","bottom":"0","left":"0","isLinked":false},"_element_width_mobile":"initial","_element_custom_width_mobile":{"unit":"px","size":170,"sizes":[]},"_animation":"fadeInLeft","_animation_mobile":"none"},"elements":[],"isInner":false,"widgetType":"image-gallery","elType":"widget"},{"id":"528f2a76","settings":{"view":"inline","icon_list":[{"text":"Instagram  ","selected_icon":{"value":"","library":""},"_id":"5f3db57","link":{"url":"#","is_external":"","nofollow":"","custom_attributes":""}},{"text":"twitter","selected_icon":{"value":"","library":""},"link":{"url":"#","is_external":"","nofollow":"","custom_attributes":""},"_id":"f55d684"},{"text":"facebook","selected_icon":{"value":"","library":""},"link":{"url":"#","is_external":"","nofollow":"","custom_attributes":""},"_id":"8b32bf9"}],"space_between":{"unit":"px","size":50,"sizes":[]},"text_indent":{"unit":"px","size":0,"sizes":[]},"_margin":{"unit":"%","top":"5","right":"0","bottom":"0","left":"0","isLinked":false},"__globals__":{"text_color":"globals\/colors?id=primary","icon_typography_typography":"globals\/typography?id=dffa7b1"},"space_between_mobile":{"unit":"px","size":12,"sizes":[]},"_margin_mobile":{"unit":"%","top":"8","right":"0","bottom":"0","left":"0","isLinked":false}},"elements":[],"isInner":false,"widgetType":"icon-list","elType":"widget"},{"id":"178c8b71","settings":{"title":"Oubl\u00e9","header_size":"h1","_margin":{"unit":"%","top":"20","right":"0","bottom":"-3.5","left":"-2","isLinked":false},"_offset_orientation_v":"end","__globals__":{"typography_typography":"globals\/typography?id=b228825"},"_margin_tablet":{"unit":"%","top":"10","right":"0","bottom":"0","left":"0","isLinked":false},"_margin_mobile":{"unit":"%","top":"20","right":"0","bottom":"0","left":"0","isLinked":false}},"elements":[],"isInner":false,"widgetType":"heading","elType":"widget"}],"isInner":true,"elType":"container"},{"id":"31b8caae","settings":{"_column_size":50,"width":{"size":null,"unit":"%"},"background_background":"classic","background_image":{"url":"https:\/\/library.elementor.com\/eco-friendly-water-bottles-flexbox\/wp-content\/uploads\/sites\/165\/2021\/07\/HomePage-Footer.jpg","id":166,"alt":"","source":"library"},"background_position":"center center","background_repeat":"no-repeat","background_size":"cover","width_tablet":{"size":100,"unit":"%"},"content_width":"full","_flex_order_tablet":"start"},"elements":[{"id":"50fab7f3","settings":{"space_tablet":{"unit":"vh","size":50,"sizes":[]},"space_mobile":{"unit":"px","size":230,"sizes":[]}},"elements":[],"isInner":false,"widgetType":"spacer","elType":"widget"}],"isInner":true,"elType":"container"}],"isInner":false,"elType":"container"}],"settings":{"template":"elementor_header_footer"},"metadata":[]}