{"content":[{"id":"ff57d0e","settings":{"layout":"full_width","gap":"no","height":"min-height","custom_height":{"unit":"px","size":515,"sizes":[]},"custom_height_tablet":{"unit":"px","size":250,"sizes":[]},"custom_height_mobile":{"unit":"px","size":190,"sizes":[]},"column_position":"bottom","background_background":"classic","background_image":{"id":626,"url":"https:\/\/library.elementor.com\/eco-friendly-water-bottles-flexbox\/wp-content\/uploads\/sites\/165\/2022\/07\/hero-3-pics3.jpg"},"background_position":"center left","background_repeat":"no-repeat","background_size":"contain","background_motion_fx_motion_fx_scrolling":"yes","background_motion_fx_scale_effect":"yes","background_motion_fx_scale_speed":{"unit":"px","size":1,"sizes":[]},"background_overlay_background":"classic","background_overlay_image":{"id":627,"url":"https:\/\/library.elementor.com\/eco-friendly-water-bottles-flexbox\/wp-content\/uploads\/sites\/165\/2022\/07\/hero-3-pics2.jpg"},"background_overlay_position":"center right","background_overlay_repeat":"no-repeat","background_overlay_size":"contain","background_overlay_opacity":{"unit":"px","size":1,"sizes":[]},"__globals__":{"background_color":"globals\/colors?id=f3cfd47"},"_title":"Hero 3 Top","background_bg_width_mobile":{"unit":"%","size":50,"sizes":[]}},"elements":[{"id":"61699ca6","settings":{"_column_size":100,"_inline_size":null},"elements":[{"id":"4f3c50dd","settings":{"title":"this is Oubl\u00e9","header_size":"h1","align":"left","_element_width_mobile":"inherit","_offset_x":{"unit":"%","size":-28,"sizes":[]},"_offset_x_tablet":{"unit":"%","size":-40,"sizes":[]},"_offset_x_mobile":{"unit":"%","size":-62,"sizes":[]},"_offset_orientation_v":"end","_offset_y_end":{"unit":"%","size":-36,"sizes":[]},"_offset_y_end_tablet":{"unit":"%","size":-26,"sizes":[]},"_animation":"fadeIn","__globals__":{"typography_typography":"globals\/typography?id=b228825"},"align_tablet":"center","_margin":{"unit":"%","top":"0","right":"0","bottom":"-8","left":"0","isLinked":false},"_margin_tablet":{"unit":"%","top":"0","right":"0","bottom":"-22","left":"0","isLinked":false},"_margin_mobile":{"unit":"%","top":"0","right":"0","bottom":"-16","left":"0","isLinked":false},"_z_index":5,"_animation_delay":100},"elements":[],"isInner":false,"widgetType":"heading","elType":"widget"}],"isInner":false,"elType":"column"}],"isInner":false,"elType":"section"},{"id":"c9af729","settings":{"content_width":{"unit":"px","size":1472,"sizes":[]},"gap":"no","height":"min-height","custom_height":{"unit":"px","size":515,"sizes":[]},"custom_height_tablet":{"unit":"px","size":640,"sizes":[]},"column_position":"stretch","content_position":"middle","structure":"30","background_background":"classic","padding":{"unit":"%","top":"3","right":"0","bottom":"0","left":"0","isLinked":false},"padding_mobile":{"unit":"%","top":"0","right":"6","bottom":"0","left":"6","isLinked":false},"_title":"Hero 3 Bottom","__globals__":{"background_color":"globals\/colors?id=f3cfd47"}},"elements":[{"id":"25fb146f","settings":{"_column_size":33,"_inline_size":null,"_inline_size_tablet":100,"content_position_tablet":"bottom","margin_mobile":{"unit":"%","top":"14","right":"0","bottom":"0","left":"0","isLinked":false},"padding_tablet":{"unit":"%","top":"10","right":"0","bottom":"2","left":"0","isLinked":false}},"elements":[{"id":"7f6eb394","settings":{"title":"Plastic-Free\u2028<br>oubl\u00e9 Bottles","align_tablet":"center","_animation":"fadeIn","_animation_delay":600,"header_size":"h1"},"elements":[],"isInner":false,"widgetType":"heading","elType":"widget"}],"isInner":false,"elType":"column"},{"id":"35205412","settings":{"_column_size":33,"_inline_size":32.993,"_inline_size_tablet":50,"padding":{"unit":"%","top":"0","right":"4","bottom":"0","left":"0","isLinked":false},"padding_tablet":{"unit":"%","top":"0","right":"8","bottom":"0","left":"14","isLinked":false},"padding_mobile":{"unit":"%","top":"8","right":"0","bottom":"12","left":"0","isLinked":false}},"elements":[{"id":"65d37440","settings":{"editor":"Lorem ipsum dolor sit amet, consectetur adipiscing elit, sed do eiusmod tempor incididunt ut labore et dolore magna aliqua. Lorem ipsum dolor sit amet, consectetur adipiscing elit, sed do eiusmod tempor incididunt ut labore et dolore magna aliqua. Lorem ipsum dolor sit amet, consectetur adipiscing elit.","align_tablet":"left","_margin":{"unit":"%","top":"","right":"","bottom":"","left":"","isLinked":true},"_animation":"fadeIn","_animation_delay":800,"align_mobile":"center"},"elements":[],"isInner":false,"widgetType":"text-editor","elType":"widget"}],"isInner":false,"elType":"column"},{"id":"64ed5a76","settings":{"_column_size":33,"_inline_size":33.34,"_inline_size_tablet":50,"background_motion_fx_scale_effect":"yes","background_motion_fx_scale_speed":{"unit":"px","size":1,"sizes":[]}},"elements":[{"id":"31f18d2f","settings":{"image":{"url":"https:\/\/library.elementor.com\/eco-friendly-water-bottles-flexbox\/wp-content\/uploads\/sites\/165\/2022\/07\/hero-3-pics1.jpg","id":628,"alt":"","source":"library"},"width":{"unit":"%","size":100,"sizes":[]},"height":{"unit":"px","size":515,"sizes":[]},"height_tablet":{"unit":"px","size":300,"sizes":[]},"height_mobile":{"unit":"px","size":340,"sizes":[]},"object-fit":"cover","_animation":"slideInUp"},"elements":[],"isInner":false,"widgetType":"image","elType":"widget"}],"isInner":false,"elType":"column"}],"isInner":false,"elType":"section"}],"settings":{"template":"elementor_canvas"},"metadata":[]}