{"content":[{"id":"5674c593","settings":{"layout":"full_width","gap":"no","content_position":"bottom","overflow":"hidden","background_background":"classic","border_width":{"unit":"px","top":"1","right":"0","bottom":"1","left":"0","isLinked":false},"padding":{"unit":"%","top":"4","right":"0","bottom":"0","left":"0","isLinked":false},"padding_tablet":{"unit":"%","top":"8","right":"0","bottom":"0","left":"0","isLinked":false},"padding_mobile":{"unit":"%","top":"16","right":"0","bottom":"0","left":"0","isLinked":false},"_title":"Clients 02 Title","__globals__":{"border_color":"globals\/colors?id=primary","background_color":"globals\/colors?id=f3cfd47"}},"elements":[{"id":"2903eb1","settings":{"_column_size":100,"_inline_size":null},"elements":[{"id":"e2a555f","settings":{"title":"as seen in the best magazines","align":"center","_margin":{"unit":"%","top":"","right":"","bottom":"","left":"","isLinked":true},"_margin_tablet":{"unit":"%","top":"","right":"","bottom":"","left":"","isLinked":true},"_margin_mobile":{"unit":"%","top":"","right":"","bottom":"","left":"","isLinked":true},"_padding_mobile":{"unit":"%","top":"6","right":"6","bottom":"6","left":"6","isLinked":true},"_animation":"fadeIn","_padding":{"unit":"%","top":"1.3","right":"0","bottom":"1.3","left":"0","isLinked":false},"_padding_tablet":{"unit":"%","top":"4","right":"0","bottom":"4","left":"0","isLinked":false},"_border_border":"solid","_border_width":{"unit":"px","top":"1","right":"0","bottom":"1","left":"0","isLinked":false},"__globals__":{"typography_typography":"globals\/typography?id=ee7a421","_border_color":"globals\/colors?id=primary"}},"elements":[],"isInner":false,"widgetType":"heading","elType":"widget"}],"isInner":false,"elType":"column"}],"isInner":false,"elType":"section"},{"id":"148aa374","settings":{"content_width":{"unit":"px","size":1465,"sizes":[]},"gap":"no","height":"min-height","custom_height":{"unit":"px","size":413,"sizes":[]},"custom_height_tablet":{"unit":"px","size":440,"sizes":[]},"custom_height_mobile":{"unit":"px","size":500,"sizes":[]},"background_background":"classic","padding":{"unit":"%","top":"0","right":"4","bottom":"2","left":"4","isLinked":false},"padding_tablet":{"unit":"%","top":"","right":"","bottom":"","left":"","isLinked":true},"padding_mobile":{"unit":"%","top":"2","right":"6","bottom":"4","left":"6","isLinked":false},"_title":"Clients Logos","__globals__":{"background_color":"globals\/colors?id=f3cfd47"}},"elements":[{"id":"33646608","settings":{"_column_size":100,"_inline_size":null,"space_between_widgets":0},"elements":[{"id":"63fb0746","settings":{"gallery":[{"id":1393,"url":"https:\/\/library.elementor.com\/eco-friendly-water-bottles-flexbox\/wp-content\/uploads\/sites\/165\/2022\/07\/clients_01_logo1.png"},{"id":1394,"url":"https:\/\/library.elementor.com\/eco-friendly-water-bottles-flexbox\/wp-content\/uploads\/sites\/165\/2022\/07\/clients_01_logo2.png"},{"id":1395,"url":"https:\/\/library.elementor.com\/eco-friendly-water-bottles-flexbox\/wp-content\/uploads\/sites\/165\/2022\/07\/clients_01_logo3.png"},{"id":1396,"url":"https:\/\/library.elementor.com\/eco-friendly-water-bottles-flexbox\/wp-content\/uploads\/sites\/165\/2022\/07\/clients_01_logo4.png"}],"galleries":[{"gallery_title":"New Gallery","_id":"0747381"}],"gallery_layout":"masonry","gap":{"unit":"px","size":250,"sizes":[]},"gap_tablet":{"unit":"px","size":80,"sizes":[]},"gap_mobile":{"unit":"px","size":60,"sizes":[]},"link_to":"","thumbnail_image_size":"large","show_all_galleries_label":"All","overlay_background":"","_padding_tablet":{"unit":"%","top":"0","right":"18","bottom":"0","left":"18","isLinked":false},"_padding_mobile":{"unit":"%","top":"0","right":"26","bottom":"0","left":"26","isLinked":false}},"elements":[],"isInner":false,"widgetType":"gallery","elType":"widget"}],"isInner":false,"elType":"column"}],"isInner":false,"elType":"section"}],"settings":{"template":"elementor_canvas"},"metadata":[]}