{"content":[{"id":"6e962b4b","settings":{"content_width":{"unit":"px","size":585,"sizes":[]},"gap":"no","height":"min-height","custom_height":{"unit":"px","size":330,"sizes":[]},"padding":{"unit":"%","top":"","right":"","bottom":"","left":"","isLinked":true},"_title":"Contact 03 Title","custom_height_tablet":{"unit":"px","size":330,"sizes":[]},"padding_mobile":{"unit":"%","top":"0","right":"6","bottom":"0","left":"6","isLinked":false},"layout":"full_width","overflow":"hidden","background_background":"classic","__globals__":{"background_color":"globals\/colors?id=f3cfd47"}},"elements":[{"id":"3ce98a72","settings":{"_column_size":100,"_inline_size":null},"elements":[{"id":"1b79b79","settings":{"title":"contact us","align":"center","_animation":"fadeIn","header_size":"h1","align_tablet":"center","_margin":{"unit":"%","top":"0","right":"-100","bottom":"0","left":"-100","isLinked":false},"_margin_tablet":{"unit":"%","top":"0","right":"0","bottom":"0","left":"0","isLinked":false},"_margin_mobile":{"unit":"%","top":"","right":"","bottom":"","left":"","isLinked":true},"__globals__":{"typography_typography":"globals\/typography?id=b228825"}},"elements":[],"isInner":false,"widgetType":"heading","elType":"widget"}],"isInner":false,"elType":"column"}],"isInner":false,"elType":"section"},{"id":"6e24dc7e","settings":{"content_width":{"unit":"px","size":1580,"sizes":[]},"gap":"no","structure":"20","background_background":"classic","padding":{"unit":"%","top":"0","right":"4","bottom":"0","left":"4","isLinked":false},"padding_tablet":{"unit":"%","top":"","right":"","bottom":"","left":"","isLinked":true},"padding_mobile":{"unit":"%","top":"0","right":"6","bottom":"0","left":"6","isLinked":false},"__globals__":{"background_color":"globals\/colors?id=f3cfd47"}},"elements":[{"id":"79475fa4","settings":{"_column_size":50,"_inline_size":18.038,"_inline_size_tablet":25,"margin":{"unit":"%","top":"10","right":"0","bottom":"0","left":"0","isLinked":false},"margin_tablet":{"unit":"%","top":"0","right":"0","bottom":"0","left":"0","isLinked":false},"margin_mobile":{"unit":"%","top":"","right":"","bottom":"","left":"","isLinked":true},"animation":"slideInUp","animation_delay":300},"elements":[{"id":"dab1b6e","settings":{"image":{"url":"https:\/\/library.elementor.com\/eco-friendly-water-bottles-flexbox\/wp-content\/uploads\/sites\/165\/2022\/07\/contact_03_img.jpg","id":1161,"alt":"","source":"library"},"align":"left","width":{"unit":"%","size":100,"sizes":[]},"height":{"unit":"px","size":257,"sizes":[]},"height_tablet":{"unit":"px","size":175,"sizes":[]},"height_mobile":{"unit":"px","size":278,"sizes":[]},"object-fit":"cover","_margin":{"unit":"%","top":"0","right":"0","bottom":"15","left":"0","isLinked":false},"_margin_tablet":{"unit":"%","top":"","right":"","bottom":"","left":"","isLinked":true},"_margin_mobile":{"unit":"%","top":"0","right":"0","bottom":"0","left":"0","isLinked":false}},"elements":[],"isInner":false,"widgetType":"image","elType":"widget"},{"id":"2906dff6","settings":{"icon_list":[{"text":"Instagram  ","selected_icon":{"value":"","library":""},"_id":"5f3db57"},{"text":"twitter","selected_icon":{"value":"","library":""},"_id":"f55d684"},{"text":"facebook","selected_icon":{"value":"","library":""},"_id":"8b32bf9"}],"space_between":{"unit":"px","size":30,"sizes":[]},"text_indent":{"unit":"px","size":0,"sizes":[]},"_margin":{"unit":"%","top":"","right":"","bottom":"","left":"","isLinked":true},"__globals__":{"text_color":"globals\/colors?id=primary","icon_typography_typography":"globals\/typography?id=accent"},"space_between_mobile":{"unit":"px","size":40,"sizes":[]},"_margin_mobile":{"unit":"%","top":"8","right":"0","bottom":"20","left":"0","isLinked":false},"icon_align_tablet":"left","space_between_tablet":{"unit":"px","size":28,"sizes":[]},"icon_align_mobile":"center"},"elements":[],"isInner":false,"widgetType":"icon-list","elType":"widget"}],"isInner":false,"elType":"column"},{"id":"246cb39d","settings":{"_column_size":50,"_inline_size":81.962,"_inline_size_tablet":75,"padding":{"unit":"%","top":"0","right":"0","bottom":"0","left":"15","isLinked":false},"padding_tablet":{"unit":"%","top":"0","right":"0","bottom":"0","left":"10","isLinked":false},"padding_mobile":{"unit":"%","top":"0","right":"0","bottom":"0","left":"0","isLinked":false}},"elements":[{"id":"54dd4c09","settings":{"form_name":"New Form","form_fields":[{"custom_id":"name","field_label":"Name","placeholder":"Name*","_id":"f9386c5","required":"true"},{"custom_id":"email","field_type":"email","required":"true","field_label":"Email","placeholder":"Email Address*","_id":"0aa26d9"},{"custom_id":"message","field_type":"textarea","field_label":"Message","placeholder":"ask us your question","_id":"4206696","rows":6}],"show_labels":"","button_align":"start","button_align_mobile":"center","step_next_label":"Next","step_previous_label":"Previous","button_text":"Send","email_content":"[all-fields]","email_content_2":"[all-fields]","success_message":"The form was sent successfully.","error_message":"An error occurred.","required_field_message":"This field is required.","invalid_message":"There&#039;s something wrong. The form is invalid.","row_gap":{"unit":"px","size":40,"sizes":[]},"field_border_radius":{"unit":"px","top":"0","right":"0","bottom":"0","left":"0","isLinked":true},"button_text_padding":{"unit":"px","top":"0","right":"0","bottom":"0","left":"0","isLinked":false},"_padding":{"unit":"%","top":"0","right":"15","bottom":"0","left":"0","isLinked":false},"_padding_tablet":{"unit":"%","top":"0","right":"0","bottom":"0","left":"0","isLinked":false},"_padding_mobile":{"unit":"%","top":"","right":"","bottom":"","left":"","isLinked":true},"__globals__":{"field_typography_typography":"globals\/typography?id=dffa7b1","field_background_color":"globals\/colors?id=e361c3e","field_border_color":"globals\/colors?id=primary","button_text_color":"globals\/colors?id=accent","previous_button_text_color":"globals\/colors?id=accent","button_background_color":"globals\/colors?id=e361c3e","previous_button_background_color":"globals\/colors?id=e361c3e"}},"elements":[],"isInner":false,"widgetType":"form","elType":"widget"}],"isInner":false,"elType":"column"}],"isInner":false,"elType":"section"},{"id":"4d42b62e","settings":{"content_width":{"unit":"px","size":1580,"sizes":[]},"gap":"no","background_background":"classic","padding":{"unit":"%","top":"4","right":"4","bottom":"4","left":"4","isLinked":true},"padding_tablet":{"unit":"%","top":"12","right":"4","bottom":"8","left":"4","isLinked":false},"padding_mobile":{"unit":"%","top":"20","right":"6","bottom":"20","left":"6","isLinked":false},"__globals__":{"background_color":"globals\/colors?id=f3cfd47"}},"elements":[{"id":"5f04dec9","settings":{"_column_size":100,"_inline_size":null,"_inline_size_tablet":100,"padding":{"unit":"%","top":"0","right":"0","bottom":"0","left":"30.3","isLinked":false},"padding_tablet":{"unit":"%","top":"0","right":"0","bottom":"0","left":"0","isLinked":true},"padding_mobile":{"unit":"%","top":"","right":"","bottom":"","left":"","isLinked":true}},"elements":[{"id":"7612094b","settings":{"structure":"30","margin":{"unit":"%","top":"","right":0,"bottom":"","left":0,"isLinked":true},"margin_tablet":{"unit":"%","top":"","right":"","bottom":"","left":"","isLinked":true},"margin_mobile":{"unit":"%","top":"","right":"","bottom":"","left":"","isLinked":true}},"elements":[{"id":"d045fc9","settings":{"_column_size":33,"_inline_size":null,"padding":{"unit":"%","top":"0","right":"20","bottom":"0","left":"0","isLinked":false},"padding_mobile":{"unit":"%","top":"0","right":"0","bottom":"20","left":"0","isLinked":false},"motion_fx_translateY_speed":{"unit":"px","size":2,"sizes":[]},"animation":"slideInUp","animation_duration":"fast","padding_tablet":{"unit":"%","top":"0","right":"14","bottom":"20","left":"0","isLinked":false}},"elements":[{"id":"3f0238df","settings":{"image":{"id":"","url":"","alt":"","source":"library"},"title_text":"email us","description_text":"Don\u2019t hesitate to reach us out at any time Ouble@info.com","image_space":{"unit":"px","size":60,"sizes":[]},"text_align":"left","title_bottom_space":{"unit":"px","size":30,"sizes":[]},"_padding":{"unit":"%","top":"","right":"","bottom":"","left":"","isLinked":true},"_padding_tablet":{"unit":"%","top":"","right":"","bottom":"","left":"","isLinked":true},"_border_width":{"unit":"px","top":"1","right":"1","bottom":"1","left":"1","isLinked":false},"__globals__":{"_border_color":"globals\/colors?id=primary","title_typography_typography":"globals\/typography?id=secondary"},"text_align_mobile":"center","image_space_tablet":{"unit":"px","size":30,"sizes":[]},"image_size":{"unit":"%","size":100,"sizes":[]},"text_align_tablet":"left","title_bottom_space_mobile":{"unit":"px","size":10,"sizes":[]}},"elements":[],"isInner":false,"widgetType":"image-box","elType":"widget"}],"isInner":true,"elType":"column"},{"id":"d211e2c","settings":{"_column_size":33,"_inline_size":null,"padding":{"unit":"%","top":"0","right":"10","bottom":"0","left":"10","isLinked":false},"padding_mobile":{"unit":"%","top":"0","right":"0","bottom":"20","left":"0","isLinked":false},"motion_fx_translateY_direction":"negative","motion_fx_translateY_speed":{"unit":"px","size":1,"sizes":[]},"animation":"slideInUp","animation_delay":200,"animation_duration":"fast","padding_tablet":{"unit":"%","top":"0","right":"7","bottom":"20","left":"7","isLinked":false}},"elements":[{"id":"54f0a93d","settings":{"image":{"id":"","url":"","alt":"","source":"library"},"title_text":"call us","description_text":"Got any question before purchase? <br>we are here for you at +23-4432423","image_space":{"unit":"px","size":60,"sizes":[]},"text_align":"left","title_bottom_space":{"unit":"px","size":30,"sizes":[]},"_padding":{"unit":"%","top":"","right":"","bottom":"","left":"","isLinked":true},"_padding_tablet":{"unit":"%","top":"","right":"","bottom":"","left":"","isLinked":true},"_border_width":{"unit":"px","top":"1","right":"1","bottom":"1","left":"1","isLinked":false},"__globals__":{"_border_color":"globals\/colors?id=primary","title_typography_typography":"globals\/typography?id=secondary"},"text_align_mobile":"center","image_space_tablet":{"unit":"px","size":30,"sizes":[]},"image_size":{"unit":"%","size":100,"sizes":[]},"text_align_tablet":"left","title_bottom_space_mobile":{"unit":"px","size":10,"sizes":[]}},"elements":[],"isInner":false,"widgetType":"image-box","elType":"widget"}],"isInner":true,"elType":"column"},{"id":"159fd2e1","settings":{"_column_size":33,"_inline_size":null,"padding":{"unit":"%","top":"0","right":"0","bottom":"0","left":"20","isLinked":false},"padding_mobile":{"unit":"%","top":"0","right":"0","bottom":"0","left":"0","isLinked":true},"motion_fx_translateY_direction":"negative","motion_fx_translateY_speed":{"unit":"px","size":1,"sizes":[]},"animation":"slideInUp","animation_delay":400,"animation_duration":"fast","padding_tablet":{"unit":"%","top":"0","right":"0","bottom":"0","left":"14","isLinked":false},"space_between_widgets":0,"margin_tablet":{"unit":"%","top":"","right":"","bottom":"","left":"","isLinked":true},"margin_mobile":{"unit":"%","top":"","right":"","bottom":"","left":"","isLinked":true}},"elements":[{"id":"3dc081a2","settings":{"image":{"id":"","url":"","alt":"","source":"library"},"title_text":"locations","description_text":"","image_space":{"unit":"px","size":60,"sizes":[]},"text_align":"left","title_bottom_space":{"unit":"px","size":30,"sizes":[]},"_padding":{"unit":"%","top":"","right":"","bottom":"","left":"","isLinked":true},"_padding_tablet":{"unit":"%","top":"","right":"","bottom":"","left":"","isLinked":true},"_border_width":{"unit":"px","top":"1","right":"1","bottom":"1","left":"1","isLinked":false},"__globals__":{"_border_color":"globals\/colors?id=primary","title_typography_typography":"globals\/typography?id=secondary"},"text_align_mobile":"center","image_space_tablet":{"unit":"px","size":30,"sizes":[]},"image_size":{"unit":"%","size":100,"sizes":[]},"text_align_tablet":"left","title_bottom_space_mobile":{"unit":"px","size":10,"sizes":[]}},"elements":[],"isInner":false,"widgetType":"image-box","elType":"widget"},{"id":"2588aea9","settings":{"text":"where to find","align":"left","selected_icon":{"value":"fas fa-circle","library":"fa-solid"},"icon_indent":{"unit":"px","size":10,"sizes":[]},"__globals__":{"button_text_color":"globals\/colors?id=accent","background_color":"globals\/colors?id=e361c3e","hover_color":"globals\/colors?id=text","typography_typography":"globals\/typography?id=accent"},"text_padding":{"unit":"px","top":"0","right":"0","bottom":"0","left":"0","isLinked":false},"_animation":"fadeIn","animation_duration":"slow","_animation_delay":400,"link":{"url":"","is_external":"","nofollow":"","custom_attributes":""},"align_mobile":"center","_margin_tablet":{"unit":"px","top":"0","right":"0","bottom":"0","left":"0","isLinked":false},"align_tablet":"left"},"elements":[],"isInner":false,"widgetType":"button","elType":"widget"}],"isInner":true,"elType":"column"}],"isInner":true,"elType":"section"}],"isInner":false,"elType":"column"}],"isInner":false,"elType":"section"}],"settings":{"template":"elementor_canvas"},"metadata":[]}