{"content":[{"id":"6bfd2726","settings":{"content_width":{"unit":"px","size":585,"sizes":[]},"gap":"no","height":"min-height","custom_height":{"unit":"px","size":374,"sizes":[]},"custom_height_mobile":{"unit":"px","size":280,"sizes":[]},"background_background":"classic","padding":{"unit":"%","top":"0","right":"4","bottom":"0","left":"4","isLinked":false},"padding_mobile":{"unit":"%","top":"0","right":"6","bottom":"0","left":"6","isLinked":false},"__globals__":{"background_color":"globals\/colors?id=f3cfd47"},"_title":"Testimonials Title"},"elements":[{"id":"16d38f8d","settings":{"_column_size":100,"_inline_size":null},"elements":[{"id":"59616a6e","settings":{"title":"Everything you need to Know about Oubl\u00e9","align":"center","_animation":"fadeIn","animation_duration":"slow"},"elements":[],"isInner":false,"widgetType":"heading","elType":"widget"}],"isInner":false,"elType":"column"}],"isInner":false,"elType":"section"},{"id":"54c61bec","settings":{"layout":"full_width","gap":"no","height":"min-height","custom_height":{"unit":"px","size":800,"sizes":[]},"column_position":"stretch","structure":"20","background_background":"classic","margin":{"unit":"px","top":"","right":0,"bottom":"","left":0,"isLinked":true},"_title":"Data 03 Content","__globals__":{"background_color":"globals\/colors?id=f3cfd47"},"margin_tablet":{"unit":"px","top":"","right":0,"bottom":"","left":0,"isLinked":true},"margin_mobile":{"unit":"px","top":"","right":0,"bottom":"","left":0,"isLinked":true}},"elements":[{"id":"9b83b31","settings":{"_column_size":50,"_inline_size":38.487,"background_background":"classic","background_image":{"id":1255,"url":"https:\/\/library.elementor.com\/eco-friendly-water-bottles-flexbox\/wp-content\/uploads\/sites\/165\/2022\/07\/cta_02_img1.jpg","alt":"","source":"library"},"background_position":"center center","background_repeat":"no-repeat","background_size":"cover","_inline_size_tablet":100,"animation":"slideInUp"},"elements":[{"id":"642929bf","settings":{"space_tablet":{"unit":"px","size":350,"sizes":[]},"space_mobile":{"unit":"px","size":260,"sizes":[]}},"elements":[],"isInner":false,"widgetType":"spacer","elType":"widget"}],"isInner":false,"elType":"column"},{"id":"7f7045ac","settings":{"_column_size":50,"_inline_size":61.513,"content_position":"bottom","padding":{"unit":"%","top":"0","right":"0","bottom":"4","left":"16","isLinked":false},"_inline_size_tablet":100,"align_mobile":"center","padding_tablet":{"unit":"%","top":"12","right":"6","bottom":"12","left":"6","isLinked":false},"padding_mobile":{"unit":"%","top":"20","right":"8","bottom":"20","left":"8","isLinked":false}},"elements":[{"id":"1fdf4792","settings":{"layout":"full_width","gap":"no","margin":{"unit":"%","top":"6","right":0,"bottom":"0","left":0,"isLinked":false},"margin_tablet":{"unit":"%","top":"0","right":0,"bottom":"10","left":0,"isLinked":false},"margin_mobile":{"unit":"%","top":"0","right":0,"bottom":"20","left":0,"isLinked":false},"content_position":"top"},"elements":[{"id":"3836d68a","settings":{"_column_size":100,"_inline_size_tablet":50,"padding":{"unit":"%","top":"0","right":"16","bottom":"0","left":"0","isLinked":false},"padding_tablet":{"unit":"%","top":"0","right":"10","bottom":"0","left":"0","isLinked":false},"padding_mobile":{"unit":"%","top":"0","right":"0","bottom":"20","left":"0","isLinked":false},"space_between_widgets":0},"elements":[{"id":"7a1e874c","settings":{"ending_number":36,"duration":1000,"title":"","_element_width":"auto","_element_width_mobile":"inherit","__globals__":{"typography_number_typography":"globals\/typography?id=primary"}},"elements":[],"isInner":false,"widgetType":"counter","elType":"widget"},{"id":"51d99e59","settings":{"image":{"url":"","id":""},"title_text":"Colors & Shapes ","description_text":"The bottles come in different colors, materials, and shapes so you can choose from a variety of options and find the one that exactly fits your needs and lifestyle.","image_space":{"unit":"px","size":0,"sizes":[]},"text_align":"left","title_bottom_space":{"unit":"px","size":26,"sizes":[]},"_padding":{"unit":"%","top":"","right":"","bottom":"","left":"","isLinked":true},"_padding_tablet":{"unit":"%","top":"","right":"","bottom":"","left":"","isLinked":true},"_border_width":{"unit":"px","top":"1","right":"1","bottom":"1","left":"1","isLinked":false},"__globals__":{"_border_color":"globals\/colors?id=primary","title_typography_typography":"globals\/typography?id=secondary"},"text_align_mobile":"center","_margin":{"unit":"%","top":"8","right":"0","bottom":"0","left":"0","isLinked":false},"_margin_tablet":{"unit":"%","top":"","right":"","bottom":"","left":"","isLinked":true},"_margin_mobile":{"unit":"%","top":"6","right":"0","bottom":"0","left":"0","isLinked":false}},"elements":[],"isInner":false,"widgetType":"image-box","elType":"widget"}],"isInner":false,"elType":"column"},{"id":"be0ca6","settings":{"_column_size":100,"_inline_size_tablet":50,"padding":{"unit":"%","top":"0","right":"16","bottom":"0","left":"0","isLinked":false},"padding_tablet":{"unit":"%","top":"0","right":"0","bottom":"0","left":"10","isLinked":false},"padding_mobile":{"unit":"%","top":"0","right":"0","bottom":"0","left":"0","isLinked":true}},"elements":[{"id":"c9adb13","settings":{"ending_number":25,"duration":1000,"title":"","_element_width":"auto","_element_width_mobile":"inherit","__globals__":{"typography_number_typography":"globals\/typography?id=primary"}},"elements":[],"isInner":false,"widgetType":"counter","elType":"widget"},{"id":"489823ff","settings":{"image":{"url":"","id":""},"title_text":"countries","description_text":"Oubl\u00e9 Bottles are made from natural materials. We use only glass and stainless steel to create a chemical-free product for improved taste and better longevity.","image_space":{"unit":"px","size":0,"sizes":[]},"text_align":"left","title_bottom_space":{"unit":"px","size":26,"sizes":[]},"_padding":{"unit":"%","top":"","right":"","bottom":"","left":"","isLinked":true},"_padding_tablet":{"unit":"%","top":"","right":"","bottom":"","left":"","isLinked":true},"_border_width":{"unit":"px","top":"1","right":"1","bottom":"1","left":"1","isLinked":false},"__globals__":{"_border_color":"globals\/colors?id=primary","title_typography_typography":"globals\/typography?id=secondary"},"text_align_mobile":"center","_margin":{"unit":"%","top":"8","right":"0","bottom":"0","left":"0","isLinked":false},"_margin_tablet":{"unit":"%","top":"","right":"","bottom":"","left":"","isLinked":true},"_margin_mobile":{"unit":"%","top":"6","right":"0","bottom":"0","left":"0","isLinked":false}},"elements":[],"isInner":false,"widgetType":"image-box","elType":"widget"}],"isInner":false,"elType":"column"}],"isInner":true,"elType":"section"},{"id":"19fd5f10","settings":{"layout":"full_width","gap":"no","margin":{"unit":"%","top":"6","right":0,"bottom":"6","left":0,"isLinked":false},"margin_tablet":{"unit":"%","top":"0","right":0,"bottom":"0","left":0,"isLinked":true},"margin_mobile":{"unit":"%","top":"0","right":0,"bottom":"0","left":0,"isLinked":false},"content_position":"top"},"elements":[{"id":"6ded1447","settings":{"_column_size":100,"_inline_size_tablet":50,"padding":{"unit":"%","top":"0","right":"16","bottom":"0","left":"0","isLinked":false},"padding_tablet":{"unit":"%","top":"0","right":"10","bottom":"0","left":"0","isLinked":false},"padding_mobile":{"unit":"%","top":"0","right":"0","bottom":"20","left":"0","isLinked":false}},"elements":[{"id":"4b62151f","settings":{"ending_number":1,"duration":1000,"title":"","_element_width":"auto","_element_width_mobile":"inherit","__globals__":{"typography_number_typography":"globals\/typography?id=primary"},"suffix":"M"},"elements":[],"isInner":false,"widgetType":"counter","elType":"widget"},{"id":"d93bde6","settings":{"image":{"url":"","id":""},"title_text":"bottels sold","description_text":"The bottles come in different colors, materials, and shapes so you can choose from a variety of options and find the one that exactly fits your needs and lifestyle.","image_space":{"unit":"px","size":0,"sizes":[]},"text_align":"left","title_bottom_space":{"unit":"px","size":26,"sizes":[]},"_padding":{"unit":"%","top":"","right":"","bottom":"","left":"","isLinked":true},"_padding_tablet":{"unit":"%","top":"","right":"","bottom":"","left":"","isLinked":true},"_border_width":{"unit":"px","top":"1","right":"1","bottom":"1","left":"1","isLinked":false},"__globals__":{"_border_color":"globals\/colors?id=primary","title_typography_typography":"globals\/typography?id=secondary"},"text_align_mobile":"center","_margin":{"unit":"%","top":"8","right":"0","bottom":"0","left":"0","isLinked":false},"_margin_tablet":{"unit":"%","top":"","right":"","bottom":"","left":"","isLinked":true},"_margin_mobile":{"unit":"%","top":"6","right":"0","bottom":"0","left":"0","isLinked":false}},"elements":[],"isInner":false,"widgetType":"image-box","elType":"widget"}],"isInner":false,"elType":"column"},{"id":"461e3f28","settings":{"_column_size":100,"_inline_size_tablet":50,"padding":{"unit":"%","top":"0","right":"16","bottom":"0","left":"0","isLinked":false},"padding_tablet":{"unit":"%","top":"0","right":"0","bottom":"0","left":"10","isLinked":false},"padding_mobile":{"unit":"%","top":"0","right":"0","bottom":"0","left":"0","isLinked":true}},"elements":[{"id":"a102cb","settings":{"ending_number":1000,"duration":1000,"title":"","_element_width":"auto","_element_width_mobile":"inherit","__globals__":{"typography_number_typography":"globals\/typography?id=primary"}},"elements":[],"isInner":false,"widgetType":"counter","elType":"widget"},{"id":"1e4fbf27","settings":{"image":{"url":"","id":""},"title_text":"clients","description_text":"Oubl\u00e9 Bottles are made from natural materials. We use only glass and stainless steel to create a chemical-free product for improved taste and better longevity.","image_space":{"unit":"px","size":0,"sizes":[]},"text_align":"left","title_bottom_space":{"unit":"px","size":26,"sizes":[]},"_padding":{"unit":"%","top":"","right":"","bottom":"","left":"","isLinked":true},"_padding_tablet":{"unit":"%","top":"","right":"","bottom":"","left":"","isLinked":true},"_border_width":{"unit":"px","top":"1","right":"1","bottom":"1","left":"1","isLinked":false},"__globals__":{"_border_color":"globals\/colors?id=primary","title_typography_typography":"globals\/typography?id=secondary"},"text_align_mobile":"center","_margin":{"unit":"%","top":"8","right":"0","bottom":"0","left":"0","isLinked":false},"_margin_tablet":{"unit":"%","top":"","right":"","bottom":"","left":"","isLinked":true},"_margin_mobile":{"unit":"%","top":"6","right":"0","bottom":"0","left":"0","isLinked":false}},"elements":[],"isInner":false,"widgetType":"image-box","elType":"widget"}],"isInner":false,"elType":"column"}],"isInner":true,"elType":"section"}],"isInner":false,"elType":"column"}],"isInner":false,"elType":"section"}],"settings":{"template":"elementor_canvas"},"metadata":[]}