{"content":[{"id":"2fabcf7d","settings":{"content_width":{"unit":"px","size":1465,"sizes":[]},"gap":"no","height":"min-height","custom_height":{"unit":"px","size":320,"sizes":[]},"custom_height_tablet":{"unit":"px","size":300,"sizes":[]},"custom_height_mobile":{"unit":"px","size":211,"sizes":[]},"background_background":"classic","padding":{"unit":"%","top":"0","right":"4","bottom":"0","left":"4","isLinked":false},"padding_tablet":{"unit":"%","top":"","right":"","bottom":"","left":"","isLinked":true},"padding_mobile":{"unit":"%","top":"2","right":"6","bottom":"4","left":"6","isLinked":false},"_title":"Data Title","__globals__":{"background_color":"globals\/colors?id=f3cfd47"}},"elements":[{"id":"70daa2f","settings":{"_column_size":100,"_inline_size":null,"space_between_widgets":0},"elements":[{"id":"7e6193af","settings":{"title":"our success is amazing","align":"center","_margin":{"unit":"%","top":"","right":"","bottom":"","left":"","isLinked":true},"_margin_tablet":{"unit":"%","top":"","right":"","bottom":"","left":"","isLinked":true},"_margin_mobile":{"unit":"%","top":"","right":"","bottom":"","left":"","isLinked":true},"_padding_mobile":{"unit":"px","top":"0","right":"0","bottom":"0","left":"0","isLinked":false},"_animation":"fadeIn"},"elements":[],"isInner":false,"widgetType":"heading","elType":"widget"}],"isInner":false,"elType":"column"}],"isInner":false,"elType":"section"},{"id":"28411363","settings":{"content_width":{"unit":"px","size":1757,"sizes":[]},"gap":"no","custom_height":{"unit":"px","size":803,"sizes":[]},"structure":"30","padding":{"unit":"%","top":"0","right":"4","bottom":"3","left":"4","isLinked":false},"_title":"Data Content","custom_height_tablet":{"unit":"px","size":600,"sizes":[]},"column_position":"stretch","content_position":"top","padding_tablet":{"unit":"%","top":"0","right":"3","bottom":"8","left":"3","isLinked":false},"padding_mobile":{"unit":"%","top":"0","right":"6","bottom":"20","left":"6","isLinked":false},"background_background":"classic","__globals__":{"background_color":"globals\/colors?id=f3cfd47"}},"elements":[{"id":"3d4b5569","settings":{"_column_size":33,"_inline_size":null,"padding":{"unit":"%","top":"10","right":"20","bottom":"10","left":"14","isLinked":false},"padding_mobile":{"unit":"%","top":"","right":"","bottom":"","left":"","isLinked":true},"motion_fx_translateY_speed":{"unit":"px","size":2,"sizes":[]},"animation":"slideInUp","animation_duration":"fast","border_border":"solid","border_width":{"unit":"px","top":"1","right":"1","bottom":"1","left":"1","isLinked":true},"margin":{"unit":"%","top":"0","right":"7","bottom":"12","left":"0","isLinked":false},"margin_tablet":{"unit":"%","top":"0","right":"7","bottom":"20","left":"0","isLinked":false},"margin_mobile":{"unit":"%","top":"0","right":"0","bottom":"20","left":"0","isLinked":false},"padding_tablet":{"unit":"%","top":"6","right":"6","bottom":"6","left":"6","isLinked":true},"background_background":"classic","__globals__":{"background_color":"globals\/colors?id=f3cfd47","border_color":"globals\/colors?id=primary"}},"elements":[{"id":"2a6b9cbd","settings":{"ending_number":36,"duration":1000,"title":"","_element_width":"auto","_element_width_mobile":"inherit","__globals__":{"typography_number_typography":"globals\/typography?id=ee7a421"}},"elements":[],"isInner":false,"widgetType":"counter","elType":"widget"},{"id":"19083cbe","settings":{"image":{"url":"","id":""},"title_text":"Colors & Shapes ","description_text":"The bottles come in different colors, materials, and shapes so you can choose from a variety of options and find the one that exactly fits your needs and lifestyle.","image_space":{"unit":"px","size":0,"sizes":[]},"text_align":"left","title_bottom_space":{"unit":"px","size":26,"sizes":[]},"_padding":{"unit":"%","top":"","right":"","bottom":"","left":"","isLinked":true},"_padding_tablet":{"unit":"%","top":"","right":"","bottom":"","left":"","isLinked":true},"_border_width":{"unit":"px","top":"1","right":"1","bottom":"1","left":"1","isLinked":false},"__globals__":{"_border_color":"globals\/colors?id=primary","title_typography_typography":"globals\/typography?id=secondary"},"text_align_mobile":"center","_margin":{"unit":"%","top":"12","right":"0","bottom":"0","left":"0","isLinked":false},"_margin_tablet":{"unit":"%","top":"","right":"","bottom":"","left":"","isLinked":true},"_margin_mobile":{"unit":"%","top":"6","right":"0","bottom":"0","left":"0","isLinked":false}},"elements":[],"isInner":false,"widgetType":"image-box","elType":"widget"}],"isInner":false,"elType":"column"},{"id":"31de6e59","settings":{"_column_size":33,"_inline_size":null,"padding":{"unit":"%","top":"10","right":"20","bottom":"10","left":"14","isLinked":false},"padding_mobile":{"unit":"%","top":"","right":"","bottom":"","left":"","isLinked":true},"motion_fx_translateY_direction":"negative","motion_fx_translateY_speed":{"unit":"px","size":1,"sizes":[]},"animation":"slideInDown","animation_delay":200,"animation_duration":"fast","border_border":"solid","border_width":{"unit":"px","top":"1","right":"1","bottom":"1","left":"1","isLinked":true},"margin":{"unit":"%","top":"12","right":"3.5","bottom":"0","left":"3.5","isLinked":false},"margin_tablet":{"unit":"%","top":"20","right":"3.5","bottom":"0","left":"3.5","isLinked":false},"margin_mobile":{"unit":"%","top":"0","right":"0","bottom":"20","left":"0","isLinked":false},"padding_tablet":{"unit":"%","top":"6","right":"6","bottom":"6","left":"6","isLinked":true},"__globals__":{"border_color":"globals\/colors?id=primary","background_color":"globals\/colors?id=f3cfd47"},"background_background":"classic","motion_fx_motion_fx_scrolling":"yes"},"elements":[{"id":"4d32d819","settings":{"ending_number":25,"duration":1000,"title":"","_element_width":"auto","_element_width_mobile":"inherit","__globals__":{"typography_number_typography":"globals\/typography?id=ee7a421"}},"elements":[],"isInner":false,"widgetType":"counter","elType":"widget"},{"id":"39da76c6","settings":{"image":{"url":"","id":""},"title_text":"countries","description_text":"Oubl\u00e9 Bottles are made from natural materials. We use only glass and stainless steel to create a chemical-free product for improved taste and better longevity.","image_space":{"unit":"px","size":0,"sizes":[]},"text_align":"left","title_bottom_space":{"unit":"px","size":26,"sizes":[]},"_padding":{"unit":"%","top":"","right":"","bottom":"","left":"","isLinked":true},"_padding_tablet":{"unit":"%","top":"","right":"","bottom":"","left":"","isLinked":true},"_border_width":{"unit":"px","top":"1","right":"1","bottom":"1","left":"1","isLinked":false},"__globals__":{"_border_color":"globals\/colors?id=primary","title_typography_typography":"globals\/typography?id=secondary"},"text_align_mobile":"center","_margin":{"unit":"%","top":"12","right":"0","bottom":"0","left":"0","isLinked":false},"_margin_tablet":{"unit":"%","top":"","right":"","bottom":"","left":"","isLinked":true},"_margin_mobile":{"unit":"%","top":"6","right":"0","bottom":"0","left":"0","isLinked":false}},"elements":[],"isInner":false,"widgetType":"image-box","elType":"widget"}],"isInner":false,"elType":"column"},{"id":"55078e97","settings":{"_column_size":33,"_inline_size":null,"padding":{"unit":"%","top":"10","right":"20","bottom":"10","left":"14","isLinked":false},"padding_mobile":{"unit":"%","top":"","right":"","bottom":"","left":"","isLinked":true},"motion_fx_translateY_speed":{"unit":"px","size":2,"sizes":[]},"animation":"slideInUp","animation_delay":400,"animation_duration":"fast","border_border":"solid","border_width":{"unit":"px","top":"1","right":"1","bottom":"1","left":"1","isLinked":true},"margin":{"unit":"%","top":"0","right":"0","bottom":"12","left":"7","isLinked":false},"margin_tablet":{"unit":"%","top":"0","right":"0","bottom":"20","left":"7","isLinked":false},"margin_mobile":{"unit":"%","top":"0","right":"0","bottom":"0","left":"0","isLinked":false},"padding_tablet":{"unit":"%","top":"6","right":"6","bottom":"6","left":"6","isLinked":true},"__globals__":{"border_color":"globals\/colors?id=primary","background_color":"globals\/colors?id=f3cfd47"},"background_background":"classic"},"elements":[{"id":"32c01559","settings":{"ending_number":1,"suffix":"M","duration":1000,"title":"","_element_width":"auto","_element_width_mobile":"inherit","__globals__":{"typography_number_typography":"globals\/typography?id=ee7a421"}},"elements":[],"isInner":false,"widgetType":"counter","elType":"widget"},{"id":"7bfc0afa","settings":{"image":{"url":"","id":""},"title_text":"bottels sold","description_text":"Oubl\u00e9 Bottles maintain temperature for both hot and cold beverages. It\u2019s also resistant to leaks and can be easily disassembled for a thorough cleaning when needed.","image_space":{"unit":"px","size":0,"sizes":[]},"text_align":"left","title_bottom_space":{"unit":"px","size":26,"sizes":[]},"_padding":{"unit":"%","top":"","right":"","bottom":"","left":"","isLinked":true},"_padding_tablet":{"unit":"%","top":"","right":"","bottom":"","left":"","isLinked":true},"_border_width":{"unit":"px","top":"1","right":"1","bottom":"1","left":"1","isLinked":false},"__globals__":{"_border_color":"globals\/colors?id=primary","title_typography_typography":"globals\/typography?id=secondary"},"text_align_mobile":"center","_margin":{"unit":"%","top":"12","right":"0","bottom":"0","left":"0","isLinked":false},"_margin_tablet":{"unit":"%","top":"","right":"","bottom":"","left":"","isLinked":true},"_margin_mobile":{"unit":"%","top":"6","right":"0","bottom":"0","left":"0","isLinked":false}},"elements":[],"isInner":false,"widgetType":"image-box","elType":"widget"}],"isInner":false,"elType":"column"}],"isInner":false,"elType":"section"}],"settings":{"template":"elementor_canvas"},"metadata":[]}