{"content":[{"id":"6d72e1e8","settings":{"content_width":{"unit":"px","size":900,"sizes":[]},"gap":"no","height":"min-height","custom_height":{"unit":"px","size":334,"sizes":[]},"padding":{"unit":"%","top":"0","right":"4","bottom":"0","left":"4","isLinked":false},"_title":"Team Title","custom_height_tablet":{"unit":"px","size":260,"sizes":[]},"padding_mobile":{"unit":"%","top":"0","right":"6","bottom":"0","left":"6","isLinked":false}},"elements":[{"id":"2429d6b","settings":{"_column_size":100,"_inline_size":null,"padding_tablet":{"unit":"%","top":"0","right":"15","bottom":"0","left":"15","isLinked":false},"padding_mobile":{"unit":"%","top":"0","right":"0","bottom":"0","left":"0","isLinked":false}},"elements":[{"id":"fc72d70","settings":{"title":"get to know our co-counders","align":"center","_animation":"fadeIn","_margin_mobile":{"unit":"%","top":"0","right":"-4","bottom":"0","left":"-4","isLinked":false}},"elements":[],"isInner":false,"widgetType":"heading","elType":"widget"}],"isInner":false,"elType":"column"}],"isInner":false,"elType":"section"},{"id":"60084a0","settings":{"content_width":{"unit":"px","size":1590,"sizes":[]},"gap":"no","custom_height":{"unit":"px","size":697,"sizes":[]},"structure":"40","padding":{"unit":"%","top":"0","right":"0","bottom":"4","left":"0","isLinked":false},"_title":"Team Info","custom_height_tablet":{"unit":"px","size":600,"sizes":[]},"column_position":"stretch","content_position":"top","padding_tablet":{"unit":"%","top":"0","right":"0","bottom":"12","left":"0","isLinked":false},"padding_mobile":{"unit":"%","top":"0","right":"6","bottom":"20","left":"6","isLinked":false},"background_background":"classic","__globals__":{"background_color":"globals\/colors?id=f3cfd47"},"layout":"full_width","height":"min-height"},"elements":[{"id":"b25b6d3","settings":{"_column_size":25,"_inline_size":22.456,"padding":{"unit":"%","top":"0","right":"5","bottom":"0","left":"0","isLinked":false},"padding_mobile":{"unit":"%","top":"0","right":"0","bottom":"20","left":"0","isLinked":false},"motion_fx_translateY_speed":{"unit":"px","size":2,"sizes":[]},"animation":"slideInUp","animation_duration":"fast","padding_tablet":{"unit":"%","top":"0","right":"10","bottom":"20","left":"0","isLinked":false},"_inline_size_tablet":50,"align_mobile":"center","margin_tablet":{"unit":"%","top":"20","right":"0","bottom":"0","left":"0","isLinked":false},"margin_mobile":{"unit":"%","top":"0","right":"0","bottom":"0","left":"0","isLinked":false}},"elements":[{"id":"29be8021","settings":{"image":{"url":"https:\/\/library.elementor.com\/eco-friendly-water-bottles-flexbox\/wp-content\/uploads\/sites\/165\/2022\/07\/cta_03_img1.jpg","id":1307,"alt":"","source":"library"},"width_tablet":{"unit":"px","size":"","sizes":[]},"width_mobile":{"unit":"px","size":"","sizes":[]},"height":{"unit":"px","size":405,"sizes":[]},"object-fit":"cover","height_tablet":{"unit":"px","size":355,"sizes":[]},"_element_width":"auto"},"elements":[],"isInner":false,"widgetType":"image","elType":"widget"},{"id":"7c0d6149","settings":{"image":{"id":"","url":"","alt":"","source":"library"},"title_text":"mike grett","description_text":"co-founder","image_space":{"unit":"px","size":40,"sizes":[]},"text_align":"left","title_bottom_space":{"unit":"px","size":15,"sizes":[]},"_padding":{"unit":"%","top":"0","right":"0","bottom":"0","left":"14","isLinked":false},"_padding_tablet":{"unit":"%","top":"","right":"","bottom":"","left":"","isLinked":true},"_border_width":{"unit":"px","top":"1","right":"1","bottom":"1","left":"1","isLinked":false},"__globals__":{"_border_color":"globals\/colors?id=primary","title_typography_typography":"globals\/typography?id=secondary","description_typography_typography":"globals\/typography?id=b4c60c8","description_color":"globals\/colors?id=accent"},"text_align_mobile":"center","image_space_tablet":{"unit":"px","size":30,"sizes":[]},"image_size":{"unit":"%","size":100,"sizes":[]},"_margin":{"unit":"px","top":"40","right":"0","bottom":"0","left":"0","isLinked":false},"_padding_mobile":{"unit":"px","top":"0","right":"0","bottom":"0","left":"0","isLinked":false}},"elements":[],"isInner":false,"widgetType":"image-box","elType":"widget"}],"isInner":false,"elType":"column"},{"id":"7ef85872","settings":{"_column_size":25,"_inline_size":27.959,"padding":{"unit":"%","top":"0","right":"2.5","bottom":"0","left":"2.5","isLinked":false},"padding_mobile":{"unit":"%","top":"0","right":"0","bottom":"20","left":"0","isLinked":false},"motion_fx_translateY_direction":"negative","motion_fx_translateY_speed":{"unit":"px","size":1,"sizes":[]},"animation":"slideInUp","animation_delay":200,"animation_duration":"fast","padding_tablet":{"unit":"%","top":"0","right":"0","bottom":"20","left":"10","isLinked":false},"content_position":"bottom","_inline_size_tablet":50,"content_position_tablet":"top","align":"center"},"elements":[{"id":"562f9497","settings":{"image":{"url":"https:\/\/library.elementor.com\/eco-friendly-water-bottles-flexbox\/wp-content\/uploads\/sites\/165\/2022\/07\/co-founder1.jpg","id":1548,"alt":"","source":"library"},"width":{"unit":"px","size":490,"sizes":[]},"width_tablet":{"unit":"px","size":"","sizes":[]},"width_mobile":{"unit":"px","size":"","sizes":[]},"height":{"unit":"px","size":515,"sizes":[]},"object-fit":"cover","height_tablet":{"unit":"px","size":355,"sizes":[]},"_element_width":"auto"},"elements":[],"isInner":false,"widgetType":"image","elType":"widget"},{"id":"565aca89","settings":{"image":{"id":"","url":"","alt":"","source":"library"},"title_text":"alicia keys","description_text":"CO-FOUNDER","image_space":{"unit":"px","size":40,"sizes":[]},"text_align":"left","title_bottom_space":{"unit":"px","size":15,"sizes":[]},"_padding":{"unit":"%","top":"0","right":"0","bottom":"0","left":"14","isLinked":false},"_padding_tablet":{"unit":"%","top":"","right":"","bottom":"","left":"","isLinked":true},"_border_width":{"unit":"px","top":"1","right":"1","bottom":"1","left":"1","isLinked":false},"__globals__":{"_border_color":"globals\/colors?id=primary","title_typography_typography":"globals\/typography?id=secondary","description_typography_typography":"globals\/typography?id=b4c60c8","description_color":"globals\/colors?id=accent"},"text_align_mobile":"center","image_space_tablet":{"unit":"px","size":30,"sizes":[]},"image_size":{"unit":"%","size":100,"sizes":[]},"_margin":{"unit":"px","top":"40","right":"0","bottom":"0","left":"0","isLinked":false},"_padding_mobile":{"unit":"px","top":"0","right":"0","bottom":"0","left":"0","isLinked":false}},"elements":[],"isInner":false,"widgetType":"image-box","elType":"widget"}],"isInner":false,"elType":"column"},{"id":"66be43e7","settings":{"_column_size":25,"_inline_size":28.114,"padding":{"unit":"%","top":"0","right":"2.5","bottom":"0","left":"2.5","isLinked":false},"padding_mobile":{"unit":"%","top":"0","right":"0","bottom":"20","left":"0","isLinked":false},"motion_fx_translateY_effect":"yes","motion_fx_translateY_speed":{"unit":"px","size":2,"sizes":[]},"animation":"slideInUp","animation_delay":400,"animation_duration":"fast","padding_tablet":{"unit":"%","top":"0","right":"10","bottom":"0","left":"0","isLinked":false},"_inline_size_tablet":50,"align":"center","align_tablet":"flex-start","align_mobile":"center"},"elements":[{"id":"60f1bdf4","settings":{"image":{"url":"https:\/\/library.elementor.com\/eco-friendly-water-bottles-flexbox\/wp-content\/uploads\/sites\/165\/2022\/07\/co-founder2.jpg","id":1549,"alt":"","source":"library"},"width":{"unit":"px","size":490,"sizes":[]},"width_tablet":{"unit":"px","size":"","sizes":[]},"width_mobile":{"unit":"px","size":"","sizes":[]},"height":{"unit":"px","size":515,"sizes":[]},"object-fit":"cover","height_tablet":{"unit":"px","size":355,"sizes":[]},"_element_width":"auto"},"elements":[],"isInner":false,"widgetType":"image","elType":"widget"},{"id":"4251c342","settings":{"image":{"id":"","url":"","alt":"","source":"library"},"title_text":"mia rose","description_text":"CO-FOUNDER\u200b","image_space":{"unit":"px","size":40,"sizes":[]},"text_align":"left","title_bottom_space":{"unit":"px","size":15,"sizes":[]},"_padding":{"unit":"%","top":"0","right":"0","bottom":"0","left":"14","isLinked":false},"_padding_tablet":{"unit":"%","top":"","right":"","bottom":"","left":"","isLinked":true},"_border_width":{"unit":"px","top":"1","right":"1","bottom":"1","left":"1","isLinked":false},"__globals__":{"_border_color":"globals\/colors?id=primary","title_typography_typography":"globals\/typography?id=secondary","description_typography_typography":"globals\/typography?id=b4c60c8","description_color":"globals\/colors?id=accent"},"text_align_mobile":"center","image_space_tablet":{"unit":"px","size":30,"sizes":[]},"image_size":{"unit":"%","size":100,"sizes":[]},"_margin":{"unit":"px","top":"40","right":"0","bottom":"0","left":"0","isLinked":false},"_padding_mobile":{"unit":"px","top":"0","right":"0","bottom":"0","left":"0","isLinked":false}},"elements":[],"isInner":false,"widgetType":"image-box","elType":"widget"}],"isInner":false,"elType":"column"},{"id":"517891cc","settings":{"_column_size":25,"_inline_size":21.458,"padding":{"unit":"%","top":"20","right":"0","bottom":"0","left":"5","isLinked":false},"padding_mobile":{"unit":"px","top":"0","right":"0","bottom":"0","left":"0","isLinked":false},"motion_fx_translateY_effect":"yes","motion_fx_translateY_speed":{"unit":"px","size":2,"sizes":[]},"animation":"slideInUp","animation_delay":600,"animation_duration":"fast","padding_tablet":{"unit":"%","top":"0","right":"0","bottom":"0","left":"10","isLinked":false},"content_position":"center","_inline_size_tablet":50,"align":"flex-end","align_mobile":"center","margin_tablet":{"unit":"%","top":"-34","right":"0","bottom":"0","left":"0","isLinked":false},"margin_mobile":{"unit":"%","top":"0","right":"0","bottom":"0","left":"0","isLinked":false}},"elements":[{"id":"6dfe1be4","settings":{"image":{"url":"https:\/\/library.elementor.com\/eco-friendly-water-bottles-flexbox\/wp-content\/uploads\/sites\/165\/2022\/07\/co-founder_4.jpg","id":1559,"alt":"","source":"library"},"width":{"unit":"px","size":386,"sizes":[]},"width_tablet":{"unit":"px","size":"","sizes":[]},"width_mobile":{"unit":"px","size":"","sizes":[]},"height":{"unit":"px","size":405,"sizes":[]},"object-fit":"cover","height_tablet":{"unit":"px","size":355,"sizes":[]},"_element_width":"auto"},"elements":[],"isInner":false,"widgetType":"image","elType":"widget"},{"id":"327022fc","settings":{"image":{"id":"","url":"","alt":"","source":"library"},"title_text":"alicia keys","description_text":"CO-FOUNDER","image_space":{"unit":"px","size":40,"sizes":[]},"text_align":"left","title_bottom_space":{"unit":"px","size":15,"sizes":[]},"_padding":{"unit":"%","top":"0","right":"0","bottom":"0","left":"14","isLinked":false},"_padding_tablet":{"unit":"%","top":"","right":"","bottom":"","left":"","isLinked":true},"_border_width":{"unit":"px","top":"1","right":"1","bottom":"1","left":"1","isLinked":false},"__globals__":{"_border_color":"globals\/colors?id=primary","title_typography_typography":"globals\/typography?id=secondary","description_typography_typography":"globals\/typography?id=b4c60c8","description_color":"globals\/colors?id=accent"},"text_align_mobile":"center","image_space_tablet":{"unit":"px","size":30,"sizes":[]},"image_size":{"unit":"%","size":100,"sizes":[]},"_margin":{"unit":"px","top":"40","right":"0","bottom":"0","left":"0","isLinked":false},"_padding_mobile":{"unit":"px","top":"0","right":"0","bottom":"0","left":"0","isLinked":false}},"elements":[],"isInner":false,"widgetType":"image-box","elType":"widget"}],"isInner":false,"elType":"column"}],"isInner":false,"elType":"section"}],"settings":{"template":"elementor_canvas"},"metadata":[]}