{"content":[{"id":"1d679223","settings":{"layout":"full_width","gap":"no","height":"min-height","custom_height":{"unit":"px","size":163,"sizes":[]},"background_background":"classic","border_border":"solid","border_width":{"unit":"px","top":"1","right":"0","bottom":"1","left":"0","isLinked":false},"margin":{"unit":"%","top":"4","right":0,"bottom":"0","left":0,"isLinked":false},"margin_tablet":{"unit":"%","top":"8","right":0,"bottom":"0","left":0,"isLinked":false},"margin_mobile":{"unit":"%","top":"","right":"","bottom":"","left":"","isLinked":true},"padding":{"unit":"%","top":"0","right":"4","bottom":"0","left":"4","isLinked":false},"padding_tablet":{"unit":"%","top":"8","right":"4","bottom":"8","left":"4","isLinked":false},"padding_mobile":{"unit":"%","top":"12","right":"6","bottom":"12","left":"6","isLinked":false},"__globals__":{"background_color":"globals\/colors?id=f3cfd47","border_color":"globals\/colors?id=primary"},"custom_height_tablet":{"unit":"px","size":0,"sizes":[]},"custom_height_mobile":{"unit":"px","size":3,"sizes":[]},"_title":"FAQ Title"},"elements":[{"id":"68061240","settings":{"_column_size":100,"_inline_size":null,"_inline_size_tablet":100,"margin_mobile":{"unit":"%","top":"","right":"","bottom":"","left":"","isLinked":true}},"elements":[{"id":"5d349dd","settings":{"title":"ask us anything","align_tablet":"center","_animation":"fadeIn","align":"center","__globals__":{"typography_typography":"globals\/typography?id=ee7a421"}},"elements":[],"isInner":false,"widgetType":"heading","elType":"widget"}],"isInner":false,"elType":"column"}],"isInner":false,"elType":"section"},{"id":"265ac066","settings":{"gap":"no","background_background":"classic","padding":{"unit":"%","top":"4","right":"0","bottom":"4","left":"0","isLinked":false},"padding_tablet":{"unit":"%","top":"12","right":"10","bottom":"12","left":"10","isLinked":false},"padding_mobile":{"unit":"%","top":"0","right":"8","bottom":"20","left":"8","isLinked":false},"_title":"FAQ Content","__globals__":{"background_color":"globals\/colors?id=f3cfd47"},"content_width":{"unit":"px","size":814,"sizes":[]},"margin":{"unit":"px","top":"","right":0,"bottom":"","left":0,"isLinked":true}},"elements":[{"id":"596a3fb1","settings":{"_column_size":100,"_inline_size":null,"text_align":"justify"},"elements":[{"id":"7d95d99e","settings":{"tabs":[{"tab_title":"Everything you need to<br>Know about Oubl\u00e9","tab_content":"<p>Lorem ipsum dolor sit amet, consectetur adipiscing elit. Ut orper mattis, pulvinar dapibus leo. Lorem ipsum dolor sit amet, consectetur adipiscing elit. Ut elit tellus, luctus nec ullamcorper mattis, r adipiscing elit. Ut elit tellus, luctus nec ullamcorper mattis, pulvinar dapibus leo.","_id":"fd07d41"},{"tab_title":"Everything you need to<br>Know about Oubl\u00e9","tab_content":"<p>Lorem ipsum dolor sit amet, consectetur adipiscing elit. Ut orper mattis, pulvinar dapibus leo. Lorem ipsum dolor sit amet, consectetur adipiscing elit. Ut elit tellus, luctus nec ullamcorper mattis, r adipiscing elit. Ut elit tellus, luctus nec ullamcorper mattis, pulvinar dapibus leo.","_id":"da3df6b"},{"tab_title":"Everything you need to<br>Know about Oubl\u00e9","tab_content":"<p>Lorem ipsum dolor sit amet, consectetur adipiscing elit. Ut orper mattis, pulvinar dapibus leo. Lorem ipsum dolor sit amet, consectetur adipiscing elit. Ut elit tellus, luctus nec ullamcorper mattis, r adipiscing elit. Ut elit tellus, luctus nec ullamcorper mattis, pulvinar dapibus leo.","_id":"0821c61"},{"tab_title":"Everything you need to<br>Know about Oubl\u00e9","tab_content":"<p>Lorem ipsum dolor sit amet, consectetur adipiscing elit. Ut orper mattis, pulvinar dapibus leo. Lorem ipsum dolor sit amet, consectetur adipiscing elit. Ut elit tellus, luctus nec ullamcorper mattis, r adipiscing elit. Ut elit tellus, luctus nec ullamcorper mattis, pulvinar dapibus leo.","_id":"8e3065b"}],"faq_schema":"yes","icon_align":"right","selected_icon":{"value":{"url":"https:\/\/library.elementor.com\/eco-friendly-water-bottles-flexbox\/wp-content\/uploads\/sites\/165\/2022\/07\/faq-expend-icon.svg","id":1695},"library":"svg"},"selected_active_icon":{"value":{"url":"https:\/\/library.elementor.com\/eco-friendly-water-bottles-flexbox\/wp-content\/uploads\/sites\/165\/2022\/07\/faq-collapse-icon.svg","id":1696},"library":"svg"},"title_html_tag":"h3","border_width":{"unit":"px","size":1,"sizes":[]},"space_between":{"unit":"px","size":30,"sizes":[]},"title_padding":{"unit":"%","top":"0","right":"0","bottom":"3","left":"0","isLinked":false},"title_padding_tablet":{"unit":"%","top":"0.5","right":"0","bottom":"4","left":"0","isLinked":false},"title_padding_mobile":{"unit":"%","top":"1","right":"0","bottom":"8","left":"0","isLinked":false},"content_padding":{"unit":"%","top":"0","right":"0","bottom":"2","left":"0","isLinked":false},"content_padding_tablet":{"unit":"%","top":"0","right":"0","bottom":"4","left":"0","isLinked":false},"content_padding_mobile":{"unit":"%","top":"0","right":"0","bottom":"8","left":"0","isLinked":false},"_padding":{"unit":"%","top":"4","right":"0","bottom":"0","left":"0","isLinked":false},"_padding_tablet":{"unit":"%","top":"4","right":"0","bottom":"0","left":"0","isLinked":false},"_padding_mobile":{"unit":"%","top":"8","right":"0","bottom":"0","left":"0","isLinked":false},"__globals__":{"border_color":"globals\/colors?id=primary","_border_color":"globals\/colors?id=primary","title_typography_typography":"globals\/typography?id=secondary"},"icon_space":{"unit":"px","size":10,"sizes":[]},"_border_border":"solid","_border_width":{"unit":"px","top":"1","right":"0","bottom":"0","left":"0","isLinked":false},"_border_width_mobile":{"unit":"px","top":"0","right":"0","bottom":"0","left":"0","isLinked":false},"border_color":"#000000","_border_color":"#000000"},"elements":[],"isInner":false,"widgetType":"toggle","elType":"widget"}],"isInner":false,"elType":"column"}],"isInner":false,"elType":"section"}],"settings":{"template":"elementor_canvas"},"metadata":[]}