{"content":[{"id":"550065c3","settings":{"layout":"full_width","gap":"no","height":"min-height","custom_height":{"unit":"vh","size":100,"sizes":[]},"column_position":"stretch","structure":"20","background_background":"classic","margin":{"unit":"px","top":"","right":0,"bottom":"","left":0,"isLinked":true},"_title":"CTA 02","__globals__":{"background_color":"globals\/colors?id=f3cfd47"},"margin_tablet":{"unit":"px","top":"","right":0,"bottom":"","left":0,"isLinked":true},"margin_mobile":{"unit":"px","top":"","right":0,"bottom":"","left":0,"isLinked":true},"content_position":"middle","overflow":"hidden","custom_height_tablet":{"unit":"px","size":930,"sizes":[]},"custom_height_mobile":{"unit":"px","size":930,"sizes":[]},"reverse_order_tablet":"reverse-tablet"},"elements":[{"id":"7c711902","settings":{"_column_size":50,"_inline_size":52.403,"background_background":"classic","background_image":{"id":1255,"url":"https:\/\/library.elementor.com\/eco-friendly-water-bottles-flexbox\/wp-content\/uploads\/sites\/165\/2022\/07\/cta_02_img1.jpg","alt":"","source":"library"},"background_position":"top left","background_repeat":"no-repeat","background_size":"initial","_inline_size_tablet":100,"animation":"slideInDown","content_position":"bottom","content_position_tablet":"top","background_position_mobile":"center center","content_position_mobile":"bottom","background_size_mobile":"cover","background_bg_width":{"unit":"%","size":73,"sizes":[]},"background_bg_width_tablet":{"unit":"%","size":"","sizes":[]},"background_bg_width_mobile":{"unit":"%","size":"","sizes":[]},"animation_duration":"fast"},"elements":[{"id":"7b5a9904","settings":{"space_mobile":{"unit":"px","size":150,"sizes":[]}},"elements":[],"isInner":false,"widgetType":"spacer","elType":"widget"},{"id":"2c80ce13","settings":{"image":{"url":"https:\/\/library.elementor.com\/eco-friendly-water-bottles-flexbox\/wp-content\/uploads\/sites\/165\/2022\/07\/cta_02_img2.jpg","id":1256,"alt":"","source":"library"},"align":"right","width":{"unit":"px","size":394,"sizes":[]},"width_tablet":{"unit":"px","size":315,"sizes":[]},"width_mobile":{"unit":"px","size":220,"sizes":[]},"height":{"unit":"px","size":394,"sizes":[]},"height_tablet":{"unit":"px","size":315,"sizes":[]},"height_mobile":{"unit":"px","size":220,"sizes":[]},"object-fit":"cover","_margin_tablet":{"unit":"%","top":"-14","right":"0","bottom":"0","left":"0","isLinked":false},"_margin_mobile":{"unit":"px","top":"0","right":"0","bottom":"-80","left":"0","isLinked":false},"_animation":"slideInUp","_animation_delay":400},"elements":[],"isInner":false,"widgetType":"image","elType":"widget"}],"isInner":false,"elType":"column"},{"id":"7271af7f","settings":{"_column_size":50,"_inline_size":47.597,"padding":{"unit":"%","top":"0","right":"28","bottom":"0","left":"14","isLinked":false},"_inline_size_tablet":100,"align_mobile":"center","padding_tablet":{"unit":"%","top":"0","right":"12","bottom":"4","left":"12","isLinked":false},"padding_mobile":{"unit":"%","top":"2","right":"6","bottom":"6","left":"6","isLinked":false},"space_between_widgets":0,"margin_mobile":{"unit":"px","top":"120","right":"0","bottom":"0","left":"0","isLinked":false}},"elements":[{"id":"16c1fdce","settings":{"title":"PLASTIC-FREe<br>Oubl\u00e9 Bottles","align_mobile":"center","_margin":{"unit":"%","top":"","right":"","bottom":"","left":"","isLinked":true},"_margin_tablet":{"unit":"%","top":"","right":"","bottom":"","left":"","isLinked":true},"_margin_mobile":{"unit":"%","top":"","right":"","bottom":"","left":"","isLinked":true},"_animation":"fadeIn","_animation_delay":400},"elements":[],"isInner":false,"widgetType":"heading","elType":"widget"},{"id":"37f96b7c","settings":{"editor":"Lorem ipsum dolor sit amet, consectetur adipiscing elit, sed do eiusmod tempor incididunt ut labore et dolore magna aliqua. Lorem ipsum dolor sit amet, consectetur adipiscing elit, sed do eiusmod tempor incididunt ut labore et dolore magna aliqua. Lorem ipsum dolor sit amet, consectetur adipiscing elit.","align_tablet":"left","align_mobile":"center","_margin":{"unit":"%","top":"6","right":"0","bottom":"6","left":"0","isLinked":false},"_margin_tablet":{"unit":"%","top":"6","right":"0","bottom":"6","left":"0","isLinked":false},"_margin_mobile":{"unit":"%","top":"8","right":"0","bottom":"8","left":"0","isLinked":false},"_animation":"fadeIn","_animation_delay":600},"elements":[],"isInner":false,"widgetType":"text-editor","elType":"widget"},{"id":"30b67714","settings":{"text":"Discover","align":"left","selected_icon":{"value":"fas fa-circle","library":"fa-solid"},"icon_indent":{"unit":"px","size":10,"sizes":[]},"__globals__":{"button_text_color":"globals\/colors?id=accent","background_color":"globals\/colors?id=e361c3e","hover_color":"globals\/colors?id=text","typography_typography":"globals\/typography?id=accent"},"text_padding":{"unit":"px","top":"0","right":"0","bottom":"0","left":"0","isLinked":false},"_animation":"fadeIn","animation_duration":"slow","_animation_delay":800,"link":{"url":"","is_external":"","nofollow":"","custom_attributes":""},"align_mobile":"center","_margin_tablet":{"unit":"px","top":"0","right":"0","bottom":"0","left":"0","isLinked":false},"align_tablet":"left"},"elements":[],"isInner":false,"widgetType":"button","elType":"widget"}],"isInner":false,"elType":"column"}],"isInner":false,"elType":"section"}],"settings":{"template":"elementor_canvas"},"metadata":[]}