{"content":[{"id":"4299533e","settings":{"layout":"full_width","gap":"no","height":"min-height","custom_height":{"unit":"px","size":327,"sizes":[]},"structure":"20","background_background":"classic","border_border":"solid","border_width":{"unit":"px","top":"1","right":"0","bottom":"1","left":"0","isLinked":false},"margin":{"unit":"%","top":"4","right":0,"bottom":"0","left":0,"isLinked":false},"margin_tablet":{"unit":"%","top":"8","right":0,"bottom":"0","left":0,"isLinked":false},"margin_mobile":{"unit":"%","top":"","right":"","bottom":"","left":"","isLinked":true},"padding":{"unit":"%","top":"0","right":"4","bottom":"0","left":"4","isLinked":false},"padding_tablet":{"unit":"%","top":"8","right":"4","bottom":"8","left":"4","isLinked":false},"padding_mobile":{"unit":"%","top":"12","right":"6","bottom":"12","left":"6","isLinked":false},"__globals__":{"background_color":"globals\/colors?id=f3cfd47","border_color":"globals\/colors?id=primary"},"custom_height_tablet":{"unit":"px","size":230,"sizes":[]},"custom_height_mobile":{"unit":"px","size":270,"sizes":[]},"_title":"FAQ Title"},"elements":[{"id":"37b512b8","settings":{"_column_size":50,"_inline_size":30.502,"_inline_size_tablet":100,"margin_mobile":{"unit":"%","top":"","right":"","bottom":"","left":"","isLinked":true}},"elements":[{"id":"60e5ce57","settings":{"title":"Everything you need to Know about Oubl\u00e9","align_tablet":"center","_animation":"fadeIn"},"elements":[],"isInner":false,"widgetType":"heading","elType":"widget"}],"isInner":false,"elType":"column"},{"id":"526bef70","settings":{"_column_size":50,"_inline_size":69.498,"padding":{"unit":"%","top":"0","right":"44","bottom":"0","left":"6","isLinked":false},"padding_tablet":{"unit":"%","top":"0","right":"7","bottom":"0","left":"7","isLinked":false},"padding_mobile":{"unit":"%","top":"0","right":"0","bottom":"0","left":"0","isLinked":false},"_inline_size_tablet":100},"elements":[{"id":"4d43725a","settings":{"editor":"Lorem ipsum dolor sit amet, consectetur adipiscing elit, sed do eiusmod tempor incididunt ut labore et dolore magna aliqua. Lorem ipsum dolor sit amet, consectetur adipiscing elit, sed do eiusmod tempor incididunt ut labore et dolore magna aliqua. Lorem ipsum dolor sit amet, consectetur adipiscing elit.\n","align_tablet":"center","_animation":"fadeIn","_animation_delay":200},"elements":[],"isInner":false,"widgetType":"text-editor","elType":"widget"}],"isInner":false,"elType":"column"}],"isInner":false,"elType":"section"},{"id":"73959ec3","settings":{"layout":"full_width","gap":"no","background_background":"classic","padding":{"unit":"%","top":"0","right":"0","bottom":"4","left":"0","isLinked":false},"padding_tablet":{"unit":"%","top":"0","right":"0","bottom":"12","left":"0","isLinked":false},"padding_mobile":{"unit":"%","top":"0","right":"0","bottom":"20","left":"0","isLinked":false},"_title":"FAQ Content","__globals__":{"background_color":"globals\/colors?id=f3cfd47"}},"elements":[{"id":"6bb2bbf0","settings":{"_column_size":100,"_inline_size":null},"elements":[{"id":"125b76ba","settings":{"tabs":[{"tab_title":"Everything you need to<br>Know about Oubl\u00e9","tab_content":"<p>Lorem ipsum dolor sit amet, consectetur adipiscing elit. Ut orper mattis, pulvinar dapibus leo. Lorem ipsum dolor sit amet, consectetur adipiscing elit. Ut elit tellus, luctus nec ullamcorper mattis, r adipiscing elit. Ut elit tellus, luctus nec ullamcorper mattis, pulvinar dapibus leo. Lorem ipsum dolor sit amet, consectetur adipiscing elit, sed do eiusmod tempor incididunt ut labore et dolore magna aliqua. Lorem ipsum dolor sit amet, consectetur adipiscing elit, sed do eiusmod tempor incididunt ut labore et dolore magna aliqua. Lorem ipsum dolor sit amet, consectetur adipiscing elit. Lorem ipsum dolor sit amet, consectetur adipiscing elit, sed do eiusmod tempor incididunt ut labore et\u00a0 magna aliqua. Lorem ipsum dolor sit amet, consectetur adipiscing elit, sedem ipsum dolor sit amet, consectetur adipiscing elit.<\/p>","_id":"fd07d41"},{"tab_title":"Everything you need to<br>Know about Oubl\u00e9","tab_content":"<p>Lorem ipsum dolor sit amet, consectetur adipiscing elit. Ut orper mattis, pulvinar dapibus leo. Lorem ipsum dolor sit amet, consectetur adipiscing elit. Ut elit tellus, luctus nec ullamcorper mattis, r adipiscing elit. Ut elit tellus, luctus nec ullamcorper mattis, pulvinar dapibus leo. Lorem ipsum dolor sit amet, consectetur adipiscing elit, sed do eiusmod tempor incididunt ut labore et dolore magna aliqua. Lorem ipsum dolor sit amet, consectetur adipiscing elit, sed do eiusmod tempor incididunt ut labore et dolore magna aliqua. Lorem ipsum dolor sit amet, consectetur adipiscing elit. Lorem ipsum dolor sit amet, consectetur adipiscing elit, sed do eiusmod tempor incididunt ut labore et\u00a0 magna aliqua. Lorem ipsum dolor sit amet, consectetur adipiscing elit, sedem ipsum dolor sit amet, consectetur adipiscing elit.<\/p>","_id":"57328fd"},{"tab_title":"Everything you need to<br>Know about Oubl\u00e9","tab_content":"<p>Lorem ipsum dolor sit amet, consectetur adipiscing elit. Ut orper mattis, pulvinar dapibus leo. Lorem ipsum dolor sit amet, consectetur adipiscing elit. Ut elit tellus, luctus nec ullamcorper mattis, r adipiscing elit. Ut elit tellus, luctus nec ullamcorper mattis, pulvinar dapibus leo. Lorem ipsum dolor sit amet, consectetur adipiscing elit, sed do eiusmod tempor incididunt ut labore et dolore magna aliqua. Lorem ipsum dolor sit amet, consectetur adipiscing elit, sed do eiusmod tempor incididunt ut labore et dolore magna aliqua. Lorem ipsum dolor sit amet, consectetur adipiscing elit. Lorem ipsum dolor sit amet, consectetur adipiscing elit, sed do eiusmod tempor incididunt ut labore et\u00a0 magna aliqua. Lorem ipsum dolor sit amet, consectetur adipiscing elit, sedem ipsum dolor sit amet, consectetur adipiscing elit.<\/p>","_id":"153013b"}],"faq_schema":"yes","icon_align":"right","selected_icon":{"value":{"url":"https:\/\/library.elementor.com\/eco-friendly-water-bottles-flexbox\/wp-content\/uploads\/sites\/165\/2022\/07\/faq-expend-icon.svg","id":1695},"library":"svg"},"selected_active_icon":{"value":{"url":"https:\/\/library.elementor.com\/eco-friendly-water-bottles-flexbox\/wp-content\/uploads\/sites\/165\/2022\/07\/faq-collapse-icon.svg","id":1696},"library":"svg"},"title_html_tag":"h2","border_width":{"unit":"px","size":1,"sizes":[]},"space_between":{"unit":"px","size":30,"sizes":[]},"title_padding":{"unit":"%","top":"1","right":"4","bottom":"2","left":"4","isLinked":false},"title_padding_tablet":{"unit":"%","top":"0.5","right":"4","bottom":"4","left":"4","isLinked":false},"title_padding_mobile":{"unit":"%","top":"1","right":"6","bottom":"8","left":"6","isLinked":false},"content_padding":{"unit":"%","top":"0","right":"4","bottom":"2","left":"4","isLinked":false},"content_padding_tablet":{"unit":"%","top":"0","right":"4","bottom":"4","left":"4","isLinked":false},"content_padding_mobile":{"unit":"%","top":"0","right":"6","bottom":"8","left":"6","isLinked":false},"_padding":{"unit":"%","top":"1.3","right":"0","bottom":"0","left":"0","isLinked":false},"_padding_tablet":{"unit":"%","top":"4","right":"0","bottom":"0","left":"0","isLinked":false},"_padding_mobile":{"unit":"%","top":"8","right":"0","bottom":"0","left":"0","isLinked":false},"__globals__":{"border_color":"globals\/colors?id=primary"}},"elements":[],"isInner":false,"widgetType":"toggle","elType":"widget"}],"isInner":false,"elType":"column"}],"isInner":false,"elType":"section"}],"settings":{"template":"elementor_canvas"},"metadata":[]}