{"content":[{"id":"14e823a4","settings":{"boxed_width":{"unit":"px","size":820,"sizes":[]},"flex_gap":{"size":null,"column":"","row":"","unit":"px","isLinked":true},"padding":{"unit":"%","top":"0","right":"8","bottom":"0","left":"8","isLinked":false},"padding_tablet":{"unit":"%","top":"","right":"","bottom":"","left":"","isLinked":true},"padding_mobile":{"unit":"%","top":"0","right":"5","bottom":"0","left":"5","isLinked":false},"_title":"Hero","margin_mobile":{"unit":"%","top":"5","right":0,"bottom":"0","left":0,"isLinked":false},"flex_direction":"column","flex_align_items":"stretch"},"elements":[{"id":"5ba9bc49","settings":{"title":"our menu","header_size":"h1","align":"center","__globals__":{"title_color":"globals\/colors?id=secondary"}},"elements":[],"isInner":false,"widgetType":"heading","elType":"widget"},{"id":"4b30ed35","settings":{"editor":"All of our drinks are 100% organic, nutritious, and delicious! Take your pick from any of our fresh pressed juices, smoothies, and wellness shots.","align":"center","__globals__":{"text_color":"globals\/colors?id=eaa2dbc"}},"elements":[],"isInner":false,"widgetType":"text-editor","elType":"widget"}],"isInner":false,"elType":"container"},{"id":"3636714a","settings":{"flex_gap":{"size":0,"column":"0","row":"0","unit":"px"},"structure":"20","padding":{"unit":"%","top":"0","right":"2","bottom":"0","left":"2","isLinked":false},"padding_tablet":{"unit":"%","top":"0","right":"5","bottom":"0","left":"5","isLinked":false},"padding_mobile":{"unit":"%","top":"","right":"","bottom":"","left":"","isLinked":true},"__globals__":{"background_color":""},"content_position":"middle","margin":{"unit":"%","top":"8","right":0,"bottom":"0","left":0,"isLinked":false},"margin_tablet":{"unit":"%","top":"","right":0,"bottom":"","left":0,"isLinked":true},"margin_mobile":{"unit":"%","top":"20","right":0,"bottom":"0","left":0,"isLinked":false},"_title":"Menu 1","content_width":"full","_element_id":"pressed_juices","flex_direction":"row","flex_align_items":"center","flex_gap_tablet":{"column":"0","row":"80","isLinked":false,"unit":"px","size":0},"flex_gap_mobile":{"column":"0","row":"50","isLinked":false,"unit":"px","size":0},"flex_wrap_tablet":"wrap"},"elements":[{"id":"1f5589a4","settings":{"_column_size":50,"width":{"size":55,"unit":"%"},"flex_gap":{"size":null,"column":"","row":"","unit":"px","isLinked":true},"margin":{"unit":"%","top":"","right":"","bottom":"","left":"","isLinked":true},"margin_tablet":{"unit":"%","top":"","right":"","bottom":"","left":"","isLinked":true},"margin_mobile":{"unit":"%","top":"","right":"","bottom":"","left":"","isLinked":true},"width_tablet":{"size":100,"unit":"%"},"background_background":"classic","border_radius":{"unit":"px","top":"33","right":"33","bottom":"33","left":"33","isLinked":true},"padding":{"unit":"%","top":"5","right":"5","bottom":"5","left":"5","isLinked":true},"padding_tablet":{"unit":"%","top":"8","right":"8","bottom":"8","left":"8","isLinked":true},"padding_mobile":{"unit":"%","top":"8","right":"8","bottom":"8","left":"8","isLinked":true},"__globals__":{"background_color":"globals\/colors?id=21ebaa4"},"flex_gap_mobile":{"size":15,"column":"15","row":"15","unit":"px"},"content_width":"full","flex_direction":"column"},"elements":[{"id":"4dcef395","settings":{"title":"Fresh Pressed Juices - 16 oz","__globals__":{"title_color":"globals\/colors?id=primary","typography_typography":"globals\/typography?id=secondary"}},"elements":[],"isInner":false,"widgetType":"heading","elType":"widget"},{"id":"120bb669","settings":{"editor":"<p>Boost your immune system and refresh your mind &amp; body with our delicious, nutritious fresh pressed juices.<\/p>","_padding":{"unit":"%","top":"0","right":"15","bottom":"0","left":"0","isLinked":false},"_padding_tablet":{"unit":"%","top":"","right":"","bottom":"","left":"","isLinked":true},"_padding_mobile":{"unit":"%","top":"0","right":"0","bottom":"0","left":"0","isLinked":false},"_margin":{"unit":"%","top":"0","right":"0","bottom":"8","left":"0","isLinked":false},"_margin_tablet":{"unit":"%","top":"","right":"","bottom":"","left":"","isLinked":true},"_margin_mobile":{"unit":"%","top":"","right":"","bottom":"","left":"","isLinked":true}},"elements":[],"isInner":false,"widgetType":"text-editor","elType":"widget"},{"id":"557b9722","settings":{"selected_icon":{"value":"","library":""},"title_text":"lean Green Machine","description_text":"Apple, kale, mint, cucumber, celery - $7","text_align":"left","description_color":"#E9612C","description_typography_typography":"custom","description_typography_font_family":"Poppins","description_typography_font_size":{"unit":"px","size":16,"sizes":[]},"description_typography_font_size_tablet":{"unit":"px","size":14,"sizes":[]},"description_typography_font_size_mobile":{"unit":"px","size":12,"sizes":[]},"description_typography_font_weight":"400","description_typography_text_transform":"capitalize","description_typography_font_style":"normal","description_typography_text_decoration":"none","description_typography_line_height":{"unit":"em","size":1.5,"sizes":[]},"description_typography_letter_spacing":{"unit":"px","size":0,"sizes":[]},"description_typography_word_spacing":{"unit":"em","size":0,"sizes":[]},"__globals__":{"title_typography_typography":"globals\/typography?id=9f4037e","description_typography_typography":"globals\/typography?id=cac005e","description_color":"globals\/colors?id=primary"},"title_bottom_space_mobile":{"unit":"px","size":5,"sizes":[]}},"elements":[],"isInner":false,"widgetType":"icon-box","elType":"widget"},{"id":"3ed09c8e","settings":{"selected_icon":{"value":"","library":""},"title_text":"The Kale King","description_text":"Kale, apple, lemon, cucumber - $8","text_align":"left","description_color":"#E9612C","description_typography_typography":"custom","description_typography_font_family":"Poppins","description_typography_font_size":{"unit":"px","size":16,"sizes":[]},"description_typography_font_size_tablet":{"unit":"px","size":14,"sizes":[]},"description_typography_font_size_mobile":{"unit":"px","size":12,"sizes":[]},"description_typography_font_weight":"400","description_typography_text_transform":"capitalize","description_typography_font_style":"normal","description_typography_text_decoration":"none","description_typography_line_height":{"unit":"em","size":1.5,"sizes":[]},"description_typography_letter_spacing":{"unit":"px","size":0,"sizes":[]},"description_typography_word_spacing":{"unit":"em","size":0,"sizes":[]},"__globals__":{"title_typography_typography":"globals\/typography?id=9f4037e","description_typography_typography":"globals\/typography?id=cac005e","description_color":"globals\/colors?id=primary"},"title_bottom_space_mobile":{"unit":"px","size":5,"sizes":[]}},"elements":[],"isInner":false,"widgetType":"icon-box","elType":"widget"},{"id":"770aae52","settings":{"selected_icon":{"value":"","library":""},"title_text":"The Green Monster","description_text":"Apple, ginger, spinach, parsley, lemon - $8","text_align":"left","description_color":"#E9612C","description_typography_typography":"custom","description_typography_font_family":"Poppins","description_typography_font_size":{"unit":"px","size":16,"sizes":[]},"description_typography_font_size_tablet":{"unit":"px","size":14,"sizes":[]},"description_typography_font_size_mobile":{"unit":"px","size":12,"sizes":[]},"description_typography_font_weight":"400","description_typography_text_transform":"capitalize","description_typography_font_style":"normal","description_typography_text_decoration":"none","description_typography_line_height":{"unit":"em","size":1.5,"sizes":[]},"description_typography_letter_spacing":{"unit":"px","size":0,"sizes":[]},"description_typography_word_spacing":{"unit":"em","size":0,"sizes":[]},"__globals__":{"title_typography_typography":"globals\/typography?id=9f4037e","description_typography_typography":"globals\/typography?id=cac005e","description_color":"globals\/colors?id=primary"},"title_bottom_space_mobile":{"unit":"px","size":5,"sizes":[]}},"elements":[],"isInner":false,"widgetType":"icon-box","elType":"widget"},{"id":"4a0d5c","settings":{"selected_icon":{"value":"","library":""},"title_text":"Morning Rush","description_text":"Apple, cucumber, lemon, cayenne pepper - $7","text_align":"left","description_color":"#E9612C","description_typography_typography":"custom","description_typography_font_family":"Poppins","description_typography_font_size":{"unit":"px","size":16,"sizes":[]},"description_typography_font_size_tablet":{"unit":"px","size":14,"sizes":[]},"description_typography_font_size_mobile":{"unit":"px","size":12,"sizes":[]},"description_typography_font_weight":"400","description_typography_text_transform":"capitalize","description_typography_font_style":"normal","description_typography_text_decoration":"none","description_typography_line_height":{"unit":"em","size":1.5,"sizes":[]},"description_typography_letter_spacing":{"unit":"px","size":0,"sizes":[]},"description_typography_word_spacing":{"unit":"em","size":0,"sizes":[]},"__globals__":{"title_typography_typography":"globals\/typography?id=9f4037e","description_typography_typography":"globals\/typography?id=cac005e","description_color":"globals\/colors?id=primary"},"title_bottom_space_mobile":{"unit":"px","size":5,"sizes":[]}},"elements":[],"isInner":false,"widgetType":"icon-box","elType":"widget"},{"id":"25587a58","settings":{"selected_icon":{"value":"","library":""},"title_text":"Fiber for life","description_text":"Apple, celery, cucumber, collard greens, lemon - $9","text_align":"left","description_color":"#E9612C","description_typography_typography":"custom","description_typography_font_family":"Poppins","description_typography_font_size":{"unit":"px","size":16,"sizes":[]},"description_typography_font_size_tablet":{"unit":"px","size":14,"sizes":[]},"description_typography_font_size_mobile":{"unit":"px","size":12,"sizes":[]},"description_typography_font_weight":"400","description_typography_text_transform":"capitalize","description_typography_font_style":"normal","description_typography_text_decoration":"none","description_typography_line_height":{"unit":"em","size":1.5,"sizes":[]},"description_typography_letter_spacing":{"unit":"px","size":0,"sizes":[]},"description_typography_word_spacing":{"unit":"em","size":0,"sizes":[]},"__globals__":{"title_typography_typography":"globals\/typography?id=9f4037e","description_typography_typography":"globals\/typography?id=cac005e","description_color":"globals\/colors?id=primary"},"title_bottom_space_mobile":{"unit":"px","size":5,"sizes":[]}},"elements":[],"isInner":false,"widgetType":"icon-box","elType":"widget"},{"id":"430e642c","settings":{"selected_icon":{"value":"","library":""},"title_text":"Simple Apple","description_text":"Apple - $7","text_align":"left","description_color":"#E9612C","description_typography_typography":"custom","description_typography_font_family":"Poppins","description_typography_font_size":{"unit":"px","size":16,"sizes":[]},"description_typography_font_size_tablet":{"unit":"px","size":14,"sizes":[]},"description_typography_font_size_mobile":{"unit":"px","size":12,"sizes":[]},"description_typography_font_weight":"400","description_typography_text_transform":"capitalize","description_typography_font_style":"normal","description_typography_text_decoration":"none","description_typography_line_height":{"unit":"em","size":1.5,"sizes":[]},"description_typography_letter_spacing":{"unit":"px","size":0,"sizes":[]},"description_typography_word_spacing":{"unit":"em","size":0,"sizes":[]},"__globals__":{"title_typography_typography":"globals\/typography?id=9f4037e","description_typography_typography":"globals\/typography?id=cac005e","description_color":"globals\/colors?id=primary"},"title_bottom_space_mobile":{"unit":"px","size":5,"sizes":[]}},"elements":[],"isInner":false,"widgetType":"icon-box","elType":"widget"},{"id":"63d504ea","settings":{"selected_icon":{"value":"","library":""},"title_text":"Original orange","description_text":"Orange - $8","text_align":"left","description_color":"#E9612C","description_typography_typography":"custom","description_typography_font_family":"Poppins","description_typography_font_size":{"unit":"px","size":16,"sizes":[]},"description_typography_font_size_tablet":{"unit":"px","size":14,"sizes":[]},"description_typography_font_size_mobile":{"unit":"px","size":12,"sizes":[]},"description_typography_font_weight":"400","description_typography_text_transform":"capitalize","description_typography_font_style":"normal","description_typography_text_decoration":"none","description_typography_line_height":{"unit":"em","size":1.5,"sizes":[]},"description_typography_letter_spacing":{"unit":"px","size":0,"sizes":[]},"description_typography_word_spacing":{"unit":"em","size":0,"sizes":[]},"__globals__":{"title_typography_typography":"globals\/typography?id=9f4037e","description_typography_typography":"globals\/typography?id=cac005e","description_color":"globals\/colors?id=primary"},"title_bottom_space_mobile":{"unit":"px","size":5,"sizes":[]}},"elements":[],"isInner":false,"widgetType":"icon-box","elType":"widget"}],"isInner":true,"elType":"container"},{"id":"4b362835","settings":{"_column_size":50,"width":{"size":45,"unit":"%"},"flex_gap":{"size":0,"column":"0","row":"0","unit":"px"},"margin":{"unit":"%","top":"0","right":"0","bottom":"0","left":"10","isLinked":false},"margin_tablet":{"unit":"%","top":"0","right":"0","bottom":"0","left":"0","isLinked":false},"margin_mobile":{"unit":"%","top":"","right":"","bottom":"","left":"","isLinked":true},"padding":{"unit":"%","top":"","right":"","bottom":"","left":"","isLinked":true},"padding_tablet":{"unit":"%","top":"","right":"","bottom":"","left":"","isLinked":true},"padding_mobile":{"unit":"%","top":"","right":"","bottom":"","left":"","isLinked":true},"width_tablet":{"size":100,"unit":"%"},"content_width":"full"},"elements":[{"id":"6c27df7b","settings":{"image":{"url":"https:\/\/library.elementor.com\/juice-bar-flexbox\/wp-content\/uploads\/sites\/206\/2022\/04\/MenuPage-Menu_1.jpg","id":1296,"alt":"","source":"library"},"image_size":"full","image_border_border":"solid","image_border_width":{"unit":"px","top":"6","right":"6","bottom":"6","left":"6","isLinked":true},"image_border_radius":{"unit":"%","top":"50","right":"50","bottom":"50","left":"50","isLinked":true},"__globals__":{"image_border_color":"globals\/colors?id=eaa2dbc"},"align":"left","image_border_radius_tablet":{"unit":"%","top":"","right":"","bottom":"","left":"","isLinked":true},"image_border_radius_mobile":{"unit":"%","top":"","right":"","bottom":"","left":"","isLinked":true},"image_box_shadow_box_shadow_type":"yes","image_box_shadow_box_shadow":{"horizontal":0,"vertical":50,"blur":0,"spread":0,"color":"#F47B4A"},"align_tablet":"center","width_tablet":{"unit":"%","size":80,"sizes":[]},"_margin_mobile":{"unit":"%","top":"","right":"","bottom":"","left":"","isLinked":true},"_padding_mobile":{"unit":"%","top":"","right":"","bottom":"","left":"","isLinked":true},"_animation":"rotateInDownLeft"},"elements":[],"isInner":false,"widgetType":"image","elType":"widget"}],"isInner":true,"elType":"container"}],"isInner":false,"elType":"container"},{"id":"7920b3c6","settings":{"flex_gap":{"size":0,"column":"0","row":"0","unit":"px"},"structure":"20","padding":{"unit":"%","top":"0","right":"2","bottom":"0","left":"2","isLinked":false},"padding_tablet":{"unit":"%","top":"0","right":"5","bottom":"0","left":"5","isLinked":false},"padding_mobile":{"unit":"%","top":"0","right":"5","bottom":"0","left":"5","isLinked":false},"__globals__":{"background_color":""},"content_position":"middle","margin":{"unit":"%","top":"8","right":0,"bottom":"0","left":0,"isLinked":false},"margin_tablet":{"unit":"%","top":"15","right":0,"bottom":"0","left":0,"isLinked":false},"margin_mobile":{"unit":"%","top":"20","right":0,"bottom":"0","left":0,"isLinked":false},"_title":"Menu 2","content_width":"full","_element_id":"smoothies","reverse_order_tablet":"reverse-tablet","reverse_order_mobile":"reverse-mobile","flex_direction":"row","flex_align_items":"center","flex_gap_tablet":{"column":"0","row":"80","isLinked":false,"unit":"px","size":0},"flex_gap_mobile":{"column":"0","row":"50","isLinked":false,"unit":"px","size":0},"flex_wrap_tablet":"wrap"},"elements":[{"id":"59078679","settings":{"_column_size":50,"width":{"size":45,"unit":"%"},"flex_gap":{"size":0,"column":"0","row":"0","unit":"px"},"margin":{"unit":"%","top":"0","right":"10","bottom":"0","left":"0","isLinked":false},"margin_tablet":{"unit":"%","top":"0","right":"0","bottom":"0","left":"0","isLinked":false},"margin_mobile":{"unit":"%","top":"","right":"","bottom":"","left":"","isLinked":true},"padding":{"unit":"%","top":"","right":"","bottom":"","left":"","isLinked":true},"padding_tablet":{"unit":"%","top":"","right":"","bottom":"","left":"","isLinked":true},"padding_mobile":{"unit":"%","top":"","right":"","bottom":"","left":"","isLinked":true},"width_tablet":{"size":100,"unit":"%"},"content_width":"full","_flex_order_tablet":"end"},"elements":[{"id":"63730eb0","settings":{"image":{"url":"https:\/\/library.elementor.com\/juice-bar-flexbox\/wp-content\/uploads\/sites\/206\/2022\/04\/MenuPage-Menu_2.jpg","id":1312,"alt":"","source":"library"},"image_size":"full","image_border_border":"solid","image_border_width":{"unit":"px","top":"6","right":"6","bottom":"6","left":"6","isLinked":true},"image_border_radius":{"unit":"%","top":"50","right":"50","bottom":"50","left":"50","isLinked":true},"__globals__":{"image_border_color":"globals\/colors?id=eaa2dbc"},"align":"center","image_border_radius_tablet":{"unit":"%","top":"","right":"","bottom":"","left":"","isLinked":true},"image_border_radius_mobile":{"unit":"%","top":"","right":"","bottom":"","left":"","isLinked":true},"image_box_shadow_box_shadow_type":"yes","image_box_shadow_box_shadow":{"horizontal":-50,"vertical":0,"blur":0,"spread":0,"color":"#F47B4A"},"align_tablet":"center","width_tablet":{"unit":"%","size":60,"sizes":[]},"width_mobile":{"unit":"%","size":80,"sizes":[]},"_margin_mobile":{"unit":"%","top":"","right":"","bottom":"","left":"","isLinked":true},"_padding_mobile":{"unit":"%","top":"","right":"","bottom":"","left":"","isLinked":true},"_animation":"rotateInDownLeft","_padding":{"unit":"px","top":"0","right":"0","bottom":"0","left":"50","isLinked":false}},"elements":[],"isInner":false,"widgetType":"image","elType":"widget"}],"isInner":true,"elType":"container"},{"id":"3e3be98e","settings":{"_column_size":50,"width":{"size":55,"unit":"%"},"flex_gap":{"size":null,"column":"","row":"","unit":"px","isLinked":true},"margin":{"unit":"%","top":"","right":"","bottom":"","left":"","isLinked":true},"margin_tablet":{"unit":"%","top":"","right":"","bottom":"","left":"","isLinked":true},"margin_mobile":{"unit":"%","top":"","right":"","bottom":"","left":"","isLinked":true},"width_tablet":{"size":100,"unit":"%"},"background_background":"classic","border_radius":{"unit":"px","top":"33","right":"33","bottom":"33","left":"33","isLinked":true},"padding":{"unit":"%","top":"5","right":"5","bottom":"5","left":"5","isLinked":true},"padding_tablet":{"unit":"%","top":"","right":"","bottom":"","left":"","isLinked":true},"padding_mobile":{"unit":"%","top":"8","right":"8","bottom":"8","left":"8","isLinked":true},"__globals__":{"background_color":"globals\/colors?id=21ebaa4"},"flex_gap_mobile":{"size":15,"column":"15","row":"15","unit":"px"},"content_width":"full","flex_direction":"column"},"elements":[{"id":"36639852","settings":{"title":"Smoothies - 24 oz","__globals__":{"title_color":"globals\/colors?id=primary","typography_typography":"globals\/typography?id=secondary"}},"elements":[],"isInner":false,"widgetType":"heading","elType":"widget"},{"id":"56fa11b3","settings":{"editor":"<p>Boost your immune system and refresh your mind &amp; body with our delicious, nutritious smoothies.<\/p>","_padding":{"unit":"%","top":"0","right":"15","bottom":"0","left":"0","isLinked":false},"_padding_tablet":{"unit":"%","top":"","right":"","bottom":"","left":"","isLinked":true},"_padding_mobile":{"unit":"%","top":"0","right":"0","bottom":"0","left":"0","isLinked":false},"_margin":{"unit":"%","top":"0","right":"0","bottom":"8","left":"0","isLinked":false},"_margin_tablet":{"unit":"%","top":"","right":"","bottom":"","left":"","isLinked":true},"_margin_mobile":{"unit":"%","top":"","right":"","bottom":"","left":"","isLinked":true}},"elements":[],"isInner":false,"widgetType":"text-editor","elType":"widget"},{"id":"23f3d4dc","settings":{"selected_icon":{"value":"","library":""},"title_text":"Strawberry Banana Dream","description_text":"Strawberries, banana, almond milk - $9","text_align":"left","description_color":"#E9612C","description_typography_typography":"custom","description_typography_font_family":"Poppins","description_typography_font_size":{"unit":"px","size":16,"sizes":[]},"description_typography_font_size_tablet":{"unit":"px","size":14,"sizes":[]},"description_typography_font_size_mobile":{"unit":"px","size":12,"sizes":[]},"description_typography_font_weight":"400","description_typography_text_transform":"capitalize","description_typography_font_style":"normal","description_typography_text_decoration":"none","description_typography_line_height":{"unit":"em","size":1.5,"sizes":[]},"description_typography_letter_spacing":{"unit":"px","size":0,"sizes":[]},"description_typography_word_spacing":{"unit":"em","size":0,"sizes":[]},"__globals__":{"title_typography_typography":"globals\/typography?id=9f4037e","description_typography_typography":"globals\/typography?id=cac005e","description_color":"globals\/colors?id=primary"},"title_bottom_space_mobile":{"unit":"px","size":5,"sizes":[]}},"elements":[],"isInner":false,"widgetType":"icon-box","elType":"widget"},{"id":"1b71f331","settings":{"selected_icon":{"value":"","library":""},"title_text":"Berry Berry Munch","description_text":"Mixed berries, greek yogurt, apple juice - $10","text_align":"left","description_color":"#E9612C","description_typography_typography":"custom","description_typography_font_family":"Poppins","description_typography_font_size":{"unit":"px","size":16,"sizes":[]},"description_typography_font_size_tablet":{"unit":"px","size":14,"sizes":[]},"description_typography_font_size_mobile":{"unit":"px","size":12,"sizes":[]},"description_typography_font_weight":"400","description_typography_text_transform":"capitalize","description_typography_font_style":"normal","description_typography_text_decoration":"none","description_typography_line_height":{"unit":"em","size":1.5,"sizes":[]},"description_typography_letter_spacing":{"unit":"px","size":0,"sizes":[]},"description_typography_word_spacing":{"unit":"em","size":0,"sizes":[]},"__globals__":{"title_typography_typography":"globals\/typography?id=9f4037e","description_typography_typography":"globals\/typography?id=cac005e","description_color":"globals\/colors?id=primary"},"title_bottom_space_mobile":{"unit":"px","size":5,"sizes":[]}},"elements":[],"isInner":false,"widgetType":"icon-box","elType":"widget"},{"id":"186efe8e","settings":{"selected_icon":{"value":"","library":""},"title_text":"Yummy Melon Mix","description_text":"Cantaloupe, galia melon, banana, almond milk - $9","text_align":"left","description_color":"#E9612C","description_typography_typography":"custom","description_typography_font_family":"Poppins","description_typography_font_size":{"unit":"px","size":16,"sizes":[]},"description_typography_font_size_tablet":{"unit":"px","size":14,"sizes":[]},"description_typography_font_size_mobile":{"unit":"px","size":12,"sizes":[]},"description_typography_font_weight":"400","description_typography_text_transform":"capitalize","description_typography_font_style":"normal","description_typography_text_decoration":"none","description_typography_line_height":{"unit":"em","size":1.5,"sizes":[]},"description_typography_letter_spacing":{"unit":"px","size":0,"sizes":[]},"description_typography_word_spacing":{"unit":"em","size":0,"sizes":[]},"__globals__":{"title_typography_typography":"globals\/typography?id=9f4037e","description_typography_typography":"globals\/typography?id=cac005e","description_color":"globals\/colors?id=primary"},"title_bottom_space_mobile":{"unit":"px","size":5,"sizes":[]}},"elements":[],"isInner":false,"widgetType":"icon-box","elType":"widget"},{"id":"34eb3542","settings":{"selected_icon":{"value":"","library":""},"title_text":"Peanut Butter Cup","description_text":"Banana, peanut butter, almond milk - $10","text_align":"left","description_color":"#E9612C","description_typography_typography":"custom","description_typography_font_family":"Poppins","description_typography_font_size":{"unit":"px","size":16,"sizes":[]},"description_typography_font_size_tablet":{"unit":"px","size":14,"sizes":[]},"description_typography_font_size_mobile":{"unit":"px","size":12,"sizes":[]},"description_typography_font_weight":"400","description_typography_text_transform":"capitalize","description_typography_font_style":"normal","description_typography_text_decoration":"none","description_typography_line_height":{"unit":"em","size":1.5,"sizes":[]},"description_typography_letter_spacing":{"unit":"px","size":0,"sizes":[]},"description_typography_word_spacing":{"unit":"em","size":0,"sizes":[]},"__globals__":{"title_typography_typography":"globals\/typography?id=9f4037e","description_typography_typography":"globals\/typography?id=cac005e","description_color":"globals\/colors?id=primary"},"title_bottom_space_mobile":{"unit":"px","size":5,"sizes":[]}},"elements":[],"isInner":false,"widgetType":"icon-box","elType":"widget"},{"id":"70dbf7aa","settings":{"selected_icon":{"value":"","library":""},"title_text":"Almond Butter Love","description_text":"Banana, almond butter, coconut milk - $10","text_align":"left","description_color":"#E9612C","description_typography_typography":"custom","description_typography_font_family":"Poppins","description_typography_font_size":{"unit":"px","size":16,"sizes":[]},"description_typography_font_size_tablet":{"unit":"px","size":14,"sizes":[]},"description_typography_font_size_mobile":{"unit":"px","size":12,"sizes":[]},"description_typography_font_weight":"400","description_typography_text_transform":"capitalize","description_typography_font_style":"normal","description_typography_text_decoration":"none","description_typography_line_height":{"unit":"em","size":1.5,"sizes":[]},"description_typography_letter_spacing":{"unit":"px","size":0,"sizes":[]},"description_typography_word_spacing":{"unit":"em","size":0,"sizes":[]},"__globals__":{"title_typography_typography":"globals\/typography?id=9f4037e","description_typography_typography":"globals\/typography?id=cac005e","description_color":"globals\/colors?id=primary"},"title_bottom_space_mobile":{"unit":"px","size":5,"sizes":[]}},"elements":[],"isInner":false,"widgetType":"icon-box","elType":"widget"},{"id":"40cb1f50","settings":{"selected_icon":{"value":"","library":""},"title_text":"Cocoa for Coffee","description_text":"Coffee, dates, milk, almonds, cocoa - $11","text_align":"left","description_color":"#E9612C","description_typography_typography":"custom","description_typography_font_family":"Poppins","description_typography_font_size":{"unit":"px","size":16,"sizes":[]},"description_typography_font_size_tablet":{"unit":"px","size":14,"sizes":[]},"description_typography_font_size_mobile":{"unit":"px","size":12,"sizes":[]},"description_typography_font_weight":"400","description_typography_text_transform":"capitalize","description_typography_font_style":"normal","description_typography_text_decoration":"none","description_typography_line_height":{"unit":"em","size":1.5,"sizes":[]},"description_typography_letter_spacing":{"unit":"px","size":0,"sizes":[]},"description_typography_word_spacing":{"unit":"em","size":0,"sizes":[]},"__globals__":{"title_typography_typography":"globals\/typography?id=9f4037e","description_typography_typography":"globals\/typography?id=cac005e","description_color":"globals\/colors?id=primary"},"title_bottom_space_mobile":{"unit":"px","size":5,"sizes":[]}},"elements":[],"isInner":false,"widgetType":"icon-box","elType":"widget"},{"id":"25a41366","settings":{"selected_icon":{"value":"","library":""},"title_text":"The Green Queen","description_text":"Spinach, banana, apple, avocado, milk - $10","text_align":"left","description_color":"#E9612C","description_typography_typography":"custom","description_typography_font_family":"Poppins","description_typography_font_size":{"unit":"px","size":16,"sizes":[]},"description_typography_font_size_tablet":{"unit":"px","size":14,"sizes":[]},"description_typography_font_size_mobile":{"unit":"px","size":12,"sizes":[]},"description_typography_font_weight":"400","description_typography_text_transform":"capitalize","description_typography_font_style":"normal","description_typography_text_decoration":"none","description_typography_line_height":{"unit":"em","size":1.5,"sizes":[]},"description_typography_letter_spacing":{"unit":"px","size":0,"sizes":[]},"description_typography_word_spacing":{"unit":"em","size":0,"sizes":[]},"__globals__":{"title_typography_typography":"globals\/typography?id=9f4037e","description_typography_typography":"globals\/typography?id=cac005e","description_color":"globals\/colors?id=primary"},"title_bottom_space_mobile":{"unit":"px","size":5,"sizes":[]}},"elements":[],"isInner":false,"widgetType":"icon-box","elType":"widget"}],"isInner":true,"elType":"container"}],"isInner":false,"elType":"container"},{"id":"40b9cafb","settings":{"flex_gap":{"size":0,"column":"0","row":"0","unit":"px"},"structure":"20","padding":{"unit":"%","top":"0","right":"2","bottom":"0","left":"2","isLinked":false},"padding_tablet":{"unit":"%","top":"0","right":"5","bottom":"0","left":"5","isLinked":false},"padding_mobile":{"unit":"%","top":"0","right":"5","bottom":"0","left":"5","isLinked":false},"__globals__":{"background_color":""},"content_position":"middle","margin":{"unit":"%","top":"8","right":0,"bottom":"0","left":0,"isLinked":false},"margin_tablet":{"unit":"%","top":"15","right":0,"bottom":"0","left":0,"isLinked":false},"margin_mobile":{"unit":"%","top":"20","right":0,"bottom":"0","left":0,"isLinked":false},"_title":"Menu 3","content_width":"full","_element_id":"wellness_shots","flex_direction":"row","flex_align_items":"center","flex_gap_tablet":{"column":"0","row":"80","isLinked":false,"unit":"px","size":0},"flex_gap_mobile":{"column":"0","row":"50","isLinked":false,"unit":"px","size":0},"flex_wrap_tablet":"wrap"},"elements":[{"id":"5b3ba92","settings":{"_column_size":50,"width":{"size":55,"unit":"%"},"flex_gap":{"size":null,"column":"","row":"","unit":"px","isLinked":true},"margin":{"unit":"%","top":"","right":"","bottom":"","left":"","isLinked":true},"margin_tablet":{"unit":"%","top":"","right":"","bottom":"","left":"","isLinked":true},"margin_mobile":{"unit":"%","top":"","right":"","bottom":"","left":"","isLinked":true},"width_tablet":{"size":100,"unit":"%"},"background_background":"classic","border_radius":{"unit":"px","top":"33","right":"33","bottom":"33","left":"33","isLinked":true},"padding":{"unit":"%","top":"5","right":"5","bottom":"5","left":"5","isLinked":true},"padding_tablet":{"unit":"%","top":"","right":"","bottom":"","left":"","isLinked":true},"padding_mobile":{"unit":"%","top":"8","right":"8","bottom":"8","left":"8","isLinked":true},"__globals__":{"background_color":"globals\/colors?id=21ebaa4"},"flex_gap_mobile":{"size":15,"column":"15","row":"15","unit":"px"},"content_width":"full","flex_direction":"column"},"elements":[{"id":"2b3bcd1d","settings":{"title":"wellness shots - 8 oz ","__globals__":{"title_color":"globals\/colors?id=primary","typography_typography":"globals\/typography?id=secondary"}},"elements":[],"isInner":false,"widgetType":"heading","elType":"widget"},{"id":"4405b86e","settings":{"editor":"<p>Boost your immune system and refresh your mind &amp; body with our delicious, nutritious wellness shots.<\/p>","_padding":{"unit":"%","top":"0","right":"15","bottom":"0","left":"0","isLinked":false},"_padding_tablet":{"unit":"%","top":"","right":"","bottom":"","left":"","isLinked":true},"_padding_mobile":{"unit":"%","top":"0","right":"0","bottom":"0","left":"0","isLinked":false},"_margin":{"unit":"%","top":"0","right":"0","bottom":"8","left":"0","isLinked":false},"_margin_tablet":{"unit":"%","top":"","right":"","bottom":"","left":"","isLinked":true},"_margin_mobile":{"unit":"%","top":"","right":"","bottom":"","left":"","isLinked":true}},"elements":[],"isInner":false,"widgetType":"text-editor","elType":"widget"},{"id":"59345939","settings":{"selected_icon":{"value":"","library":""},"title_text":"Boost it up","description_text":"Ginger, lemon, cayenne - $8","text_align":"left","description_color":"#E9612C","description_typography_typography":"custom","description_typography_font_family":"Poppins","description_typography_font_size":{"unit":"px","size":16,"sizes":[]},"description_typography_font_size_tablet":{"unit":"px","size":14,"sizes":[]},"description_typography_font_size_mobile":{"unit":"px","size":12,"sizes":[]},"description_typography_font_weight":"400","description_typography_text_transform":"capitalize","description_typography_font_style":"normal","description_typography_text_decoration":"none","description_typography_line_height":{"unit":"em","size":1.5,"sizes":[]},"description_typography_letter_spacing":{"unit":"px","size":0,"sizes":[]},"description_typography_word_spacing":{"unit":"em","size":0,"sizes":[]},"__globals__":{"title_typography_typography":"globals\/typography?id=9f4037e","description_typography_typography":"globals\/typography?id=cac005e","description_color":"globals\/colors?id=primary"},"title_bottom_space_mobile":{"unit":"px","size":5,"sizes":[]}},"elements":[],"isInner":false,"widgetType":"icon-box","elType":"widget"},{"id":"43acaa22","settings":{"selected_icon":{"value":"","library":""},"title_text":"House of Ginger","description_text":"Apple, lemon, ginger, turmeric - $8","text_align":"left","description_color":"#E9612C","description_typography_typography":"custom","description_typography_font_family":"Poppins","description_typography_font_size":{"unit":"px","size":16,"sizes":[]},"description_typography_font_size_tablet":{"unit":"px","size":14,"sizes":[]},"description_typography_font_size_mobile":{"unit":"px","size":12,"sizes":[]},"description_typography_font_weight":"400","description_typography_text_transform":"capitalize","description_typography_font_style":"normal","description_typography_text_decoration":"none","description_typography_line_height":{"unit":"em","size":1.5,"sizes":[]},"description_typography_letter_spacing":{"unit":"px","size":0,"sizes":[]},"description_typography_word_spacing":{"unit":"em","size":0,"sizes":[]},"__globals__":{"title_typography_typography":"globals\/typography?id=9f4037e","description_typography_typography":"globals\/typography?id=cac005e","description_color":"globals\/colors?id=primary"},"title_bottom_space_mobile":{"unit":"px","size":5,"sizes":[]}},"elements":[],"isInner":false,"widgetType":"icon-box","elType":"widget"},{"id":"49e6dd18","settings":{"selected_icon":{"value":"","library":""},"title_text":"Beet to the Beat","description_text":"Beet, pineapple, carrot, lemon - $9","text_align":"left","description_color":"#E9612C","description_typography_typography":"custom","description_typography_font_family":"Poppins","description_typography_font_size":{"unit":"px","size":16,"sizes":[]},"description_typography_font_size_tablet":{"unit":"px","size":14,"sizes":[]},"description_typography_font_size_mobile":{"unit":"px","size":12,"sizes":[]},"description_typography_font_weight":"400","description_typography_text_transform":"capitalize","description_typography_font_style":"normal","description_typography_text_decoration":"none","description_typography_line_height":{"unit":"em","size":1.5,"sizes":[]},"description_typography_letter_spacing":{"unit":"px","size":0,"sizes":[]},"description_typography_word_spacing":{"unit":"em","size":0,"sizes":[]},"__globals__":{"title_typography_typography":"globals\/typography?id=9f4037e","description_typography_typography":"globals\/typography?id=cac005e","description_color":"globals\/colors?id=primary"},"title_bottom_space_mobile":{"unit":"px","size":5,"sizes":[]}},"elements":[],"isInner":false,"widgetType":"icon-box","elType":"widget"},{"id":"7ef2c8c6","settings":{"selected_icon":{"value":"","library":""},"title_text":"Grateful Graprefruit","description_text":"Grapefruit, mint, strawberry, ginger - $7","text_align":"left","description_color":"#E9612C","description_typography_typography":"custom","description_typography_font_family":"Poppins","description_typography_font_size":{"unit":"px","size":16,"sizes":[]},"description_typography_font_size_tablet":{"unit":"px","size":14,"sizes":[]},"description_typography_font_size_mobile":{"unit":"px","size":12,"sizes":[]},"description_typography_font_weight":"400","description_typography_text_transform":"capitalize","description_typography_font_style":"normal","description_typography_text_decoration":"none","description_typography_line_height":{"unit":"em","size":1.5,"sizes":[]},"description_typography_letter_spacing":{"unit":"px","size":0,"sizes":[]},"description_typography_word_spacing":{"unit":"em","size":0,"sizes":[]},"__globals__":{"title_typography_typography":"globals\/typography?id=9f4037e","description_typography_typography":"globals\/typography?id=cac005e","description_color":"globals\/colors?id=primary"},"title_bottom_space_mobile":{"unit":"px","size":5,"sizes":[]}},"elements":[],"isInner":false,"widgetType":"icon-box","elType":"widget"},{"id":"3fb0f2ee","settings":{"selected_icon":{"value":"","library":""},"title_text":"Straight Wheetgrass","description_text":"Wheetgrass - $10","text_align":"left","description_color":"#E9612C","description_typography_typography":"custom","description_typography_font_family":"Poppins","description_typography_font_size":{"unit":"px","size":16,"sizes":[]},"description_typography_font_size_tablet":{"unit":"px","size":14,"sizes":[]},"description_typography_font_size_mobile":{"unit":"px","size":12,"sizes":[]},"description_typography_font_weight":"400","description_typography_text_transform":"capitalize","description_typography_font_style":"normal","description_typography_text_decoration":"none","description_typography_line_height":{"unit":"em","size":1.5,"sizes":[]},"description_typography_letter_spacing":{"unit":"px","size":0,"sizes":[]},"description_typography_word_spacing":{"unit":"em","size":0,"sizes":[]},"__globals__":{"title_typography_typography":"globals\/typography?id=9f4037e","description_typography_typography":"globals\/typography?id=cac005e","description_color":"globals\/colors?id=primary"},"title_bottom_space_mobile":{"unit":"px","size":5,"sizes":[]}},"elements":[],"isInner":false,"widgetType":"icon-box","elType":"widget"},{"id":"3a8b35e0","settings":{"selected_icon":{"value":"","library":""},"title_text":"Cure Me Please","description_text":"Celery, apple, lemon, ginger, cayenne - $10","text_align":"left","description_color":"#E9612C","description_typography_typography":"custom","description_typography_font_family":"Poppins","description_typography_font_size":{"unit":"px","size":16,"sizes":[]},"description_typography_font_size_tablet":{"unit":"px","size":14,"sizes":[]},"description_typography_font_size_mobile":{"unit":"px","size":12,"sizes":[]},"description_typography_font_weight":"400","description_typography_text_transform":"capitalize","description_typography_font_style":"normal","description_typography_text_decoration":"none","description_typography_line_height":{"unit":"em","size":1.5,"sizes":[]},"description_typography_letter_spacing":{"unit":"px","size":0,"sizes":[]},"description_typography_word_spacing":{"unit":"em","size":0,"sizes":[]},"__globals__":{"title_typography_typography":"globals\/typography?id=9f4037e","description_typography_typography":"globals\/typography?id=cac005e","description_color":"globals\/colors?id=primary"},"title_bottom_space_mobile":{"unit":"px","size":5,"sizes":[]}},"elements":[],"isInner":false,"widgetType":"icon-box","elType":"widget"},{"id":"5f7b1c0b","settings":{"selected_icon":{"value":"","library":""},"title_text":"Apple cider vinegar mix","description_text":"Apple cider vinegar, ginger, cinnamon, honey - $9","text_align":"left","description_color":"#E9612C","description_typography_typography":"custom","description_typography_font_family":"Poppins","description_typography_font_size":{"unit":"px","size":16,"sizes":[]},"description_typography_font_size_tablet":{"unit":"px","size":14,"sizes":[]},"description_typography_font_size_mobile":{"unit":"px","size":12,"sizes":[]},"description_typography_font_weight":"400","description_typography_text_transform":"capitalize","description_typography_font_style":"normal","description_typography_text_decoration":"none","description_typography_line_height":{"unit":"em","size":1.5,"sizes":[]},"description_typography_letter_spacing":{"unit":"px","size":0,"sizes":[]},"description_typography_word_spacing":{"unit":"em","size":0,"sizes":[]},"__globals__":{"title_typography_typography":"globals\/typography?id=9f4037e","description_typography_typography":"globals\/typography?id=cac005e","description_color":"globals\/colors?id=primary"},"title_bottom_space_mobile":{"unit":"px","size":5,"sizes":[]}},"elements":[],"isInner":false,"widgetType":"icon-box","elType":"widget"}],"isInner":true,"elType":"container"},{"id":"7760ea25","settings":{"_column_size":50,"width":{"size":45,"unit":"%"},"flex_gap":{"size":0,"column":"0","row":"0","unit":"px"},"margin":{"unit":"%","top":"0","right":"0","bottom":"0","left":"10","isLinked":false},"margin_tablet":{"unit":"%","top":"0","right":"0","bottom":"0","left":"0","isLinked":false},"margin_mobile":{"unit":"%","top":"","right":"","bottom":"","left":"","isLinked":true},"padding":{"unit":"%","top":"","right":"","bottom":"","left":"","isLinked":true},"padding_tablet":{"unit":"%","top":"","right":"","bottom":"","left":"","isLinked":true},"padding_mobile":{"unit":"%","top":"","right":"","bottom":"","left":"","isLinked":true},"width_tablet":{"size":100,"unit":"%"},"content_width":"full"},"elements":[{"id":"55c3e1ac","settings":{"image":{"url":"https:\/\/library.elementor.com\/juice-bar-flexbox\/wp-content\/uploads\/sites\/206\/2022\/04\/MenuPage-Menu_3.jpg","id":1316,"alt":"","source":"library"},"image_size":"full","image_border_border":"solid","image_border_width":{"unit":"px","top":"6","right":"6","bottom":"6","left":"6","isLinked":true},"image_border_radius":{"unit":"%","top":"50","right":"50","bottom":"50","left":"50","isLinked":true},"__globals__":{"image_border_color":"globals\/colors?id=eaa2dbc"},"align":"left","image_border_radius_tablet":{"unit":"%","top":"","right":"","bottom":"","left":"","isLinked":true},"image_border_radius_mobile":{"unit":"%","top":"","right":"","bottom":"","left":"","isLinked":true},"image_box_shadow_box_shadow_type":"yes","image_box_shadow_box_shadow":{"horizontal":0,"vertical":50,"blur":0,"spread":0,"color":"#F47B4A"},"align_tablet":"center","width_tablet":{"unit":"%","size":80,"sizes":[]},"_margin_mobile":{"unit":"%","top":"","right":"","bottom":"","left":"","isLinked":true},"_padding_mobile":{"unit":"%","top":"","right":"","bottom":"","left":"","isLinked":true},"_animation":"rotateInDownRight"},"elements":[],"isInner":false,"widgetType":"image","elType":"widget"}],"isInner":true,"elType":"container"}],"isInner":false,"elType":"container"},{"id":"ca14fa7","settings":{"content_width":"full","flex_gap":{"size":0,"column":"0","row":"0","unit":"px"},"structure":"40","background_background":"classic","padding":{"unit":"%","top":"3","right":"2","bottom":"3","left":"2","isLinked":false},"padding_tablet":{"unit":"%","top":"","right":"","bottom":"","left":"","isLinked":true},"padding_mobile":{"unit":"%","top":"20","right":"5","bottom":"20","left":"5","isLinked":false},"__globals__":{"background_color":"globals\/colors?id=d202595"},"_title":"Services","flex_direction":"row","flex_align_items":"stretch","flex_justify_content":"center","flex_gap_mobile":{"column":"0","row":"50","isLinked":false,"unit":"px","size":0},"margin":{"unit":"%","top":"8","right":"0","bottom":"0","left":"0","isLinked":false},"margin_tablet":{"unit":"%","top":"","right":"","bottom":"","left":"","isLinked":true},"margin_mobile":{"unit":"%","top":"","right":"","bottom":"","left":"","isLinked":true}},"elements":[{"id":"53dc7230","settings":{"_column_size":25,"width":{"size":null,"unit":"%"},"width_mobile":{"size":50,"unit":"%"},"margin_mobile":{"unit":"%","top":"","right":"","bottom":"","left":"","isLinked":true},"animation":"slideInUp","content_width":"full"},"elements":[{"id":"32e826d","settings":{"selected_icon":{"value":{"url":"https:\/\/library.elementor.com\/juice-bar-flexbox\/wp-content\/uploads\/sites\/206\/2022\/03\/HomePage-Services-Icon_1.svg","id":1051},"library":"svg"},"title_text":"100% organic","description_text":"","title_size":"h4","primary_color":"#FCE4F7","icon_size":{"unit":"px","size":110,"sizes":[]},"text_align":"center","title_color":"#FCE4F7","__globals__":{"primary_color":"globals\/colors?id=9182bce","title_color":"globals\/colors?id=9182bce","title_typography_typography":"globals\/typography?id=777294c"},"title_bottom_space":{"unit":"px","size":0,"sizes":[]},"icon_size_tablet":{"unit":"px","size":80,"sizes":[]},"icon_size_mobile":{"unit":"px","size":60,"sizes":[]}},"elements":[],"isInner":false,"widgetType":"icon-box","elType":"widget"}],"isInner":true,"elType":"container"},{"id":"15b472d3","settings":{"_column_size":25,"width":{"size":null,"unit":"%"},"width_mobile":{"size":50,"unit":"%"},"margin_mobile":{"unit":"%","top":"","right":"","bottom":"","left":"","isLinked":true},"animation":"slideInUp","animation_delay":100,"content_width":"full"},"elements":[{"id":"71fb3e39","settings":{"selected_icon":{"value":{"url":"https:\/\/library.elementor.com\/juice-bar-flexbox\/wp-content\/uploads\/sites\/206\/2022\/03\/HomePage-Services-Icon_2.svg","id":1056},"library":"svg"},"title_text":"locally grown","description_text":"","title_size":"h4","primary_color":"#FCE4F7","icon_size":{"unit":"px","size":110,"sizes":[]},"text_align":"center","title_color":"#FCE4F7","__globals__":{"primary_color":"globals\/colors?id=9182bce","title_color":"globals\/colors?id=9182bce","title_typography_typography":"globals\/typography?id=777294c"},"title_bottom_space":{"unit":"px","size":0,"sizes":[]},"icon_size_tablet":{"unit":"px","size":80,"sizes":[]},"icon_size_mobile":{"unit":"px","size":60,"sizes":[]}},"elements":[],"isInner":false,"widgetType":"icon-box","elType":"widget"}],"isInner":true,"elType":"container"},{"id":"296d48e4","settings":{"_column_size":25,"width":{"size":null,"unit":"%"},"width_mobile":{"size":50,"unit":"%"},"margin_mobile":{"unit":"%","top":"","right":"","bottom":"","left":"","isLinked":true},"animation":"slideInUp","animation_delay":200,"content_width":"full"},"elements":[{"id":"3a8d5bdf","settings":{"selected_icon":{"value":{"url":"https:\/\/library.elementor.com\/juice-bar-flexbox\/wp-content\/uploads\/sites\/206\/2022\/03\/HomePage-Services-Icon_3.svg","id":1057},"library":"svg"},"title_text":"Nutrient Dense","description_text":"","title_size":"h4","primary_color":"#FCE4F7","icon_size":{"unit":"px","size":110,"sizes":[]},"text_align":"center","title_color":"#FCE4F7","__globals__":{"primary_color":"globals\/colors?id=9182bce","title_color":"globals\/colors?id=9182bce","title_typography_typography":"globals\/typography?id=777294c"},"title_bottom_space":{"unit":"px","size":0,"sizes":[]},"icon_size_tablet":{"unit":"px","size":80,"sizes":[]},"icon_size_mobile":{"unit":"px","size":60,"sizes":[]}},"elements":[],"isInner":false,"widgetType":"icon-box","elType":"widget"}],"isInner":true,"elType":"container"},{"id":"66bc54ac","settings":{"_column_size":25,"width":{"size":null,"unit":"%"},"width_mobile":{"size":50,"unit":"%"},"margin_mobile":{"unit":"%","top":"","right":"","bottom":"","left":"","isLinked":true},"animation":"slideInUp","animation_delay":300,"content_width":"full"},"elements":[{"id":"6679f6f7","settings":{"selected_icon":{"value":{"url":"https:\/\/library.elementor.com\/juice-bar-flexbox\/wp-content\/uploads\/sites\/206\/2022\/03\/HomePage-Services-Icon_4.svg","id":1058},"library":"svg"},"title_text":"pressed daily","description_text":"","title_size":"h4","primary_color":"#FCE4F7","icon_size":{"unit":"px","size":110,"sizes":[]},"text_align":"center","title_color":"#FCE4F7","__globals__":{"primary_color":"globals\/colors?id=9182bce","title_color":"globals\/colors?id=9182bce","title_typography_typography":"globals\/typography?id=777294c"},"title_bottom_space":{"unit":"px","size":0,"sizes":[]},"icon_size_tablet":{"unit":"px","size":80,"sizes":[]},"icon_size_mobile":{"unit":"px","size":60,"sizes":[]}},"elements":[],"isInner":false,"widgetType":"icon-box","elType":"widget"}],"isInner":true,"elType":"container"}],"isInner":false,"elType":"container"},{"id":"3eb88094","settings":{"content_width":"full","flex_gap":{"size":0,"column":"0","row":"80","unit":"px"},"background_background":"classic","padding":{"unit":"%","top":"8","right":"2","bottom":"8","left":"2","isLinked":false},"padding_tablet":{"unit":"%","top":"","right":"","bottom":"","left":"","isLinked":true},"padding_mobile":{"unit":"%","top":"20","right":"5","bottom":"20","left":"5","isLinked":false},"__globals__":{"background_color":"globals\/colors?id=9182bce"},"_title":"Testimonials","margin_tablet":{"unit":"%","top":"","right":"","bottom":"","left":"","isLinked":true},"margin_mobile":{"unit":"%","top":"","right":"","bottom":"","left":"","isLinked":true},"margin":{"unit":"%","top":"","right":"","bottom":"","left":"","isLinked":true},"flex_direction":"column","flex_align_items":"stretch","flex_gap_tablet":{"column":"0","row":"50","isLinked":false,"unit":"px","size":0}},"elements":[{"id":"1e6501c3","settings":{"title":"Feel the juicy love","align":"center"},"elements":[],"isInner":false,"widgetType":"heading","elType":"widget"},{"id":"137f7d20","settings":{"content_width":"full","flex_gap":{"size":15,"column":"15","row":"0","unit":"%"},"structure":"30","flex_direction":"row","flex_align_items":"stretch","flex_gap_tablet":{"column":"3","row":"0","isLinked":false,"unit":"%","size":3},"flex_gap_mobile":{"column":"0","row":"50","isLinked":false,"unit":"px","size":0}},"elements":[{"id":"7f738d55","settings":{"_column_size":33,"width":{"size":null,"unit":"%"},"margin":{"unit":"%","top":"","right":"","bottom":"","left":"","isLinked":true},"margin_tablet":{"unit":"%","top":"","right":"","bottom":"","left":"","isLinked":true},"margin_mobile":{"unit":"%","top":"","right":"","bottom":"","left":"","isLinked":true},"animation":"slideInUp","content_width":"full"},"elements":[{"id":"5a5c6cb1","settings":{"star_style":"star_unicode","align":"center","icon_size":{"unit":"px","size":20,"sizes":[]},"icon_space":{"unit":"px","size":8,"sizes":[]},"__globals__":{"stars_color":"globals\/colors?id=primary"},"icon_size_mobile":{"unit":"px","size":16,"sizes":[]},"icon_space_mobile":{"unit":"px","size":5,"sizes":[]}},"elements":[],"isInner":false,"widgetType":"star-rating","elType":"widget"},{"id":"5ecf54c","settings":{"testimonial_content":"\u201cI love this place!! Their smoothies are delicious, and the team is super friendly.\u201d","testimonial_image":{"url":"","id":""},"testimonial_name":"Sianna O.","testimonial_job":"","content_content_color":"#E9612C","__globals__":{"content_content_color":"globals\/colors?id=primary","name_typography_typography":"globals\/typography?id=d10746d"}},"elements":[],"isInner":false,"widgetType":"testimonial","elType":"widget"}],"isInner":true,"elType":"container"},{"id":"337a39a","settings":{"_column_size":33,"width":{"size":null,"unit":"%"},"margin":{"unit":"%","top":"","right":"","bottom":"","left":"","isLinked":true},"margin_tablet":{"unit":"%","top":"","right":"","bottom":"","left":"","isLinked":true},"margin_mobile":{"unit":"%","top":"","right":"","bottom":"","left":"","isLinked":true},"animation":"slideInUp","animation_delay":100,"content_width":"full"},"elements":[{"id":"625de8d4","settings":{"star_style":"star_unicode","align":"center","icon_size":{"unit":"px","size":20,"sizes":[]},"icon_space":{"unit":"px","size":8,"sizes":[]},"__globals__":{"stars_color":"globals\/colors?id=primary"},"icon_size_mobile":{"unit":"px","size":16,"sizes":[]},"icon_space_mobile":{"unit":"px","size":5,"sizes":[]}},"elements":[],"isInner":false,"widgetType":"star-rating","elType":"widget"},{"id":"7b6a2a64","settings":{"testimonial_content":"\u201cThere\u2019s no other way to start your day. I stop at Juiceito every morning!\u201d","testimonial_image":{"url":"","id":""},"testimonial_name":"Floyd B.","testimonial_job":"","content_content_color":"#E9612C","__globals__":{"content_content_color":"globals\/colors?id=primary","name_typography_typography":"globals\/typography?id=d10746d"}},"elements":[],"isInner":false,"widgetType":"testimonial","elType":"widget"}],"isInner":true,"elType":"container"},{"id":"817572e","settings":{"_column_size":33,"width":{"size":null,"unit":"%"},"margin":{"unit":"%","top":"","right":"","bottom":"","left":"","isLinked":true},"margin_tablet":{"unit":"%","top":"","right":"","bottom":"","left":"","isLinked":true},"margin_mobile":{"unit":"%","top":"","right":"","bottom":"","left":"","isLinked":true},"animation":"slideInUp","animation_delay":200,"content_width":"full"},"elements":[{"id":"1aa2aa0f","settings":{"star_style":"star_unicode","align":"center","icon_size":{"unit":"px","size":20,"sizes":[]},"icon_space":{"unit":"px","size":8,"sizes":[]},"__globals__":{"stars_color":"globals\/colors?id=primary"},"icon_size_mobile":{"unit":"px","size":16,"sizes":[]},"icon_space_mobile":{"unit":"px","size":5,"sizes":[]}},"elements":[],"isInner":false,"widgetType":"star-rating","elType":"widget"},{"id":"5249cbb8","settings":{"testimonial_content":"\u201cI\u2019m a health freak and I am obsessed with Juiceito\u2019s fresh and organic juices!\u201d","testimonial_image":{"url":"","id":""},"testimonial_name":"Kelsi S.","testimonial_job":"","content_content_color":"#E9612C","__globals__":{"content_content_color":"globals\/colors?id=primary","name_typography_typography":"globals\/typography?id=d10746d"}},"elements":[],"isInner":false,"widgetType":"testimonial","elType":"widget"}],"isInner":true,"elType":"container"}],"isInner":true,"elType":"container"}],"isInner":false,"elType":"container"}],"settings":{"template":"elementor_header_footer"},"metadata":[]}