{"content":[{"id":"70781971","settings":{"flex_gap":{"size":30,"column":"30","row":"30","unit":"px","isLinked":true},"padding":{"unit":"%","top":"8","right":"8","bottom":"8","left":"8","isLinked":false},"padding_tablet":{"unit":"%","top":"","right":"","bottom":"","left":"","isLinked":true},"padding_mobile":{"unit":"%","top":"20","right":"5","bottom":"20","left":"5","isLinked":false},"_title":"Hero","margin_mobile":{"unit":"%","top":"","right":0,"bottom":"","left":0,"isLinked":true},"background_background":"classic","__globals__":{"background_color":"globals\/colors?id=21ebaa4"},"boxed_width":{"unit":"px","size":1450,"sizes":[]},"flex_direction":"column","flex_align_items":"center"},"elements":[{"id":"14efda8","settings":{"title":"We\u2019d love to hear from you","align":"center","__globals__":{"title_color":"globals\/colors?id=primary"},"header_size":"h1","_padding":{"unit":"%","top":"0","right":"18","bottom":"0","left":"18","isLinked":false},"_padding_tablet":{"unit":"%","top":"0","right":"0","bottom":"0","left":"0","isLinked":false},"_padding_mobile":{"unit":"%","top":"","right":"","bottom":"","left":"","isLinked":true}},"elements":[],"isInner":false,"widgetType":"heading","elType":"widget"},{"id":"3977b750","settings":{"image":{"url":"https:\/\/library.elementor.com\/juice-bar-flexbox\/wp-content\/uploads\/sites\/206\/2022\/04\/AboutPage-Footer.jpg","id":1210,"alt":"","source":"library"},"image_size":"full","image_border_border":"solid","image_border_width":{"unit":"px","top":"6","right":"6","bottom":"6","left":"6","isLinked":true},"image_border_radius":{"unit":"%","top":"50","right":"50","bottom":"50","left":"50","isLinked":true},"image_border_radius_tablet":{"unit":"%","top":"","right":"","bottom":"","left":"","isLinked":true},"image_border_radius_mobile":{"unit":"%","top":"","right":"","bottom":"","left":"","isLinked":true},"__globals__":{"image_border_color":"globals\/colors?id=primary"},"image_border_width_mobile":{"unit":"px","top":"4","right":"4","bottom":"4","left":"4","isLinked":true},"animation_duration":"slow"},"elements":[],"isInner":false,"widgetType":"image","elType":"widget"},{"id":"419b0fd7","settings":{"width":{"unit":"px","size":520,"sizes":[]},"flex_gap":{"size":0,"column":"0","row":"0","unit":"px"},"flex_direction":"row","flex_align_items":"stretch","content_width":"full"},"elements":[{"id":"381c49b7","settings":{"_column_size":100,"width":{"size":null,"unit":"%"},"content_width":"full"},"elements":[{"id":"25d13e33","settings":{"selected_icon":{"value":"","library":""},"title_text":"Our Address","description_text":"252 Pike Street, San Diego, CA 92128","text_align":"center","description_color":"#E9612C","description_typography_typography":"custom","description_typography_font_family":"Poppins","description_typography_font_size":{"unit":"px","size":16,"sizes":[]},"description_typography_font_size_tablet":{"unit":"px","size":14,"sizes":[]},"description_typography_font_size_mobile":{"unit":"px","size":12,"sizes":[]},"description_typography_font_weight":"400","description_typography_text_transform":"capitalize","description_typography_font_style":"normal","description_typography_text_decoration":"none","description_typography_line_height":{"unit":"em","size":1.5,"sizes":[]},"description_typography_letter_spacing":{"unit":"px","size":0,"sizes":[]},"description_typography_word_spacing":{"unit":"em","size":0,"sizes":[]},"__globals__":{"title_typography_typography":"globals\/typography?id=9f4037e","description_typography_typography":"globals\/typography?id=cac005e","description_color":"globals\/colors?id=text"},"title_bottom_space_mobile":{"unit":"px","size":5,"sizes":[]}},"elements":[],"isInner":false,"widgetType":"icon-box","elType":"widget"},{"id":"30d2aa18","settings":{"selected_icon":{"value":"","library":""},"title_text":"Opening Hours","description_text":"Mon-Sat 8:00am - 6:00pm","text_align":"center","description_color":"#E9612C","description_typography_typography":"custom","description_typography_font_family":"Poppins","description_typography_font_size":{"unit":"px","size":16,"sizes":[]},"description_typography_font_size_tablet":{"unit":"px","size":14,"sizes":[]},"description_typography_font_size_mobile":{"unit":"px","size":12,"sizes":[]},"description_typography_font_weight":"400","description_typography_text_transform":"capitalize","description_typography_font_style":"normal","description_typography_text_decoration":"none","description_typography_line_height":{"unit":"em","size":1.5,"sizes":[]},"description_typography_letter_spacing":{"unit":"px","size":0,"sizes":[]},"description_typography_word_spacing":{"unit":"em","size":0,"sizes":[]},"__globals__":{"title_typography_typography":"globals\/typography?id=9f4037e","description_typography_typography":"globals\/typography?id=cac005e","description_color":"globals\/colors?id=text"},"title_bottom_space_mobile":{"unit":"px","size":5,"sizes":[]}},"elements":[],"isInner":false,"widgetType":"icon-box","elType":"widget"},{"id":"4ab06075","settings":{"selected_icon":{"value":"","library":""},"title_text":"Contact Info","description_text":"Phone: 619-935-5910<br>Email: info@juiceito.com","text_align":"center","description_color":"#E9612C","description_typography_typography":"custom","description_typography_font_family":"Poppins","description_typography_font_size":{"unit":"px","size":16,"sizes":[]},"description_typography_font_size_tablet":{"unit":"px","size":14,"sizes":[]},"description_typography_font_size_mobile":{"unit":"px","size":12,"sizes":[]},"description_typography_font_weight":"400","description_typography_text_transform":"capitalize","description_typography_font_style":"normal","description_typography_text_decoration":"none","description_typography_line_height":{"unit":"em","size":1.5,"sizes":[]},"description_typography_letter_spacing":{"unit":"px","size":0,"sizes":[]},"description_typography_word_spacing":{"unit":"em","size":0,"sizes":[]},"__globals__":{"title_typography_typography":"globals\/typography?id=9f4037e","description_typography_typography":"globals\/typography?id=cac005e","description_color":"globals\/colors?id=text"},"title_bottom_space_mobile":{"unit":"px","size":5,"sizes":[]}},"elements":[],"isInner":false,"widgetType":"icon-box","elType":"widget"},{"id":"15e01b77","settings":{"social_icon_list":[{"social_icon":{"value":"fab fa-facebook-f","library":"fa-brands"},"_id":"be04562"},{"social_icon":{"value":"fab fa-instagram","library":"fa-brands"},"_id":"80daab6"},{"social_icon":{"value":"fab fa-twitter","library":"fa-brands"},"_id":"8e810be"}],"icon_color":"custom","icon_size":{"unit":"px","size":20,"sizes":[]},"icon_size_mobile":{"unit":"px","size":16,"sizes":[]},"icon_padding":{"unit":"em","size":0,"sizes":[]},"icon_spacing":{"unit":"px","size":15,"sizes":[]},"__globals__":{"icon_primary_color":"globals\/colors?id=a274f70","icon_secondary_color":"globals\/colors?id=accent","hover_secondary_color":""},"icon_primary_color":"#E9612C00","icon_secondary_color":"#E9612C","icon_size_tablet":{"unit":"px","size":18,"sizes":[]},"hover_animation":"float"},"elements":[],"isInner":false,"widgetType":"social-icons","elType":"widget"}],"isInner":true,"elType":"container"}],"isInner":true,"elType":"container"}],"isInner":false,"elType":"container"},{"id":"4b7d30b2","settings":{"flex_gap":{"size":0,"column":"0","row":"0","unit":"px"},"padding":{"unit":"%","top":"2","right":"2","bottom":"2","left":"2","isLinked":false},"padding_tablet":{"unit":"%","top":"","right":"","bottom":"","left":"","isLinked":true},"padding_mobile":{"unit":"%","top":"5","right":"5","bottom":"5","left":"5","isLinked":true},"content_width":"full","background_background":"classic","margin":{"unit":"%","top":"6","right":0,"bottom":"0","left":0,"isLinked":false},"margin_tablet":{"unit":"%","top":"","right":"","bottom":"","left":"","isLinked":true},"margin_mobile":{"unit":"%","top":"20","right":0,"bottom":"0","left":0,"isLinked":false},"__globals__":{"background_color":"globals\/colors?id=d202595"},"_title":"Quotation","flex_direction":"row","flex_align_items":"stretch"},"elements":[{"id":"1c0dbea8","settings":{"_column_size":100,"width":{"size":null,"unit":"%"},"flex_gap":{"size":30,"column":"30","row":"30","unit":"px"},"background_background":"classic","border_radius":{"unit":"px","top":"33","right":"33","bottom":"33","left":"33","isLinked":true},"padding":{"unit":"%","top":"8","right":"8","bottom":"8","left":"8","isLinked":true},"padding_tablet":{"unit":"%","top":"","right":"","bottom":"","left":"","isLinked":true},"padding_mobile":{"unit":"%","top":"","right":"","bottom":"","left":"","isLinked":true},"__globals__":{"background_color":"globals\/colors?id=9182bce"},"content_width":"full"},"elements":[{"id":"1357cbdd","settings":{"title":"\u201cthere\u2019s nothing more refreshing than starting your day with a juiceito boost\u201d","align":"center"},"elements":[],"isInner":false,"widgetType":"heading","elType":"widget"},{"id":"55752917","settings":{"title":"- \u2018The Healthy People\u2019 Magazine -","header_size":"h4","align":"center","__globals__":{"typography_typography":"globals\/typography?id=e29f739"}},"elements":[],"isInner":false,"widgetType":"heading","elType":"widget"}],"isInner":true,"elType":"container"}],"isInner":false,"elType":"container"},{"id":"514e40e6","settings":{"content_width":"full","flex_gap":{"size":0,"column":"0","row":"0","unit":"px"},"structure":"40","background_background":"classic","padding":{"unit":"%","top":"3","right":"2","bottom":"3","left":"2","isLinked":false},"padding_tablet":{"unit":"%","top":"","right":"","bottom":"","left":"","isLinked":true},"padding_mobile":{"unit":"%","top":"20","right":"5","bottom":"20","left":"5","isLinked":false},"__globals__":{"background_color":"globals\/colors?id=d202595"},"_title":"Services","flex_direction":"row","flex_align_items":"stretch","flex_justify_content":"center","flex_gap_mobile":{"column":"0","row":"50","isLinked":false,"unit":"px","size":0}},"elements":[{"id":"60d2c0d7","settings":{"_column_size":25,"width":{"size":null,"unit":"%"},"width_mobile":{"size":50,"unit":"%"},"margin_mobile":{"unit":"%","top":"","right":"","bottom":"","left":"","isLinked":true},"animation":"slideInUp","content_width":"full"},"elements":[{"id":"1a9d6328","settings":{"selected_icon":{"value":{"url":"https:\/\/library.elementor.com\/juice-bar-flexbox\/wp-content\/uploads\/sites\/206\/2022\/03\/HomePage-Services-Icon_1.svg","id":1051},"library":"svg"},"title_text":"100% organic","description_text":"","title_size":"h4","primary_color":"#FCE4F7","icon_size":{"unit":"px","size":110,"sizes":[]},"text_align":"center","title_color":"#FCE4F7","__globals__":{"primary_color":"globals\/colors?id=9182bce","title_color":"globals\/colors?id=9182bce","title_typography_typography":"globals\/typography?id=777294c"},"title_bottom_space":{"unit":"px","size":0,"sizes":[]},"icon_size_tablet":{"unit":"px","size":80,"sizes":[]},"icon_size_mobile":{"unit":"px","size":60,"sizes":[]}},"elements":[],"isInner":false,"widgetType":"icon-box","elType":"widget"}],"isInner":true,"elType":"container"},{"id":"5b82439a","settings":{"_column_size":25,"width":{"size":null,"unit":"%"},"width_mobile":{"size":50,"unit":"%"},"margin_mobile":{"unit":"%","top":"","right":"","bottom":"","left":"","isLinked":true},"animation":"slideInUp","animation_delay":100,"content_width":"full"},"elements":[{"id":"3076509c","settings":{"selected_icon":{"value":{"url":"https:\/\/library.elementor.com\/juice-bar-flexbox\/wp-content\/uploads\/sites\/206\/2022\/03\/HomePage-Services-Icon_2.svg","id":1056},"library":"svg"},"title_text":"locally grown","description_text":"","title_size":"h4","primary_color":"#FCE4F7","icon_size":{"unit":"px","size":110,"sizes":[]},"text_align":"center","title_color":"#FCE4F7","__globals__":{"primary_color":"globals\/colors?id=9182bce","title_color":"globals\/colors?id=9182bce","title_typography_typography":"globals\/typography?id=777294c"},"title_bottom_space":{"unit":"px","size":0,"sizes":[]},"icon_size_tablet":{"unit":"px","size":80,"sizes":[]},"icon_size_mobile":{"unit":"px","size":60,"sizes":[]}},"elements":[],"isInner":false,"widgetType":"icon-box","elType":"widget"}],"isInner":true,"elType":"container"},{"id":"55f0ed","settings":{"_column_size":25,"width":{"size":null,"unit":"%"},"width_mobile":{"size":50,"unit":"%"},"margin_mobile":{"unit":"%","top":"","right":"","bottom":"","left":"","isLinked":true},"animation":"slideInUp","animation_delay":200,"content_width":"full"},"elements":[{"id":"36972272","settings":{"selected_icon":{"value":{"url":"https:\/\/library.elementor.com\/juice-bar-flexbox\/wp-content\/uploads\/sites\/206\/2022\/03\/HomePage-Services-Icon_3.svg","id":1057},"library":"svg"},"title_text":"Nutrient Dense","description_text":"","title_size":"h4","primary_color":"#FCE4F7","icon_size":{"unit":"px","size":110,"sizes":[]},"text_align":"center","title_color":"#FCE4F7","__globals__":{"primary_color":"globals\/colors?id=9182bce","title_color":"globals\/colors?id=9182bce","title_typography_typography":"globals\/typography?id=777294c"},"title_bottom_space":{"unit":"px","size":0,"sizes":[]},"icon_size_tablet":{"unit":"px","size":80,"sizes":[]},"icon_size_mobile":{"unit":"px","size":60,"sizes":[]}},"elements":[],"isInner":false,"widgetType":"icon-box","elType":"widget"}],"isInner":true,"elType":"container"},{"id":"28559a4d","settings":{"_column_size":25,"width":{"size":null,"unit":"%"},"width_mobile":{"size":50,"unit":"%"},"margin_mobile":{"unit":"%","top":"","right":"","bottom":"","left":"","isLinked":true},"animation":"slideInUp","animation_delay":300,"content_width":"full"},"elements":[{"id":"5ec581ba","settings":{"selected_icon":{"value":{"url":"https:\/\/library.elementor.com\/juice-bar-flexbox\/wp-content\/uploads\/sites\/206\/2022\/03\/HomePage-Services-Icon_4.svg","id":1058},"library":"svg"},"title_text":"pressed daily","description_text":"","title_size":"h4","primary_color":"#FCE4F7","icon_size":{"unit":"px","size":110,"sizes":[]},"text_align":"center","title_color":"#FCE4F7","__globals__":{"primary_color":"globals\/colors?id=9182bce","title_color":"globals\/colors?id=9182bce","title_typography_typography":"globals\/typography?id=777294c"},"title_bottom_space":{"unit":"px","size":0,"sizes":[]},"icon_size_tablet":{"unit":"px","size":80,"sizes":[]},"icon_size_mobile":{"unit":"px","size":60,"sizes":[]}},"elements":[],"isInner":false,"widgetType":"icon-box","elType":"widget"}],"isInner":true,"elType":"container"}],"isInner":false,"elType":"container"},{"id":"75c186da","settings":{"content_width":"full","flex_gap":{"size":0,"column":"0","row":"80","unit":"px"},"background_background":"classic","padding":{"unit":"%","top":"8","right":"2","bottom":"8","left":"2","isLinked":false},"padding_tablet":{"unit":"%","top":"","right":"","bottom":"","left":"","isLinked":true},"padding_mobile":{"unit":"%","top":"20","right":"5","bottom":"20","left":"5","isLinked":false},"__globals__":{"background_color":"globals\/colors?id=9182bce"},"_title":"Testimonials","margin_tablet":{"unit":"%","top":"","right":"","bottom":"","left":"","isLinked":true},"margin_mobile":{"unit":"%","top":"","right":"","bottom":"","left":"","isLinked":true},"margin":{"unit":"%","top":"","right":"","bottom":"","left":"","isLinked":true},"flex_direction":"column","flex_align_items":"stretch","flex_gap_tablet":{"column":"0","row":"50","isLinked":false,"unit":"px","size":0}},"elements":[{"id":"db4afb1","settings":{"title":"Feel the juicy love","align":"center"},"elements":[],"isInner":false,"widgetType":"heading","elType":"widget"},{"id":"4b912cc4","settings":{"content_width":"full","flex_gap":{"size":15,"column":"15","row":"0","unit":"%"},"structure":"30","flex_direction":"row","flex_align_items":"stretch","flex_gap_tablet":{"column":"3","row":"0","isLinked":false,"unit":"%","size":3},"flex_gap_mobile":{"column":"0","row":"50","isLinked":false,"unit":"px","size":0}},"elements":[{"id":"328f93b9","settings":{"_column_size":33,"width":{"size":null,"unit":"%"},"margin":{"unit":"%","top":"","right":"","bottom":"","left":"","isLinked":true},"margin_tablet":{"unit":"%","top":"","right":"","bottom":"","left":"","isLinked":true},"margin_mobile":{"unit":"%","top":"","right":"","bottom":"","left":"","isLinked":true},"animation":"slideInUp","content_width":"full"},"elements":[{"id":"c390c44","settings":{"star_style":"star_unicode","align":"center","icon_size":{"unit":"px","size":20,"sizes":[]},"icon_space":{"unit":"px","size":8,"sizes":[]},"__globals__":{"stars_color":"globals\/colors?id=primary"},"icon_size_mobile":{"unit":"px","size":16,"sizes":[]},"icon_space_mobile":{"unit":"px","size":5,"sizes":[]}},"elements":[],"isInner":false,"widgetType":"star-rating","elType":"widget"},{"id":"7008ad2d","settings":{"testimonial_content":"\u201cI love this place!! Their smoothies are delicious, and the team is super friendly.\u201d","testimonial_image":{"url":"","id":""},"testimonial_name":"Sianna O.","testimonial_job":"","content_content_color":"#E9612C","__globals__":{"content_content_color":"globals\/colors?id=primary","name_typography_typography":"globals\/typography?id=d10746d"}},"elements":[],"isInner":false,"widgetType":"testimonial","elType":"widget"}],"isInner":true,"elType":"container"},{"id":"3c259073","settings":{"_column_size":33,"width":{"size":null,"unit":"%"},"margin":{"unit":"%","top":"","right":"","bottom":"","left":"","isLinked":true},"margin_tablet":{"unit":"%","top":"","right":"","bottom":"","left":"","isLinked":true},"margin_mobile":{"unit":"%","top":"","right":"","bottom":"","left":"","isLinked":true},"animation":"slideInUp","animation_delay":100,"content_width":"full"},"elements":[{"id":"31587b04","settings":{"star_style":"star_unicode","align":"center","icon_size":{"unit":"px","size":20,"sizes":[]},"icon_space":{"unit":"px","size":8,"sizes":[]},"__globals__":{"stars_color":"globals\/colors?id=primary"},"icon_size_mobile":{"unit":"px","size":16,"sizes":[]},"icon_space_mobile":{"unit":"px","size":5,"sizes":[]}},"elements":[],"isInner":false,"widgetType":"star-rating","elType":"widget"},{"id":"4c52ffe6","settings":{"testimonial_content":"\u201cThere\u2019s no other way to start your day. I stop at Juiceito every morning!\u201d","testimonial_image":{"url":"","id":""},"testimonial_name":"Floyd B.","testimonial_job":"","content_content_color":"#E9612C","__globals__":{"content_content_color":"globals\/colors?id=primary","name_typography_typography":"globals\/typography?id=d10746d"}},"elements":[],"isInner":false,"widgetType":"testimonial","elType":"widget"}],"isInner":true,"elType":"container"},{"id":"3cf89348","settings":{"_column_size":33,"width":{"size":null,"unit":"%"},"margin":{"unit":"%","top":"","right":"","bottom":"","left":"","isLinked":true},"margin_tablet":{"unit":"%","top":"","right":"","bottom":"","left":"","isLinked":true},"margin_mobile":{"unit":"%","top":"","right":"","bottom":"","left":"","isLinked":true},"animation":"slideInUp","animation_delay":200,"content_width":"full"},"elements":[{"id":"64022503","settings":{"star_style":"star_unicode","align":"center","icon_size":{"unit":"px","size":20,"sizes":[]},"icon_space":{"unit":"px","size":8,"sizes":[]},"__globals__":{"stars_color":"globals\/colors?id=primary"},"icon_size_mobile":{"unit":"px","size":16,"sizes":[]},"icon_space_mobile":{"unit":"px","size":5,"sizes":[]}},"elements":[],"isInner":false,"widgetType":"star-rating","elType":"widget"},{"id":"1a055ce4","settings":{"testimonial_content":"\u201cI\u2019m a health freak and I am obsessed with Juiceito\u2019s fresh and organic juices!\u201d","testimonial_image":{"url":"","id":""},"testimonial_name":"Kelsi S.","testimonial_job":"","content_content_color":"#E9612C","__globals__":{"content_content_color":"globals\/colors?id=primary","name_typography_typography":"globals\/typography?id=d10746d"}},"elements":[],"isInner":false,"widgetType":"testimonial","elType":"widget"}],"isInner":true,"elType":"container"}],"isInner":true,"elType":"container"}],"isInner":false,"elType":"container"}],"settings":{"template":"elementor_header_footer"},"metadata":[]}