{"content":[{"id":"4fabc67e","settings":{"layout":"full_width","gap":"no","height":"min-height","custom_height":{"unit":"px","size":860,"sizes":[]},"column_position":"stretch","structure":"30","background_background":"classic","margin":{"unit":"px","top":"","right":0,"bottom":"","left":0,"isLinked":true},"_title":"CTA 03","__globals__":{"background_color":"globals\/colors?id=f3cfd47"},"margin_tablet":{"unit":"px","top":"","right":0,"bottom":"","left":0,"isLinked":true},"margin_mobile":{"unit":"px","top":"","right":0,"bottom":"","left":0,"isLinked":true},"content_position":"middle","overflow":"hidden","custom_height_tablet":{"unit":"px","size":840,"sizes":[]},"custom_height_mobile":{"unit":"px","size":800,"sizes":[]}},"elements":[{"id":"34963c67","settings":{"_column_size":33,"_inline_size":32.426,"background_background":"classic","background_image":{"id":"","url":"","alt":"","source":"library"},"background_position":"top left","background_repeat":"no-repeat","background_size":"initial","_inline_size_tablet":55,"content_position":"center","background_position_mobile":"center center","content_position_mobile":"bottom","background_size_mobile":"cover","background_bg_width":{"unit":"%","size":73,"sizes":[]},"background_bg_width_tablet":{"unit":"%","size":"","sizes":[]},"background_bg_width_mobile":{"unit":"%","size":"","sizes":[]},"animation_duration":"fast","padding":{"unit":"%","top":"0","right":"4","bottom":"0","left":"4","isLinked":false},"padding_tablet":{"unit":"%","top":"0","right":"4","bottom":"0","left":"11.5","isLinked":false},"padding_mobile":{"unit":"%","top":"0","right":"0","bottom":"0","left":"0","isLinked":false}},"elements":[{"id":"6ce25684","settings":{"image":{"url":"https:\/\/library.elementor.com\/eco-friendly-water-bottles-flexbox\/wp-content\/uploads\/sites\/165\/2022\/07\/cta_03_img3.jpg","id":1305,"alt":"","source":"library"},"align":"center","width":{"unit":"px","size":410,"sizes":[]},"width_tablet":{"unit":"px","size":260,"sizes":[]},"width_mobile":{"unit":"%","size":100,"sizes":[]},"height":{"unit":"px","size":410,"sizes":[]},"height_tablet":{"unit":"px","size":260,"sizes":[]},"height_mobile":{"unit":"px","size":302,"sizes":[]},"object-fit":"cover","_margin_tablet":{"unit":"%","top":"","right":"","bottom":"","left":"","isLinked":true},"_animation":"fadeIn","_animation_delay":400,"align_tablet":"left","align_mobile":"center"},"elements":[],"isInner":false,"widgetType":"image","elType":"widget"}],"isInner":false,"elType":"column"},{"id":"762e4862","settings":{"_column_size":33,"_inline_size":19.594,"background_background":"classic","background_image":{"id":"","url":"","alt":"","source":"library"},"background_position":"top left","background_repeat":"no-repeat","background_size":"initial","_inline_size_tablet":45,"content_position":"space-between","background_position_mobile":"center center","content_position_mobile":"bottom","background_size_mobile":"cover","background_bg_width":{"unit":"%","size":73,"sizes":[]},"background_bg_width_tablet":{"unit":"%","size":"","sizes":[]},"background_bg_width_mobile":{"unit":"%","size":"","sizes":[]},"animation_duration":"fast","align_mobile":"space-between","space_between_widgets":0,"margin_mobile":{"unit":"%","top":"6","right":"0","bottom":"0","left":"0","isLinked":false}},"elements":[{"id":"7ac601de","settings":{"image":{"url":"https:\/\/library.elementor.com\/eco-friendly-water-bottles-flexbox\/wp-content\/uploads\/sites\/165\/2022\/07\/cta_03_img1.jpg","id":1307,"alt":"","source":"library"},"align":"right","width":{"unit":"%","size":100,"sizes":[]},"width_tablet":{"unit":"px","size":260,"sizes":[]},"width_mobile":{"unit":"%","size":100,"sizes":[]},"height":{"unit":"px","size":410,"sizes":[]},"height_tablet":{"unit":"px","size":260,"sizes":[]},"height_mobile":{"unit":"px","size":220,"sizes":[]},"object-fit":"cover","_margin_tablet":{"unit":"%","top":"","right":"","bottom":"","left":"","isLinked":true},"_animation":"slideInDown","align_tablet":"center","_element_width_mobile":"initial","_element_custom_width_mobile":{"unit":"%","size":47,"sizes":[]}},"elements":[],"isInner":false,"widgetType":"image","elType":"widget"},{"id":"154dc39b","settings":{"image":{"url":"https:\/\/library.elementor.com\/eco-friendly-water-bottles-flexbox\/wp-content\/uploads\/sites\/165\/2022\/07\/cta_03_img2.jpg","id":1306,"alt":"","source":"library"},"align":"right","width":{"unit":"%","size":100,"sizes":[]},"width_tablet":{"unit":"px","size":260,"sizes":[]},"width_mobile":{"unit":"%","size":100,"sizes":[]},"height":{"unit":"px","size":410,"sizes":[]},"height_tablet":{"unit":"px","size":260,"sizes":[]},"height_mobile":{"unit":"px","size":220,"sizes":[]},"object-fit":"cover","_margin_tablet":{"unit":"%","top":"","right":"","bottom":"","left":"","isLinked":true},"_animation":"slideInUp","align_tablet":"center","_element_width_mobile":"initial","_element_custom_width_mobile":{"unit":"%","size":47,"sizes":[]}},"elements":[],"isInner":false,"widgetType":"image","elType":"widget"}],"isInner":false,"elType":"column"},{"id":"657f004","settings":{"_column_size":33,"_inline_size":47.313,"padding":{"unit":"%","top":"0","right":"28","bottom":"0","left":"14","isLinked":false},"_inline_size_tablet":100,"align_mobile":"center","padding_tablet":{"unit":"%","top":"6","right":"14","bottom":"6","left":"6","isLinked":false},"padding_mobile":{"unit":"%","top":"20","right":"6","bottom":"20","left":"6","isLinked":false},"space_between_widgets":0,"margin_mobile":{"unit":"px","top":"0","right":"0","bottom":"0","left":"0","isLinked":false},"margin_tablet":{"unit":"px","top":"-152","right":"0","bottom":"0","left":"0","isLinked":false}},"elements":[{"id":"bd4980","settings":{"title":"PLASTIC-FREe<br>Oubl\u00e9 Bottles","align_mobile":"center","_margin":{"unit":"%","top":"","right":"","bottom":"","left":"","isLinked":true},"_margin_tablet":{"unit":"%","top":"","right":"","bottom":"","left":"","isLinked":true},"_margin_mobile":{"unit":"%","top":"","right":"","bottom":"","left":"","isLinked":true},"_animation":"fadeIn","_animation_delay":400},"elements":[],"isInner":false,"widgetType":"heading","elType":"widget"},{"id":"6416ccc2","settings":{"editor":"Lorem ipsum dolor sit amet, consectetur adipiscing elit, sed do eiusmod tempor incididunt ut labore et dolore magna aliqua. Lorem ipsum dolor sit amet, consectetur adipiscing elit, sed do eiusmod tempor incididunt ut labore et dolore magna aliqua. Lorem ipsum dolor sit amet, consectetur adipiscing elit.","align_tablet":"left","align_mobile":"center","_margin":{"unit":"%","top":"6","right":"0","bottom":"6","left":"0","isLinked":false},"_margin_tablet":{"unit":"%","top":"6","right":"0","bottom":"6","left":"0","isLinked":false},"_margin_mobile":{"unit":"%","top":"8","right":"0","bottom":"8","left":"0","isLinked":false},"_animation":"fadeIn","_animation_delay":600},"elements":[],"isInner":false,"widgetType":"text-editor","elType":"widget"},{"id":"5219785","settings":{"text":"Discover","align":"left","selected_icon":{"value":"fas fa-circle","library":"fa-solid"},"icon_indent":{"unit":"px","size":10,"sizes":[]},"__globals__":{"button_text_color":"globals\/colors?id=accent","background_color":"globals\/colors?id=e361c3e","hover_color":"globals\/colors?id=text","typography_typography":"globals\/typography?id=accent"},"text_padding":{"unit":"px","top":"0","right":"0","bottom":"0","left":"0","isLinked":false},"_animation":"fadeIn","animation_duration":"slow","_animation_delay":800,"link":{"url":"","is_external":"","nofollow":"","custom_attributes":""},"align_mobile":"center","_margin_tablet":{"unit":"px","top":"0","right":"0","bottom":"0","left":"0","isLinked":false},"align_tablet":"left"},"elements":[],"isInner":false,"widgetType":"button","elType":"widget"}],"isInner":false,"elType":"column"}],"isInner":false,"elType":"section"}],"settings":{"template":"elementor_canvas"},"metadata":[]}