{"content":[{"id":"377d6121","settings":{"layout":"full_width","gap":"no","height":"min-height","custom_height":{"unit":"px","size":800,"sizes":[]},"column_position":"stretch","structure":"20","background_background":"classic","margin":{"unit":"px","top":"","right":0,"bottom":"","left":0,"isLinked":true},"_title":"Service Details 02","__globals__":{"background_color":"globals\/colors?id=f3cfd47"},"margin_tablet":{"unit":"px","top":"","right":0,"bottom":"","left":0,"isLinked":true},"margin_mobile":{"unit":"px","top":"","right":0,"bottom":"","left":0,"isLinked":true},"reverse_order_tablet":"reverse-tablet","reverse_order_mobile":"reverse-mobile","overflow":"hidden"},"elements":[{"id":"214b5c1b","settings":{"_column_size":50,"_inline_size":50.762,"content_position":"bottom","padding":{"unit":"%","top":"0","right":"16","bottom":"4","left":"14","isLinked":false},"_inline_size_tablet":50,"align_mobile":"center","padding_tablet":{"unit":"%","top":"8","right":"8","bottom":"0","left":"8","isLinked":false},"padding_mobile":{"unit":"%","top":"20","right":"6","bottom":"20","left":"6","isLinked":false}},"elements":[{"id":"65be8eae","settings":{"icon_list":[{"text":"Oubl\u00e9 aqua","selected_icon":{"value":"fas fa-square-full","library":"fa-solid"},"_id":"f2bd57d"}],"icon_align_mobile":"center","icon_size":{"unit":"px","size":10,"sizes":[]},"text_indent":{"unit":"px","size":25,"sizes":[]},"__globals__":{"text_color":"globals\/colors?id=primary","icon_typography_typography":"globals\/typography?id=primary"},"icon_align_tablet":"center","_margin_tablet":{"unit":"px","top":"0","right":"-10","bottom":"0","left":"-10","isLinked":false}},"elements":[],"isInner":false,"widgetType":"icon-list","elType":"widget"},{"id":"22d7f0d2","settings":{"layout":"full_width","gap":"no","margin":{"unit":"%","top":"6","right":0,"bottom":"12","left":0,"isLinked":false},"margin_tablet":{"unit":"%","top":"8","right":0,"bottom":"10","left":0,"isLinked":false},"margin_mobile":{"unit":"%","top":"8","right":0,"bottom":"20","left":0,"isLinked":false}},"elements":[{"id":"1024a191","settings":{"_column_size":100,"_inline_size_tablet":100,"padding":{"unit":"%","top":"","right":"","bottom":"","left":"","isLinked":true},"padding_tablet":{"unit":"%","top":"0","right":"25","bottom":"12","left":"25","isLinked":false},"padding_mobile":{"unit":"%","top":"0","right":"0","bottom":"20","left":"0","isLinked":false},"_inline_size":39.378},"elements":[{"id":"34e332e9","settings":{"title":"Colors","header_size":"h3","align_mobile":"center","_margin":{"unit":"px","top":"6","right":"0","bottom":"6","left":"0","isLinked":false},"_margin_mobile":{"unit":"px","top":"0","right":"0","bottom":"0","left":"0","isLinked":false},"__globals__":{"typography_typography":"globals\/typography?id=secondary"},"align_tablet":"center","_margin_tablet":{"unit":"px","top":"0","right":"0","bottom":"0","left":"0","isLinked":false}},"elements":[],"isInner":false,"widgetType":"heading","elType":"widget"},{"id":"53ac3fce","settings":{"gallery":[{"id":744,"url":"https:\/\/library.elementor.com\/eco-friendly-water-bottles-flexbox\/wp-content\/uploads\/sites\/165\/2022\/07\/colors1.jpg"},{"id":745,"url":"https:\/\/library.elementor.com\/eco-friendly-water-bottles-flexbox\/wp-content\/uploads\/sites\/165\/2022\/07\/colors2.jpg"},{"id":746,"url":"https:\/\/library.elementor.com\/eco-friendly-water-bottles-flexbox\/wp-content\/uploads\/sites\/165\/2022\/07\/colors3.jpg"}],"galleries":[{"gallery_title":"New Gallery","_id":"bc5d0c6"}],"gallery_layout":"justified","ideal_row_height":{"unit":"px","size":42,"sizes":[]},"ideal_row_height_tablet":{"unit":"px","size":50,"sizes":[]},"ideal_row_height_mobile":{"unit":"px","size":50,"sizes":[]},"gap":{"unit":"px","size":14,"sizes":[]},"link_to":"","aspect_ratio":"1:1","thumbnail_image_size":"thumbnail","show_all_galleries_label":"All","overlay_background":"","_padding_mobile":{"unit":"%","top":"0","right":"25","bottom":"0","left":"25","isLinked":false},"_element_custom_width_mobile":{"unit":"px","size":444,"sizes":[]},"_element_custom_width_tablet":{"unit":"px","size":444,"sizes":[]}},"elements":[],"isInner":false,"widgetType":"gallery","elType":"widget"}],"isInner":true,"elType":"column"},{"id":"3e3c46d5","settings":{"_column_size":100,"_inline_size_tablet":100,"padding":{"unit":"%","top":"","right":"","bottom":"","left":"","isLinked":true},"padding_tablet":{"unit":"%","top":"0","right":"0","bottom":"0","left":"0","isLinked":true},"padding_mobile":{"unit":"%","top":"0","right":"0","bottom":"0","left":"0","isLinked":true},"_inline_size":60.622},"elements":[{"id":"401de33c","settings":{"image":{"url":"","id":""},"title_text":"material & Size","description_text":"Nirosta metal matt<br>750\/500 Ml","image_space":{"unit":"px","size":26,"sizes":[]},"text_align":"left","text_align_mobile":"center","__globals__":{"title_typography_typography":"globals\/typography?id=secondary"},"text_align_tablet":"center"},"elements":[],"isInner":false,"widgetType":"image-box","elType":"widget"}],"isInner":false,"elType":"column"}],"isInner":true,"elType":"section"},{"id":"729654fd","settings":{"editor":"Lorem ipsum dolor sit amet, consectetur adipiscing elit, sed do eiusmod tempor incididunt ut labore et dolore magna aliqua. Lorem ipsum dolor sit amet, consectetur adipiscing elit, sed do eiusmod tempor incididunt ut labore et dolore magna aliqua. Lorem ipsum dolor sit amet, consectetur adipiscing elit.","align_tablet":"center","align_mobile":"center","_margin":{"unit":"%","top":"0","right":"32","bottom":"6","left":"0","isLinked":false},"_margin_tablet":{"unit":"%","top":"0","right":"0","bottom":"6","left":"0","isLinked":false},"_margin_mobile":{"unit":"%","top":"","right":"","bottom":"","left":"","isLinked":true}},"elements":[],"isInner":false,"widgetType":"text-editor","elType":"widget"},{"id":"1de20cd7","settings":{"text":"where to find","align":"left","selected_icon":{"value":"fas fa-circle","library":"fa-solid"},"icon_indent":{"unit":"px","size":10,"sizes":[]},"__globals__":{"button_text_color":"globals\/colors?id=accent","background_color":"globals\/colors?id=e361c3e","hover_color":"globals\/colors?id=text","typography_typography":"globals\/typography?id=accent"},"text_padding":{"unit":"px","top":"0","right":"0","bottom":"0","left":"0","isLinked":false},"_margin":{"unit":"px","top":"44","right":"0","bottom":"0","left":"0","isLinked":false},"_animation":"fadeIn","animation_duration":"slow","_animation_delay":400,"link":{"url":"","is_external":"","nofollow":"","custom_attributes":""},"align_mobile":"center","_margin_tablet":{"unit":"px","top":"0","right":"0","bottom":"0","left":"0","isLinked":false},"align_tablet":"center"},"elements":[],"isInner":false,"widgetType":"button","elType":"widget"}],"isInner":false,"elType":"column"},{"id":"430d97e4","settings":{"_column_size":50,"_inline_size":49.238,"background_background":"classic","background_image":{"id":819,"url":"https:\/\/library.elementor.com\/eco-friendly-water-bottles-flexbox\/wp-content\/uploads\/sites\/165\/2022\/07\/Service-Details-02-img.jpg","alt":"","source":"library"},"background_position":"center center","background_repeat":"no-repeat","background_size":"cover","_inline_size_tablet":50,"background_position_tablet":"top center","animation":"slideInUp","content_position":"bottom","content_position_tablet":"top","background_position_mobile":"center center"},"elements":[{"id":"1b1b900e","settings":{"title":"aqua","header_size":"h1","align_tablet":"center","_margin_tablet":{"unit":"px","top":"0","right":"0","bottom":"0","left":"0","isLinked":false},"_padding_tablet":{"unit":"%","top":"6","right":"0","bottom":"30","left":"0","isLinked":false},"_padding_mobile":{"unit":"%","top":"35","right":"0","bottom":"35","left":"0","isLinked":false},"_element_width":"initial","_element_width_tablet":"inherit","_element_custom_width":{"unit":"vw","size":12,"sizes":[]},"_element_custom_width_tablet":{"unit":"vw","size":"","sizes":[]},"_element_custom_width_mobile":{"unit":"vw","size":"","sizes":[]},"_transform_rotate_popover":"transform","_transform_rotateZ_effect":{"unit":"px","size":-90,"sizes":[]},"_transform_rotateZ_effect_tablet":{"unit":"px","size":0,"sizes":[]},"_transform_rotateZ_effect_mobile":{"unit":"px","size":0,"sizes":[]},"_transform_translate_popover":"transform","_transform_translateX_effect_tablet":{"unit":"%","size":42,"sizes":[]},"_transform_translateX_effect_mobile":{"unit":"%","size":0,"sizes":[]},"_transform_translateY_effect":{"unit":"%","size":-85,"sizes":[]},"_transform_translateY_effect_tablet":{"unit":"%","size":0,"sizes":[]},"_transform_translateY_effect_mobile":{"unit":"%","size":0,"sizes":[]},"__globals__":{"typography_typography":"globals\/typography?id=b228825"},"animation_duration":"slow","_animation_delay":700},"elements":[],"isInner":false,"widgetType":"heading","elType":"widget"}],"isInner":false,"elType":"column"}],"isInner":false,"elType":"section"}],"settings":{"template":"elementor_canvas"},"metadata":[]}